Date,Open,High,Low,Close,Volume,Dividends,Stock Splits
1973-02-21,1.1340090036392212,1.1340090036392212,1.1340090036392212,1.1340090036392212,14400,0.0,0.0
1973-02-22,1.126692771911621,1.126692771911621,1.126692771911621,1.126692771911621,1600,0.0,0.0
1973-02-23,1.0901120901107788,1.0901120901107788,1.0901120901107788,1.0901120901107788,20800,0.0,0.0
1973-02-26,1.0681631565093994,1.0681631565093994,1.0681631565093994,1.0681631565093994,4800,0.0,0.0
1973-02-27,0.8998912572860718,0.8998912572860718,0.8998912572860718,0.8998912572860718,190400,0.0,0.0
1973-02-28,0.8998912572860718,0.8998912572860718,0.8998912572860718,0.8998912572860718,140800,0.0,0.0
1973-03-01,0.9657366275787355,0.9657366275787355,0.9657366275787355,0.9657366275787354,40000,0.0,0.0
1973-03-02,1.0096338987350464,1.0096338987350464,1.0096338987350464,1.0096338987350464,44800,0.0,0.0
1973-03-05,1.0023181438446045,1.0023181438446045,1.0023181438446045,1.0023181438446045,17600,0.0,0.0
1973-03-06,1.0023181438446045,1.0023181438446045,1.0023181438446045,1.0023181438446045,0,0.0,0.0
1973-03-07,1.0315828323364258,1.0315828323364258,1.0315828323364258,1.0315828323364258,12800,0.0,0.0
1973-03-08,1.024266004562378,1.024266004562378,1.024266004562378,1.024266004562378,1600,0.0,0.0
1973-03-09,1.024266004562378,1.024266004562378,1.024266004562378,1.024266004562378,0,0.0,0.0
1973-03-12,1.0169507265090942,1.0169507265090942,1.0169507265090942,1.0169507265090942,4800,0.0,0.0
1973-03-13,0.9950010776519775,0.9950010776519775,0.9950010776519775,0.9950010776519775,3200,0.0,0.0
1973-03-14,0.9950010776519775,0.9950010776519775,0.9950010776519775,0.9950010776519775,0,0.0,0.0
1973-03-15,0.9950010776519775,0.9950010776519775,0.9950010776519775,0.9950010776519775,0,0.0,0.0
1973-03-16,0.9950010776519775,0.9950010776519775,0.9950010776519775,0.9950010776519775,3200,0.0,0.0
1973-03-19,0.9950010776519775,0.9950010776519775,0.9950010776519775,0.9950010776519775,147200,0.0,0.0
1973-03-20,1.0096338987350464,1.0096338987350464,1.0096338987350464,1.0096338987350464,14400,0.0,0.0
1973-03-21,1.0023181438446045,1.0023181438446045,1.0023181438446045,1.0023181438446045,25600,0.0,0.0
1973-03-22,0.8925747275352478,0.8925747275352478,0.8925747275352478,0.8925747275352478,665600,0.0,0.0
1973-03-23,0.8779422044754028,0.8779422044754028,0.8779422044754028,0.8779422044754028,27200,0.0,0.0
1973-03-26,0.8559941649436951,0.8559941649436951,0.8559941649436951,0.8559941649436951,14400,0.0,0.0
1973-03-27,0.8779422044754028,0.8779422044754028,0.8779422044754028,0.8779422044754028,105600,0.0,0.0
1973-03-28,0.8779422044754028,0.8779422044754028,0.8779422044754028,0.8779422044754028,27200,0.0,0.0
1973-03-29,0.8779422044754028,0.8779422044754028,0.8779422044754028,0.8779422044754028,102400,0.0,0.0
1973-03-30,0.8706265687942505,0.8706265687942505,0.8706265687942505,0.8706265687942505,8000,0.0,0.0
1973-04-02,0.7755156755447387,0.7755156755447387,0.7755156755447387,0.7755156755447388,422400,0.0,0.0
1973-04-03,0.863309919834137,0.863309919834137,0.863309919834137,0.863309919834137,200000,0.0,0.0
1973-04-04,0.8779422044754028,0.8779422044754028,0.8779422044754028,0.8779422044754028,20800,0.0,0.0
1973-04-05,0.8486776351928711,0.8486776351928711,0.8486776351928711,0.8486776351928711,6400,0.0,0.0
1973-04-06,0.8486776351928711,0.8486776351928711,0.8486776351928711,0.8486776351928711,14400,0.0,0.0
1973-04-09,0.8559941649436951,0.8559941649436951,0.8559941649436951,0.8559941649436951,3200,0.0,0.0
1973-04-10,0.8559941649436951,0.8559941649436951,0.8559941649436951,0.8559941649436951,9600,0.0,0.0
1973-04-11,0.8706265687942505,0.8706265687942505,0.8706265687942505,0.8706265687942505,41600,0.0,0.0
1973-04-12,0.8779422044754028,0.8779422044754028,0.8779422044754028,0.8779422044754028,33600,0.0,0.0
1973-04-13,0.8779422044754028,0.8779422044754028,0.8779422044754028,0.8779422044754028,6400,0.0,0.0
1973-04-16,0.8706265687942505,0.8706265687942505,0.8706265687942505,0.8706265687942505,1600,0.0,0.0
1973-04-17,0.8852588534355164,0.8852588534355164,0.8852588534355164,0.8852588534355164,8000,0.0,0.0
1973-04-18,0.8779422044754028,0.8779422044754028,0.8779422044754028,0.8779422044754028,8000,0.0,0.0
1973-04-19,0.8706265687942505,0.8706265687942505,0.8706265687942505,0.8706265687942505,12800,0.0,0.0
1973-04-23,0.9072068333625793,0.9072068333625793,0.9072068333625793,0.9072068333625793,33600,0.0,0.0
1973-04-24,0.9072068333625793,0.9072068333625793,0.9072068333625793,0.9072068333625793,51200,0.0,0.0
1973-04-25,0.9218392968177795,0.9218392968177795,0.9218392968177795,0.9218392968177795,40000,0.0,0.0
1973-04-26,0.9437883496284486,0.9437883496284486,0.9437883496284486,0.9437883496284485,30400,0.0,0.0
1973-04-27,0.9364717602729798,0.9364717602729798,0.9364717602729798,0.9364717602729797,9600,0.0,0.0
1973-04-30,0.9437883496284486,0.9437883496284486,0.9437883496284486,0.9437883496284485,16000,0.0,0.0
1973-05-01,0.9437883496284486,0.9437883496284486,0.9437883496284486,0.9437883496284485,11200,0.0,0.0
1973-05-02,0.958420693874359,0.958420693874359,0.958420693874359,0.9584206938743591,17600,0.0,0.0
1973-05-03,0.0,0.9657366275787355,0.951104254433603,0.9657366275787354,19200,0.0,0.0
1973-05-04,0.0,1.0681631565093994,0.9803689244675309,1.0681631565093994,54400,0.0,0.0
1973-05-07,0.0,1.082795089399311,1.03889799118042,1.03889799118042,44800,0.0,0.0
1973-05-08,0.0,1.03889799118042,1.0242656251074564,1.03889799118042,9600,0.0,0.0
1973-05-09,0.0,1.0388983760561261,1.024266004562378,1.024266004562378,24000,0.0,0.0
1973-05-10,0.0,1.0315828323364258,1.002318083803325,1.0315828323364258,12800,0.0,0.0
1973-05-11,0.0,1.0169505329516972,0.9950015233910603,1.0096338987350464,24000,0.0,0.0
1973-05-14,1.0096338987350464,1.0096338987350464,1.0096338987350464,1.0096338987350464,0,0.0,0.0
1973-05-15,0.0,1.0096334464409773,0.9950010776519775,0.9950010776519775,3200,0.0,0.0
1973-05-16,0.0,0.9876856207847595,0.9803689877643217,0.9876856207847595,4800,0.0,0.0
1973-05-17,0.0,0.9803690007238678,0.9657366275787355,0.9657366275787354,20800,0.0,0.0
1973-05-18,0.0,0.9511042373711954,0.9291561245918273,0.9291561245918274,19200,0.0,0.0
1973-05-21,0.0,0.9218394727003378,0.8925747275352478,0.8925747275352478,12800,0.0,0.0
1973-05-22,0.0,0.8998913603710937,0.8852589877885487,0.8925747275352478,11200,0.0,0.0
1973-05-23,0.0,0.8925745920719281,0.8852588534355164,0.8852588534355164,6400,0.0,0.0
1973-05-24,0.0,0.9218392968177795,0.8925745572362628,0.9218392968177795,11200,0.0,0.0
1973-05-25,0.0,0.958420693874359,0.9291559534978748,0.9584206938743591,12800,0.0,0.0
1973-05-29,0.0,0.9730530381202698,0.9730530381202698,0.9730530381202698,1600,0.0,0.0
1973-05-30,0.0,0.9657364324239798,0.958420693874359,0.9584206938743591,11200,0.0,0.0
1973-05-31,0.0,0.9584206864301451,0.8779422044754028,0.8779422044754028,19200,0.0,0.0
1973-06-01,0.0,0.870626641268308,0.8486776351928711,0.8486776351928711,16000,0.0,0.0
1973-06-04,0.0,0.8779422044754028,0.8633098344008129,0.8779422044754028,4800,0.0,0.0
1973-06-05,0.0,0.8925747275352478,0.8559942426234586,0.8925747275352478,12800,0.0,0.0
1973-06-06,0.0,0.8852588534355164,0.8852588534355164,0.8852588534355164,1600,0.0,0.0
1973-06-07,0.0,0.8779422044754028,0.8779422044754028,0.8779422044754028,1600,0.0,0.0
1973-06-08,0.8779422044754028,0.8779422044754028,0.8779422044754028,0.8779422044754028,0,0.0,0.0
1973-06-11,0.0,0.8779423081509589,0.8706265687942505,0.8706265687942505,6400,0.0,0.0
1973-06-12,0.0,0.8706265521399843,0.863309919834137,0.863309919834137,9600,0.0,0.0
1973-06-13,0.0,0.8779422044754028,0.8779422044754028,0.8779422044754028,1600,0.0,0.0
1973-06-14,0.0,0.8998912572860718,0.8925746252883662,0.8998912572860718,3200,0.0,0.0
1973-06-15,0.0,0.8852588534355164,0.8852588534355164,0.8852588534355164,1600,0.0,0.0
1973-06-18,0.0,0.877942275281192,0.8559941649436951,0.8559941649436951,8000,0.0,0.0
1973-06-19,0.8559941649436951,0.8559941649436951,0.8559941649436951,0.8559941649436951,0,0.0,0.0
1973-06-20,0.0,0.8779422044754028,0.8633098344008129,0.8779422044754028,3200,0.0,0.0
1973-06-21,0.8779422044754028,0.8779422044754028,0.8779422044754028,0.8779422044754028,0,0.0,0.0
1973-06-22,0.0,0.8779423081509589,0.8706265687942505,0.8706265687942505,6400,0.0,0.0
1973-06-25,0.0,0.8779422044754028,0.8633098344008129,0.8779422044754028,38400,0.0,0.0
1973-06-26,0.0,0.8706265521399843,0.863309919834137,0.863309919834137,14400,0.0,0.0
1973-06-27,0.0,0.8779422044754028,0.8633098344008129,0.8779422044754028,11200,0.0,0.0
1973-06-28,0.0,0.8779422044754028,0.8779422044754028,0.8779422044754028,8000,0.0,0.0
1973-06-29,0.8779422044754028,0.8779422044754028,0.8779422044754028,0.8779422044754028,0,0.0,0.0
1973-07-02,0.0,0.8852588534355164,0.8852588534355164,0.8852588534355164,1600,0.0,0.0
1973-07-03,0.0,0.8779422044754028,0.8779422044754028,0.8779422044754028,8000,0.0,0.0
1973-07-05,0.0,0.8779422044754028,0.8706264659826047,0.8779422044754028,4800,0.0,0.0
1973-07-06,0.0,0.8779422044754028,0.8706264659826047,0.8779422044754028,14400,0.0,0.0
1973-07-09,0.0,0.8779422044754028,0.8779422044754028,0.8779422044754028,1600,0.0,0.0
1973-07-10,0.0,0.8779422044754028,0.8779422044754028,0.8779422044754028,6400,0.0,0.0
1973-07-11,0.0,0.8852588534355164,0.8852588534355164,0.8852588534355164,1600,0.0,0.0
1973-07-12,0.0,0.877942275281192,0.8559941649436951,0.8559941649436951,36800,0.0,0.0
1973-07-13,0.0,0.8706265687942505,0.8633099363484429,0.8706265687942505,6400,0.0,0.0
1973-07-16,0.8706265687942505,0.8706265687942505,0.8706265687942505,0.8706265687942505,0,0.0,0.0
1973-07-17,0.0,0.8925745745499929,0.8779422044754028,0.8779422044754028,22400,0.0,0.0
1973-07-18,0.8779422044754028,0.8779422044754028,0.8779422044754028,0.8779422044754028,0,0.0,0.0
1973-07-19,0.0,1.0169507265090942,0.8779426877390084,1.0169507265090942,41600,0.0,0.0
1973-07-20,0.0,1.0242658858692435,0.9730530381202698,0.9730530381202698,20800,0.0,0.0
1973-07-23,0.0,1.0535309314727783,1.0023180688485809,1.0535309314727783,46400,0.0,0.0
1973-07-24,0.0,1.0535304367895861,1.031582332567545,1.0462146997451782,27200,0.0,0.0
1973-07-25,0.0,1.0535309314727783,1.0535309314727783,1.0535309314727783,6400,0.0,0.0
1973-07-26,0.0,1.0681627233263473,1.03889799118042,1.03889799118042,35200,0.0,0.0
1973-07-27,0.0,1.0754797890574443,1.0388984124954432,1.0681631565093994,89600,0.0,0.0
1973-07-30,0.0,1.0681633055210114,1.0535309314727783,1.0535309314727783,19200,0.0,0.0
1973-07-31,0.0,1.0535303572533836,1.03889799118042,1.03889799118042,17600,0.0,0.0
1973-08-01,1.03889799118042,1.03889799118042,1.03889799118042,1.03889799118042,0,0.0,0.0
1973-08-02,0.0,1.024266004562378,1.024266004562378,1.024266004562378,4800,0.0,0.0
1973-08-03,0.0,1.024266004562378,1.024266004562378,1.024266004562378,3200,0.0,0.0
1973-08-06,0.0,1.046215206602976,1.0315828323364258,1.0315828323364258,12800,0.0,0.0
1973-08-07,0.0,1.046215206602976,1.0315828323364258,1.0315828323364258,4800,0.0,0.0
1973-08-08,0.0,1.024266004562378,1.024266004562378,1.024266004562378,4800,0.0,0.0
1973-08-09,0.0,1.0462146997451782,1.038898069611953,1.0462146997451782,14400,0.0,0.0
1973-08-10,0.0,1.1047444343566895,1.0462149515586936,1.1047444343566895,121600,0.0,0.0
1973-08-13,0.0,1.1047443662504381,1.0754796266555786,1.0754796266555786,9600,0.0,0.0
1973-08-14,0.0,1.0754797890574443,1.0681631565093994,1.0681631565093994,6400,0.0,0.0
1973-08-15,0.0,1.0608470669228114,1.038898069611953,1.0462146997451782,22400,0.0,0.0
1973-08-16,0.0,1.046214814957934,0.9950010776519775,0.9950010776519775,33600,0.0,0.0
1973-08-17,0.0,1.002317708590935,0.9950010776519775,0.9950010776519775,12800,0.0,0.0
1973-08-20,0.0,0.9950013445384467,0.980368971824646,0.980368971824646,4800,0.0,0.0
1973-08-21,0.0,0.980368971824646,0.980368971824646,0.980368971824646,3200,0.0,0.0
1973-08-22,0.0,0.9657366275787355,0.9584208875507598,0.9657366275787354,8000,0.0,0.0
1973-08-23,0.0,0.9803690007238678,0.951104254433603,0.9657366275787354,131200,0.0,0.0
1973-08-24,0.0,0.9950010776519775,0.9950010776519775,0.9950010776519775,16000,0.0,0.0
1973-08-27,0.0,0.9803689076350286,0.9511041641235353,0.9511041641235352,17600,0.0,0.0
1973-08-28,0.0,0.9657365358792819,0.9511041641235353,0.9511041641235352,6400,0.0,0.0
1973-08-29,0.0,0.9730530381202698,0.9657364066767152,0.9730530381202698,4800,0.0,0.0
1973-08-30,0.0,1.0681631565093994,0.9876855570155758,1.0681631565093994,67200,0.0,0.0
1973-08-31,0.0,1.1413248777389526,1.0535306563744178,1.1413248777389526,190400,0.0,0.0
1973-09-04,0.0,1.1998541831970215,1.1413247108459472,1.1705894470214844,73600,0.0,0.0
1973-09-05,0.0,1.1852219447712717,1.1486414670944214,1.1486414670944214,11200,0.0,0.0
1973-09-06,0.0,1.1413248777389526,1.1413248777389526,1.1413248777389526,4800,0.0,0.0
1973-09-07,0.0,1.1340092197124612,1.0974278450012207,1.0974278450012207,11200,0.0,0.0
1973-09-10,0.0,1.112060200148123,1.0901120901107788,1.0901120901107788,52800,0.0,0.0
1973-09-11,0.0,1.0901120901107788,1.0901120901107788,1.0901120901107788,3200,0.0,0.0
1973-09-12,0.0,1.0827955285163775,1.0681631565093994,1.0681631565093994,30400,0.0,0.0
1973-09-13,0.0,1.1266925601582778,1.060847337602641,1.1120601892471313,25600,0.0,0.0
1973-09-14,0.0,1.1925384998321533,1.1266923939037135,1.1925384998321533,139200,0.0,0.0
1973-09-17,0.0,1.1998544931411743,1.1852221212735992,1.1998544931411743,323200,0.0,0.0
1973-09-18,0.0,1.229119062423706,1.2144866926329476,1.229119062423706,24000,0.0,0.0
1973-09-19,0.0,1.258383907748867,1.207171055722218,1.2218034267425537,60800,0.0,0.0
1973-09-20,0.0,1.2218031818731108,1.1705894470214844,1.1705894470214844,30400,0.0,0.0
1973-09-21,0.0,1.2510684728622437,1.192538974554987,1.2510684728622437,126400,0.0,0.0
1973-09-24,0.0,1.258383802005223,1.229119062423706,1.229119062423706,126400,0.0,0.0
1973-09-25,0.0,1.2218032298440953,1.1998542303062347,1.2144865989685059,16000,0.0,0.0
1973-09-26,0.0,1.2803326062664078,1.2144865057934289,1.2730159759521484,97600,0.0,0.0
1973-09-27,0.0,1.3608100448574896,1.2730158484150709,1.3388619422912598,113600,0.0,0.0
1973-09-28,0.0,1.426656526819963,1.3095975663871042,1.419339895248413,113600,0.0,0.0
1973-10-01,0.0,1.4559208776230737,1.4193395157249606,1.433971881866455,99200,0.0,0.0
1973-10-02,0.0,1.5949288016167755,1.4120245690769095,1.5656640529632568,436800,0.0,0.0
1973-10-03,0.0,1.5583480225235238,1.5144509077072146,1.5144509077072144,132800,0.0,0.0
1973-10-04,0.0,1.529083229257166,1.485186115877856,1.4925018548965454,64000,0.0,0.0
1973-10-05,0.0,1.5363988713007668,1.485186022135242,1.5290831327438354,86400,0.0,0.0
1973-10-08,0.0,1.5802958011627197,1.5290829578546739,1.5802958011627197,68800,0.0,0.0
1973-10-09,0.0,1.580296287820572,1.4778696765729424,1.4998186826705933,104000,0.0,0.0
1973-10-10,0.0,1.5071337125739273,1.433971881866455,1.433971881866455,78400,0.0,0.0
1973-10-11,0.0,1.521766570007917,1.4339723448151525,1.507134199142456,68800,0.0,0.0
1973-10-12,0.0,1.5071339929562868,1.4705535173416138,1.4705535173416138,38400,0.0,0.0
1973-10-15,0.0,1.4851856099060625,1.433971881866455,1.433971881866455,20800,0.0,0.0
1973-10-16,0.0,1.4632371940998115,1.404707706335819,1.4486048221588135,73600,0.0,0.0
1973-10-17,0.0,1.463237005410735,1.419339895248413,1.419339895248413,36800,0.0,0.0
1973-10-18,0.0,1.4412889065696803,1.3973917961120605,1.3973917961120605,32000,0.0,0.0
1973-10-19,0.0,1.433971881866455,1.4047071495834662,1.433971881866455,44800,0.0,0.0
1973-10-22,0.0,1.4559214546738664,1.4339724502178153,1.4486048221588135,67200,0.0,0.0
1973-10-23,0.0,1.4339722653025204,1.3900751551401984,1.419339895248413,43200,0.0,0.0
1973-10-24,0.0,1.4632372856140137,1.4266568000182451,1.4632372856140137,44800,0.0,0.0
1973-10-25,0.0,1.4925018548965454,1.4705537447514194,1.4925018548965454,9600,0.0,0.0
1973-10-26,0.0,1.5656634644763199,1.4851858824729305,1.5437153577804565,57600,0.0,0.0
1973-10-29,0.0,1.5510313394022923,1.4778694837701087,1.4925018548965454,30400,0.0,0.0
1973-10-30,0.0,1.5290827083305458,1.433971881866455,1.433971881866455,30400,0.0,0.0
1973-10-31,0.0,1.4486042480079495,1.433971881866455,1.433971881866455,12800,0.0,0.0
1973-11-01,0.0,1.4339724133412042,1.404707670211792,1.404707670211792,19200,0.0,0.0
1973-11-02,0.0,1.4266568422317505,1.404707835753507,1.4266568422317505,6400,0.0,0.0
1973-11-05,0.0,1.419340191389385,1.390075445175171,1.390075445175171,43200,0.0,0.0
1973-11-06,0.0,1.41934008099312,1.207171133987157,1.2583839893341064,99200,0.0,0.0
1973-11-07,0.0,1.3022810220718384,1.2730162800028082,1.3022810220718384,25600,0.0,0.0
1973-11-08,0.0,1.382759374650669,1.3095975266027227,1.3754427433013916,35200,0.0,0.0
1973-11-09,0.0,1.3754427951315176,1.3461780548095703,1.3461780548095703,27200,0.0,0.0
1973-11-12,0.0,1.3388622477714105,1.3169132471084595,1.3169132471084595,44800,0.0,0.0
1973-11-13,0.0,1.3242298783590942,1.3169132471084595,1.3169132471084595,16000,0.0,0.0
1973-11-14,0.0,1.3169134322896325,1.2657005786895752,1.2657005786895752,177600,0.0,0.0
1973-11-15,0.0,1.2730159759521484,1.2437512408727887,1.2730159759521484,24000,0.0,0.0
1973-11-16,0.0,1.3169132471084595,1.287648508283827,1.3169132471084595,17600,0.0,0.0
1973-11-19,0.0,1.3022810962142015,1.1998544931411743,1.1998544931411743,91200,0.0,0.0
1973-11-20,0.0,1.1852218395547023,1.1559571027755737,1.1559571027755737,70400,0.0,0.0
1973-11-21,0.0,1.1998544931411743,1.1413250056708732,1.1998544931411743,51200,0.0,0.0
1973-11-23,0.0,1.214486771159702,1.1852220296859741,1.1852220296859741,70400,0.0,0.0
1973-11-26,0.0,1.1852222979068756,1.0535309314727783,1.0535309314727783,27200,0.0,0.0
1973-11-27,0.0,1.0681633055210114,1.031582816945047,1.0535309314727783,48000,0.0,0.0
1973-11-28,0.0,1.0681631565093994,1.0535307845024213,1.0681631565093994,36800,0.0,0.0
1973-11-29,0.0,1.1340091921583735,1.068163076513692,1.1120601892471313,68800,0.0,0.0
1973-11-30,0.0,1.104744687186212,1.0535309314727783,1.0535309314727783,38400,0.0,0.0
1973-12-03,0.0,1.0462146997451782,1.038898069611953,1.0462146997451782,6400,0.0,0.0
1973-12-04,0.0,1.0315824461689345,0.9218392337069792,0.9950010776519775,156800,0.0,0.0
1973-12-05,0.0,0.9950013738690001,0.9657366275787355,0.9657366275787354,11200,0.0,0.0
1973-12-06,0.0,0.9876856207847595,0.951104241860909,0.9876856207847595,40000,0.0,0.0
1973-12-07,0.0,0.9950010776519775,0.9730529710129356,0.9950010776519775,30400,0.0,0.0
1973-12-10,0.0,0.9950010776519775,0.9803687088629779,0.9950010776519775,22400,0.0,0.0
1973-12-11,0.0,0.9950010430428289,0.9072068333625793,0.9072068333625793,44800,0.0,0.0
1973-12-12,0.0,0.8779421235833849,0.8194126486778258,0.8194126486778259,27200,0.0,0.0
1973-12-13,0.0,0.8194126915939239,0.7901479526084266,0.8120969533920288,56000,0.0,0.0
1973-12-14,0.0,0.8047803044319152,0.7023537202314897,0.8047803044319153,395200,0.0,0.0
1973-12-17,0.0,0.8120969355621293,0.8047803044319152,0.8047803044319153,62400,0.0,0.0
1973-12-18,0.0,0.8047803044319152,0.7901479352604258,0.8047803044319153,48000,0.0,0.0
1973-12-19,0.0,0.8047804077310641,0.7755156656317527,0.7974646687507629,43200,0.0,0.0
1973-12-20,0.0,0.8998912572860718,0.7901480289437995,0.8998912572860718,228800,0.0,0.0
1973-12-21,0.0,1.082795490537371,0.899891293410058,1.024266004562378,80000,0.0,0.0
1973-12-24,0.0,1.0096338848714854,0.9730533935584745,1.0023181438446045,27200,0.0,0.0
1973-12-26,0.0,1.0608471632003784,1.0169500576835813,1.0608471632003784,28800,0.0,0.0
1973-12-27,0.0,1.1559575041522838,1.0681632633305913,1.1193770170211792,25600,0.0,0.0
1973-12-28,0.0,1.1413248777389526,1.104744398714898,1.1413248777389526,20800,0.0,0.0
1973-12-31,0.0,1.1705898928951908,1.126692771911621,1.126692771911621,22400,0.0,0.0
1974-01-02,0.0,1.112060006425526,0.9950010583807337,1.0608471632003784,70400,0.0,0.0
1974-01-03,0.0,1.0901119002115764,1.0535305324031299,1.0608471632003784,41600,0.0,0.0
1974-01-04,0.0,1.0827957754549773,1.0096338987350464,1.0096338987350464,17600,0.0,0.0
1974-01-07,0.0,1.0535309471916263,0.995001450125425,1.0315828323364258,35200,0.0,0.0
1974-01-08,0.0,1.0388981840189766,0.9950010776519775,0.9950010776519775,32000,0.0,0.0
1974-01-09,0.0,1.024266004562378,1.0096336330686297,1.024266004562378,3200,0.0,0.0
1974-01-10,0.0,1.0096337172522474,0.980368971824646,0.980368971824646,20800,0.0,0.0
1974-01-11,0.0,1.0096337470141326,0.9657366275787355,0.9657366275787354,46400,0.0,0.0
1974-01-14,0.0,1.0169507265090942,0.9803693346418928,1.0169507265090942,16000,0.0,0.0
1974-01-15,0.0,1.0827956795692444,1.031582816945047,1.0535309314727783,25600,0.0,0.0
1974-01-16,0.0,1.0681633055210114,1.0535309314727783,1.0535309314727783,9600,0.0,0.0
1974-01-17,0.0,1.082795269414328,1.0535305324031299,1.0608471632003784,22400,0.0,0.0
1974-01-18,0.0,1.0974279005233556,1.0462150450434882,1.0681631565093994,22400,0.0,0.0
1974-01-21,0.0,1.0535307475498745,1.024266004562378,1.024266004562378,20800,0.0,0.0
1974-01-22,0.0,1.0681631565093994,1.03158267303651,1.0681631565093994,22400,0.0,0.0
1974-01-23,0.0,1.0535309314727783,1.0535309314727783,1.0535309314727783,4800,0.0,0.0
1974-01-24,0.0,1.1340094052868224,1.0681632772668617,1.126692771911621,19200,0.0,0.0
1974-01-25,0.0,1.1705895750827375,1.1413248357056691,1.1486414670944214,32000,0.0,0.0
1974-01-28,0.0,1.1486417789480123,1.126692771911621,1.126692771911621,9600,0.0,0.0
1974-01-29,0.0,1.1120602162679036,1.0974278450012207,1.0974278450012207,8000,0.0,0.0
1974-01-30,0.0,1.0974278450012207,1.0462149921123636,1.0974278450012207,33600,0.0,0.0
1974-01-31,0.0,1.1047444343566895,1.1047444343566895,1.1047444343566895,1600,0.0,0.0
1974-02-01,0.0,1.1413248441995243,1.0754796266555786,1.0754796266555786,28800,0.0,0.0
1974-02-04,0.0,1.0608476589836557,1.0096338987350464,1.0096338987350464,17600,0.0,0.0
1974-02-05,0.0,1.0315824461689345,0.9950010776519775,0.9950010776519775,16000,0.0,0.0
1974-02-06,0.9950010776519775,0.9950010776519775,0.9950010776519775,0.9950010776519775,0,0.0,0.0
1974-02-07,0.0,1.0388983760561261,1.0023178938662958,1.024266004562378,17600,0.0,0.0
1974-02-08,0.0,1.0535309314727783,1.031582816945047,1.0535309314727783,17600,0.0,0.0
1974-02-11,1.0535309314727783,1.0535309314727783,1.0535309314727783,1.0535309314727783,0,0.0,0.0
1974-02-12,0.0,1.0535309314727783,1.0535309314727783,1.0535309314727783,16000,0.0,0.0
1974-02-13,0.0,1.0827953815460205,1.031582533017393,1.0827953815460205,38400,0.0,0.0
1974-02-14,1.0827953815460205,1.0827953815460205,1.0827953815460205,1.0827953815460205,0,0.0,0.0
1974-02-15,0.0,1.0681629009087288,1.0462147946947793,1.0608471632003784,14400,0.0,0.0
1974-02-19,0.0,1.0608471632003784,1.0608471632003784,1.0608471632003784,1600,0.0,0.0
1974-02-20,0.0,1.0608471632003784,1.0608471632003784,1.0608471632003784,3200,0.0,0.0
1974-02-21,0.0,1.0974278450012207,1.0681631024678548,1.0974278450012207,11200,0.0,0.0
1974-02-22,0.0,1.1120601892471313,1.0827954474248385,1.1120601892471313,24000,0.0,0.0
1974-02-25,1.1120601892471313,1.1120601892471313,1.1120601892471313,1.1120601892471313,0,0.0,0.0
1974-02-26,0.0,1.2437514322144645,1.104744365746748,1.229119062423706,73600,0.0,0.0
1974-02-27,0.0,1.2876486497895383,1.2144867946878601,1.2218034267425537,124800,0.0,0.0
1974-02-28,0.0,1.2437514066696167,1.214486667689155,1.2437514066696167,16000,0.0,0.0
1974-03-01,0.0,1.2291191657081957,1.2144867946878601,1.2218034267425537,12800,0.0,0.0
1974-03-04,0.0,1.2071708685841496,1.1705895001597024,1.1925384998321533,48000,0.0,0.0
1974-03-05,0.0,1.2876486893498629,1.1998544605305541,1.2657005786895752,65600,0.0,0.0
1974-03-06,0.0,1.3022810491648589,1.265700567362067,1.2876486778259277,56000,0.0,0.0
1974-03-07,0.0,1.2803326542241849,1.1705894470214844,1.1705894470214844,68800,0.0,0.0
1974-03-08,0.0,1.2437514322144645,1.1705895832606725,1.229119062423706,75200,0.0,0.0
1974-03-11,0.0,1.2730161284664978,1.2291190205883427,1.2364356517791748,32000,0.0,0.0
1974-03-12,0.0,1.229119062423706,1.2071709542820568,1.229119062423706,25600,0.0,0.0
1974-03-13,0.0,1.2144867016928185,1.2071709632873535,1.2071709632873535,6400,0.0,0.0
1974-03-14,0.0,1.2071709632873535,1.1705895919930782,1.2071709632873535,121600,0.0,0.0
1974-03-15,0.0,1.192538645332812,1.1779062747955322,1.1779062747955322,54400,0.0,0.0
1974-03-18,0.0,1.2071708685841496,1.1925384998321533,1.1925384998321533,40000,0.0,0.0
1974-03-19,0.0,1.2071709632873535,1.1779062234875264,1.2071709632873535,14400,0.0,0.0
1974-03-20,0.0,1.236435651779175,1.2144866512956243,1.2364356517791748,11200,0.0,0.0
1974-03-21,0.0,1.229118967630777,1.2144865989685059,1.2144865989685059,11200,0.0,0.0
1974-03-22,0.0,1.199854237663695,1.177906131080157,1.1925384998321533,16000,0.0,0.0
1974-03-25,0.0,1.1852220296859741,1.1852220296859741,1.1852220296859741,6400,0.0,0.0
1974-03-26,0.0,1.185222013519661,1.1779062747955322,1.1779062747955322,6400,0.0,0.0
1974-03-27,0.0,1.1705894470214844,1.1705894470214844,1.1705894470214844,3200,0.0,0.0
1974-03-28,0.0,1.1413249310694242,1.1120601892471313,1.1120601892471313,33600,0.0,0.0
1974-03-29,0.0,1.1266925601582778,1.1120601892471313,1.1120601892471313,14400,0.0,0.0
1974-04-01,0.0,1.11937683221994,1.0901120901107788,1.0901120901107788,25600,0.0,0.0
1974-04-02,0.0,1.0901120901107788,1.0681630869843812,1.0901120901107788,36800,0.0,0.0
1974-04-03,0.0,1.0827953815460205,1.0827953815460205,1.0827953815460205,1600,0.0,0.0
1974-04-04,0.0,1.0974278450012207,1.0974278450012207,1.0974278450012207,19200,0.0,0.0
1974-04-05,0.0,1.1193770170211792,1.1193770170211792,1.1193770170211792,4800,0.0,0.0
1974-04-08,0.0,1.1047444343566895,1.1047444343566895,1.1047444343566895,8000,0.0,0.0
1974-04-09,1.1047444343566895,1.1047444343566895,1.1047444343566895,1.1047444343566895,0,0.0,0.0
1974-04-10,0.0,1.104744383121854,1.0827953815460205,1.0827953815460205,9600,0.0,0.0
1974-04-11,1.0827953815460205,1.0827953815460205,1.0827953815460205,1.0827953815460205,0,0.0,0.0
1974-04-15,0.0,1.0827955285163775,1.0681631565093994,1.0681631565093994,4800,0.0,0.0
1974-04-16,0.0,1.0901120131009618,1.0681630115251284,1.0827953815460205,9600,0.0,0.0
1974-04-17,0.0,1.1193768050561885,1.0901120636571906,1.1047444343566895,9600,0.0,0.0
1974-04-18,0.0,1.126692771911621,1.1120603982504311,1.126692771911621,8000,0.0,0.0
1974-04-19,0.0,1.1120602162679036,1.0974278450012207,1.0974278450012207,3200,0.0,0.0
1974-04-22,0.0,1.1413248777389526,1.075479658260053,1.1413248777389526,20800,0.0,0.0
1974-04-23,0.0,1.126692491608697,1.0827953815460205,1.0827953815460205,11200,0.0,0.0
1974-04-24,0.0,1.0681631565093994,1.0535307845024213,1.0681631565093994,20800,0.0,0.0
1974-04-25,0.0,1.0681627233263473,1.03889799118042,1.03889799118042,14400,0.0,0.0
1974-04-26,0.0,1.0535309471916263,1.0315828323364258,1.0315828323364258,9600,0.0,0.0
1974-04-29,0.0,1.0681631565093994,1.0462150450434882,1.0681631565093994,38400,0.0,0.0
1974-04-30,0.0,1.119376821247227,1.0827954474248385,1.1120601892471313,17600,0.0,0.0
1974-05-01,0.0,1.2583842136060164,1.1266928424146891,1.2510684728622437,33600,0.0,0.0
1974-05-02,0.0,1.2510679671686376,1.2144865989685059,1.2144865989685059,24000,0.0,0.0
1974-05-03,0.0,1.2144867016928185,1.1998543317929051,1.2071709632873535,16000,0.0,0.0
1974-05-06,0.0,1.2144865989685059,1.2071708611818242,1.2144865989685059,12800,0.0,0.0
1974-05-07,0.0,1.2730163613031076,1.229119245396104,1.2583839893341064,33600,0.0,0.0
1974-05-08,0.0,1.2583837761598473,1.2437514066696167,1.2437514066696167,8000,0.0,0.0
1974-05-09,0.0,1.273016317879978,1.2364358357498055,1.2657005786895752,40000,0.0,0.0
1974-05-10,0.0,1.2583837761598473,1.2437514066696167,1.2437514066696167,28800,0.0,0.0
1974-05-13,0.0,1.2657004334450903,1.229119062423706,1.229119062423706,30400,0.0,0.0
1974-05-14,0.0,1.2218032298440953,1.2144865989685059,1.2144865989685059,11200,0.0,0.0
1974-05-15,0.0,1.2437514066696167,1.2218032989787495,1.2437514066696167,8000,0.0,0.0
1974-05-16,0.0,1.2876486893498629,1.2657005786895752,1.2657005786895752,32000,0.0,0.0
1974-05-17,0.0,1.2876483022990017,1.2583835681558426,1.2803325653076172,17600,0.0,0.0
1974-05-20,0.0,1.3095972994507765,1.2657001982360376,1.2803325653076172,43200,0.0,0.0
1974-05-21,0.0,1.2876483022990017,1.2730159352274222,1.2803325653076172,33600,0.0,0.0
1974-05-22,0.0,1.309597654133622,1.294965283099107,1.3022810220718384,14400,0.0,0.0
1974-05-23,0.0,1.287648677825928,1.287648677825928,1.2876486778259277,25600,0.0,0.0
1974-05-24,0.0,1.3022805265332147,1.2949647903442383,1.2949647903442383,14400,0.0,0.0
1974-05-28,0.0,1.3169133931063535,1.2730162800028082,1.3022810220718384,30400,0.0,0.0
1974-05-29,0.0,1.3242300527177908,1.287648677825928,1.2876486778259277,25600,0.0,0.0
1974-05-30,0.0,1.287648677825928,1.2803329387009978,1.2876486778259277,12800,0.0,0.0
1974-05-31,0.0,1.287648677825928,1.287648677825928,1.2876486778259277,3200,0.0,0.0
1974-06-03,1.287648677825928,1.287648677825928,1.287648677825928,1.2876486778259277,0,0.0,0.0
1974-06-04,0.0,1.30959768137886,1.2803329387009978,1.2876486778259277,91200,0.0,0.0
1974-06-05,0.0,1.273016317879978,1.2583839464100932,1.2657005786895752,17600,0.0,0.0
1974-06-06,0.0,1.2583837591737794,1.2291190205883427,1.2364356517791748,65600,0.0,0.0
1974-06-07,0.0,1.287648515140309,1.2437514066696167,1.2437514066696167,20800,0.0,0.0
1974-06-10,0.0,1.229119236876325,1.1705897494060238,1.1998544931411743,33600,0.0,0.0
1974-06-11,0.0,1.229119071592732,1.1852219618929916,1.2071709632873535,17600,0.0,0.0
1974-06-12,0.0,1.229119062423706,1.1998543228421892,1.229119062423706,22400,0.0,0.0
1974-06-13,0.0,1.2437514322144645,1.229119062423706,1.229119062423706,62400,0.0,0.0
1974-06-14,0.0,1.229119062423706,1.221803324072815,1.229119062423706,8000,0.0,0.0
1974-06-17,0.0,1.3169132471084595,1.2437514000468783,1.3169132471084595,43200,0.0,0.0
1974-06-18,0.0,1.3315460681915283,1.3022813194400662,1.3315460681915283,27200,0.0,0.0
1974-06-19,0.0,1.3461779859330918,1.3169132471084595,1.3169132471084595,14400,0.0,0.0
1974-06-20,0.0,1.3095972994507765,1.2803325653076172,1.2803325653076172,20800,0.0,0.0
1974-06-21,0.0,1.2583839893341064,1.2583839893341064,1.2583839893341064,12800,0.0,0.0
1974-06-24,0.0,1.258383802005223,1.229119062423706,1.229119062423706,19200,0.0,0.0
1974-06-25,0.0,1.2437514066696167,1.2437514066696167,1.2437514066696167,1600,0.0,0.0
1974-06-26,0.0,1.273016317879978,1.2510682072196904,1.2657005786895752,27200,0.0,0.0
1974-06-27,0.0,1.2657005786895752,1.2291192034703238,1.2657005786895752,40000,0.0,0.0
1974-06-28,0.0,1.2510680636543319,1.229119062423706,1.229119062423706,4800,0.0,0.0
1974-07-01,0.0,1.2144868650087497,1.1998544931411743,1.1998544931411743,6400,0.0,0.0
1974-07-02,0.0,1.1852218395547023,1.1559571027755737,1.1559571027755737,11200,0.0,0.0
1974-07-03,0.0,1.1559575041522838,1.0974280102711556,1.1193770170211792,33600,0.0,0.0
1974-07-05,0.0,1.1047443662504381,1.0754796266555786,1.0754796266555786,6400,0.0,0.0
1974-07-08,0.0,1.068162921596976,0.9950010776519775,0.9950010776519775,49600,0.0,0.0
1974-07-09,0.0,1.002317708590935,0.9803687088629779,0.9950010776519775,24000,0.0,0.0
1974-07-10,0.0,0.9803688740357758,0.9364717602729798,0.9364717602729797,17600,0.0,0.0
1974-07-11,0.0,0.9511041641235353,0.9364717923677885,0.9511041641235352,16000,0.0,0.0
1974-07-12,0.0,1.0535309314727783,0.9657366871833802,1.0535309314727783,24000,0.0,0.0
1974-07-15,0.0,1.0681633055210114,1.0535309314727783,1.0535309314727783,8000,0.0,0.0
1974-07-16,0.0,1.0388988471578267,1.0169507265090942,1.0169507265090942,6400,0.0,0.0
1974-07-17,0.0,0.9950013738690001,0.9584208875507598,0.9657366275787354,16000,0.0,0.0
1974-07-18,0.0,0.9803687764748473,0.9657364066767152,0.9730530381202698,20800,0.0,0.0
1974-07-19,0.0,0.9730530381202698,0.9657364066767152,0.9730530381202698,6400,0.0,0.0
1974-07-22,0.0,0.9730532606958923,0.9657366275787355,0.9657366275787354,9600,0.0,0.0
1974-07-23,0.0,0.9730530381202698,0.9730530381202698,0.9730530381202698,6400,0.0,0.0
1974-07-24,0.0,0.980368971824646,0.9657365991108453,0.980368971824646,9600,0.0,0.0
1974-07-25,0.0,0.980368971824646,0.9584208592985224,0.980368971824646,14400,0.0,0.0
1974-07-26,0.0,0.9657365358792819,0.9511041641235353,0.9511041641235352,19200,0.0,0.0
1974-07-29,0.9511041641235353,0.9511041641235353,0.9511041641235353,0.9511041641235352,0,0.0,0.0
1974-07-30,0.0,0.9657365358792819,0.9511041641235353,0.9511041641235352,6400,0.0,0.0
1974-07-31,0.0,0.9511040363992963,0.9218392968177795,0.9218392968177795,16000,0.0,0.0
1974-08-01,0.0,0.9218392016426209,0.9072068333625793,0.9072068333625793,3200,0.0,0.0
1974-08-02,0.0,0.9364717602729798,0.9218393890187145,0.9364717602729797,27200,0.0,0.0
1974-08-05,0.0,0.9511040883791603,0.921839347198263,0.9437883496284485,16000,0.0,0.0
1974-08-06,0.0,0.9730530381202698,0.9584206683221377,0.9730530381202698,8000,0.0,0.0
1974-08-07,0.0,0.980368971824646,0.980368971824646,0.980368971824646,11200,0.0,0.0
1974-08-08,0.0,0.980368971824646,0.980368971824646,0.980368971824646,40000,0.0,0.0
1974-08-09,0.0,1.0096338987350464,0.9950015233910603,1.0096338987350464,16000,0.0,0.0
1974-08-12,0.0,1.024266004562378,1.024266004562378,1.024266004562378,1600,0.0,0.0
1974-08-13,0.0,1.0242662600145505,1.0023181438446045,1.0023181438446045,24000,0.0,0.0
1974-08-14,0.0,0.9876856047261238,0.980368971824646,0.980368971824646,3200,0.0,0.0
1974-08-15,0.0,0.9950013738690001,0.9657366275787355,0.9657366275787354,12800,0.0,0.0
1974-08-16,0.0,0.9657364324239798,0.958420693874359,0.9584206938743591,11200,0.0,0.0
1974-08-19,0.0,0.9437884974744611,0.9218394916059278,0.9291561245918274,22400,0.0,0.0
1974-08-20,0.9291561245918273,0.9291561245918273,0.9291561245918273,0.9291561245918274,0,0.0,0.0
1974-08-21,0.0,0.929155928257647,0.9218392968177795,0.9218392968177795,11200,0.0,0.0
1974-08-22,0.0,0.9218393327955979,0.8559941127118467,0.8852588534355164,36800,0.0,0.0
1974-08-23,0.8852588534355164,0.8852588534355164,0.8852588534355164,0.8852588534355164,0,0.0,0.0
1974-08-26,0.0,0.8706265687942505,0.8706265687942505,0.8706265687942505,6400,0.0,0.0
1974-08-27,0.0,0.8559942682477413,0.8486776351928711,0.8486776351928711,6400,0.0,0.0
1974-08-28,0.0,0.8413616483118662,0.8047802799514361,0.8194126486778259,17600,0.0,0.0
1974-08-29,0.0,0.8194126486778258,0.7608831737722669,0.8194126486778259,54400,0.0,0.0
1974-08-30,0.0,0.8998912572860718,0.8267294027542385,0.8998912572860718,25600,0.0,0.0
1974-09-03,0.0,0.9218393671010995,0.8998912572860718,0.8998912572860718,22400,0.0,0.0
1974-09-04,0.0,0.8852590142888748,0.8340452621723043,0.8486776351928711,25600,0.0,0.0
1974-09-05,0.0,0.8486774119463834,0.8047803044319152,0.8047803044319153,27200,0.0,0.0
1974-09-06,0.0,0.8413617610931396,0.8194127585169207,0.8413617610931396,9600,0.0,0.0
1974-09-09,0.0,0.8340450174042157,0.8194126486778258,0.8194126486778259,11200,0.0,0.0
1974-09-10,0.0,0.8340450525283813,0.8340450525283813,0.8340450525283813,3200,0.0,0.0
1974-09-11,0.0,0.8194126486778258,0.8194126486778258,0.8194126486778259,3200,0.0,0.0
1974-09-12,0.0,0.8047802691106443,0.7901479005813599,0.7901479005813599,6400,0.0,0.0
1974-09-13,0.0,0.7755156755447387,0.7755156755447387,0.7755156755447388,1600,0.0,0.0
1974-09-16,0.0,0.7535674814383303,0.6730890020411066,0.6877213716506958,32000,0.0,0.0
1974-09-17,0.0,0.6730890815908259,0.643824338912964,0.6438243389129639,72000,0.0,0.0
1974-09-18,0.0,0.6291918088420945,0.5267652353096605,0.5779789686203003,100800,0.0,0.0
1974-09-19,0.0,0.614559531211853,0.5852947916303363,0.614559531211853,38400,0.0,0.0
1974-09-20,0.0,0.643824338912964,0.6145595962351019,0.6438243389129639,12800,0.0,0.0
1974-09-23,0.0,0.6950380206108093,0.6584566491154565,0.6950380206108093,16000,0.0,0.0
1974-09-24,0.0,0.7169862066706021,0.702353835105896,0.702353835105896,14400,0.0,0.0
1974-09-25,0.0,0.7169862066706021,0.6877214635411898,0.702353835105896,32000,0.0,0.0
1974-09-26,0.0,0.687721452929757,0.643824338912964,0.6438243389129639,8000,0.0,0.0
1974-09-27,0.0,0.6291919946670532,0.6291919946670532,0.6291919946670532,3200,0.0,0.0
1974-09-30,0.6291919946670532,0.6291919946670532,0.6291919946670532,0.6291919946670532,0,0.0,0.0
1974-10-01,0.0,0.6145595405506723,0.5926114320755004,0.5926114320755005,8000,0.0,0.0
1974-10-02,0.5926114320755004,0.5926114320755004,0.5926114320755004,0.5926114320755005,0,0.0,0.0
1974-10-03,0.0,0.5852947235107422,0.5852947235107422,0.5852947235107422,6400,0.0,0.0
1974-10-04,0.0,0.5852948008356867,0.5267653207521181,0.5413976907730103,83200,0.0,0.0
1974-10-07,0.0,0.5560300946235657,0.5487143557125148,0.5560300946235657,24000,0.0,0.0
1974-10-08,0.5560300946235657,0.5560300946235657,0.5560300946235657,0.5560300946235657,0,0.0,0.0
1974-10-09,0.0,0.5560300946235657,0.5560300946235657,0.5560300946235657,1600,0.0,0.0
1974-10-10,0.0,0.5706624388694763,0.5633467003002667,0.5706624388694763,9600,0.0,0.0
1974-10-11,0.0,0.570662448916159,0.5487143397331238,0.5487143397331238,20800,0.0,0.0
1974-10-14,0.0,0.643824338912964,0.5487143717544479,0.6438243389129639,38400,0.0,0.0
1974-10-15,0.0,0.6438243666360545,0.6291919946670532,0.6291919946670532,6400,0.0,0.0
1974-10-16,0.0,0.614559531211853,0.614559531211853,0.614559531211853,1600,0.0,0.0
1974-10-17,0.0,0.5999270915985108,0.5706623554229736,0.5852947235107422,28800,0.0,0.0
1974-10-18,0.0,0.5926113540990627,0.5779789860112942,0.5852947235107422,14400,0.0,0.0
1974-10-21,0.0,0.5926114320755004,0.5852948005244498,0.5926114320755005,6400,0.0,0.0
1974-10-22,0.0,0.5852947235107422,0.5852947235107422,0.5852947235107422,14400,0.0,0.0
1974-10-23,0.0,0.5926113362677908,0.5779789686203003,0.5779789686203003,11200,0.0,0.0
1974-10-24,0.0,0.6072437763214111,0.5852947756886121,0.6072437763214111,6400,0.0,0.0
1974-10-25,0.0,0.6145595405506723,0.5926114320755004,0.5926114320755005,9600,0.0,0.0
1974-10-28,0.5926114320755004,0.5926114320755004,0.5926114320755004,0.5926114320755005,0,0.0,0.0
1974-10-29,0.0,0.6072437763214111,0.6072437763214111,0.6072437763214111,3200,0.0,0.0
1974-10-30,0.0,0.6584566235542297,0.6218761465679159,0.6584566235542297,11200,0.0,0.0
1974-10-31,0.0,0.7608833344107454,0.651140992338361,0.6804057359695435,115200,0.0,0.0
1974-11-01,0.0,0.6584567102518949,0.643824338912964,0.6438243389129639,17600,0.0,0.0
1974-11-04,0.0,0.6291918838652579,0.6072437763214111,0.6072437763214111,20800,0.0,0.0
1974-11-05,0.0,0.6145596184381625,0.5999272465705872,0.5999272465705872,4800,0.0,0.0
1974-11-06,0.0,0.6291918277740479,0.5852947235107422,0.5852947235107422,40000,0.0,0.0
1974-11-07,0.0,0.5999270915985108,0.5852947235107422,0.5852947235107422,17600,0.0,0.0
1974-11-08,0.0,0.5999272465705872,0.5999272465705872,0.5999272465705872,4800,0.0,0.0
1974-11-11,0.0,0.6291919946670532,0.6072438832581061,0.6291919946670532,11200,0.0,0.0
1974-11-12,0.0,0.6584566591349638,0.6218761801719666,0.6218761801719666,22400,0.0,0.0
1974-11-13,0.0,0.6072437039152815,0.5779789686203003,0.5779789686203003,16000,0.0,0.0
1974-11-14,0.0,0.5706625878810883,0.5267654657363892,0.5267654657363892,20800,0.0,0.0
1974-11-15,0.0,0.5267654657363892,0.5267654657363892,0.5267654657363892,4800,0.0,0.0
1974-11-18,0.0,0.5194496931967892,0.48286831378936773,0.4828683137893677,9600,0.0,0.0
1974-11-19,0.0,0.504817305675594,0.4828683000383633,0.4901849329471588,6400,0.0,0.0
1974-11-20,0.0,0.5048171697649463,0.49750053882598877,0.49750053882598877,28800,0.0,0.0
1974-11-21,0.0,0.4828682381766797,0.4682358673228409,0.475552499294281,27200,0.0,0.0
1974-11-22,0.0,0.4536034166812897,0.4536034166812897,0.4536034166812897,8000,0.0,0.0
1974-11-25,0.4536034166812897,0.4536034166812897,0.4536034166812897,0.4536034166812897,0,0.0,0.0
1974-11-26,0.0,0.4609201209271362,0.44628775119781494,0.44628775119781494,108800,0.0,0.0
1974-11-27,0.0,0.4316553518819818,0.4097063243389129,0.40970632433891296,28800,0.0,0.0
1974-11-29,0.0,0.41702298315559205,0.4097063243389129,0.40970632433891296,11200,0.0,0.0
1974-12-02,0.0,0.4316554785603424,0.4170231055397757,0.42433881759643555,25600,0.0,0.0
1974-12-03,0.0,0.4097063243389129,0.4097063243389129,0.40970632433891296,3200,0.0,0.0
1974-12-04,0.0,0.42433881759643555,0.4097064445758688,0.42433881759643555,22400,0.0,0.0
1974-12-05,0.0,0.4097063128764813,0.3804415762424469,0.3804415762424469,36800,0.0,0.0
1974-12-06,0.0,0.3804416606823603,0.351176917552948,0.351176917552948,17600,0.0,0.0
1974-12-09,0.0,0.373125970363617,0.351176937327072,0.37312597036361694,25600,0.0,0.0
1974-12-10,0.0,0.3658093214035034,0.33654457569122315,0.3658093214035034,124800,0.0,0.0
1974-12-11,0.0,0.3658093214035034,0.3658093214035034,0.3658093214035034,17600,0.0,0.0
1974-12-12,0.0,0.36580918638025645,0.3438611096508841,0.35849347710609436,17600,0.0,0.0
1974-12-13,0.0,0.351176917552948,0.351176917552948,0.351176917552948,6400,0.0,0.0
1974-12-16,0.0,0.3438611626625061,0.3365445033534795,0.3438611626625061,4800,0.0,0.0
1974-12-17,0.0,0.3438611626625061,0.3365445033534795,0.3438611626625061,16000,0.0,0.0
1974-12-18,0.0,0.35117687306450035,0.3438611626625061,0.3438611626625061,44800,0.0,0.0
1974-12-19,0.0,0.3438611892593973,0.3292288184165954,0.32922881841659546,14400,0.0,0.0
1974-12-20,0.0,0.3292288462505496,0.31459647417068487,0.3145964741706848,19200,0.0,0.0
1974-12-23,0.0,0.3219121353966849,0.29264739581516813,0.3072797656059265,112000,0.0,0.0
1974-12-24,0.0,0.31459647417068487,0.2999641020908201,0.3145964741706848,27200,0.0,0.0
1974-12-26,0.0,0.32922882957951644,0.321912169456482,0.32191216945648193,22400,0.0,0.0
1974-12-27,0.0,0.3365445137023926,0.32922880307543656,0.3365445137023926,9600,0.0,0.0
1974-12-30,0.0,0.33654450518744333,0.3072797656059265,0.3072797656059265,80000,0.0,0.0
1974-12-31,0.0,0.351176917552948,0.29996409153005266,0.351176917552948,59200,0.0,0.0
1975-01-02,0.0,0.3877583146095276,0.3511769118393591,0.3877583146095276,46400,0.0,0.0
1975-01-03,0.0,0.3950740671157837,0.3511769485473633,0.3658093214035034,24000,0.0,0.0
1975-01-06,0.0,0.351176917552948,0.351176917552948,0.351176917552948,11200,0.0,0.0
1975-01-07,0.0,0.351176917552948,0.351176917552948,0.351176917552948,12800,0.0,0.0
1975-01-08,0.0,0.35849347710609436,0.3511768189250462,0.35849347710609436,9600,0.0,0.0
1975-01-09,0.0,0.3438611626625061,0.3365445033534795,0.3438611626625061,16000,0.0,0.0
1975-01-10,0.0,0.3658093214035034,0.34386123657291134,0.3658093214035034,32000,0.0,0.0
1975-01-13,0.0,0.40239065885543823,0.3804416288890706,0.40239065885543823,35200,0.0,0.0
1975-01-14,0.0,0.42433874368609764,0.41702303290367126,0.41702303290367126,22400,0.0,0.0
1975-01-15,0.0,0.4170230291973256,0.40239065885543823,0.40239065885543823,8000,0.0,0.0
1975-01-16,0.0,0.4097063243389129,0.4023906144292023,0.40970632433891296,22400,0.0,0.0
1975-01-17,0.0,0.4097063128764813,0.3804415762424469,0.3804415762424469,33600,0.0,0.0
1975-01-20,0.0,0.3950739445594641,0.3804415762424469,0.3804415762424469,17600,0.0,0.0
1975-01-21,0.0,0.380441682104328,0.373125970363617,0.37312597036361694,6400,0.0,0.0
1975-01-22,0.0,0.3658093214035034,0.3511769485473633,0.3658093214035034,19200,0.0,0.0
1975-01-23,0.0,0.3877583146095276,0.3511769118393591,0.3877583146095276,9600,0.0,0.0
1975-01-24,0.0,0.39507395029067993,0.3804415817613955,0.39507395029067993,6400,0.0,0.0
1975-01-27,0.0,0.46092007527478024,0.40970631184116485,0.4536034166812897,33600,0.0,0.0
1975-01-28,0.0,0.49750060903051846,0.4536034964690021,0.475552499294281,40000,0.0,0.0
1975-01-29,0.0,0.5340820060663516,0.4828682592936925,0.512133002281189,25600,0.0,0.0
1975-01-30,0.0,0.5706624308147946,0.5340819523070595,0.5413976907730103,48000,0.0,0.0
1975-01-31,0.0,0.5926114320755004,0.5267653204720047,0.5926114320755005,68800,0.0,0.0
1975-02-03,0.0,0.6365084583623685,0.5852947235107422,0.5852947235107422,54400,0.0,0.0
1975-02-04,0.0,0.5487144733533569,0.5267654657363892,0.5267654657363892,60800,0.0,0.0
1975-02-05,0.0,0.5560300946235657,0.5267653528012727,0.5560300946235657,73600,0.0,0.0
1975-02-06,0.0,0.5706624308147946,0.5413976907730103,0.5413976907730103,52800,0.0,0.0
1975-02-07,0.0,0.5340820550918579,0.5340820550918579,0.5340820550918579,1600,0.0,0.0
1975-02-10,0.0,0.5267654657363892,0.5194497252568908,0.5267654657363892,9600,0.0,0.0
1975-02-11,0.0,0.5267654657363892,0.5194497252568908,0.5267654657363892,24000,0.0,0.0
1975-02-12,0.0,0.5413976907730103,0.5267653207521181,0.5413976907730103,22400,0.0,0.0
1975-02-13,0.0,0.5560300946235657,0.5487143557125148,0.5560300946235657,8000,0.0,0.0
1975-02-14,0.0,0.5633467266236614,0.5560300946235657,0.5560300946235657,22400,0.0,0.0
1975-02-18,0.0,0.5560300946235657,0.5560300946235657,0.5560300946235657,8000,0.0,0.0
1975-02-19,0.0,0.5487143397331238,0.5413977079460995,0.5487143397331238,3200,0.0,0.0
1975-02-20,0.0,0.5267652764039881,0.49750053882598877,0.49750053882598877,24000,0.0,0.0
1975-02-21,0.0,0.5194495385539459,0.48286817003698906,0.49750053882598877,129600,0.0,0.0
1975-02-24,0.49750053882598877,0.49750053882598877,0.49750053882598877,0.49750053882598877,0,0.0,0.0
1975-02-25,0.0,0.512133002281189,0.4975006307874407,0.512133002281189,8000,0.0,0.0
1975-02-26,0.0,0.5048171697649463,0.49750053882598877,0.49750053882598877,6400,0.0,0.0
1975-02-27,0.0,0.5121331073025847,0.5048173666000366,0.5048173666000366,9600,0.0,0.0
1975-02-28,0.0,0.5048173666000366,0.5048173666000366,0.5048173666000366,4800,0.0,0.0
1975-03-03,0.0,0.5852947235107422,0.51944951366022,0.5852947235107422,270400,0.0,0.0
1975-03-04,0.0,0.6511409946516524,0.5926115071813511,0.5999272465705872,118400,0.0,0.0
1975-03-05,0.0,0.6145595144730427,0.5999271450808273,0.6072437763214111,25600,0.0,0.0
1975-03-06,0.0,0.6218761801719666,0.5926114397659682,0.6218761801719666,46400,0.0,0.0
1975-03-07,0.0,0.680405713804827,0.6145595962351019,0.6438243389129639,123200,0.0,0.0
1975-03-10,0.0,0.6950380291907451,0.6657732888687979,0.6730890274047852,260800,0.0,0.0
1975-03-11,0.0,0.7608832822315285,0.6657733184971069,0.7389351725578308,275200,0.0,0.0
1975-03-12,0.0,0.7535676486357988,0.7169862699508667,0.7316186428070068,43200,0.0,0.0
1975-03-13,0.0,0.7608833155906807,0.7316185726833468,0.7535675764083862,56000,0.0,0.0
1975-03-14,0.0,0.7681997831878457,0.7389350465538113,0.7608831524848938,41600,0.0,0.0
1975-03-17,0.0,0.7974646687507628,0.7828322977011072,0.7974646687507629,30400,0.0,0.0
1975-03-18,0.0,0.8194126736034045,0.8047803044319152,0.8047803044319153,70400,0.0,0.0
1975-03-19,0.0,0.804780418018125,0.7755156755447387,0.7755156755447388,75200,0.0,0.0
1975-03-20,0.0,0.8998912787077546,0.7755156764983862,0.8559941649436951,126400,0.0,0.0
1975-03-21,0.0,0.834045042774894,0.8047803044319152,0.8047803044319153,70400,0.0,0.0
1975-03-24,0.0,0.7901477716406997,0.7169859409332275,0.7169859409332275,84800,0.0,0.0
1975-03-25,0.0,0.775515520801911,0.7169860475338422,0.7608831524848938,60800,0.0,0.0
1975-03-26,0.0,0.7901480467814319,0.7755156755447387,0.7755156755447388,17600,0.0,0.0
1975-03-27,0.0,0.7828323193157201,0.7535675764083862,0.7535675764083862,25600,0.0,0.0
1975-03-31,0.0,0.7974646729353302,0.7462509274482727,0.7462509274482727,36800,0.0,0.0
1975-04-01,0.0,0.7681998610496521,0.7681998610496521,0.7681998610496521,6400,0.0,0.0
1975-04-02,0.0,0.7755156755447387,0.7608833043080455,0.7755156755447388,28800,0.0,0.0
1975-04-03,0.0,0.7974648174930116,0.775515810280097,0.7828324437141418,24000,0.0,0.0
1975-04-04,0.0,0.7828323193157201,0.7462509441370138,0.7535675764083862,20800,0.0,0.0
1975-04-07,0.0,0.7535675764083862,0.7169862012296799,0.7535675764083862,51200,0.0,0.0
1975-04-08,0.0,0.7608833155906807,0.7535675764083862,0.7535675764083862,24000,0.0,0.0
1975-04-09,0.0,0.7608833155906807,0.7535675764083862,0.7535675764083862,11200,0.0,0.0
1975-04-10,0.0,0.7974646687507628,0.7681999266514514,0.7974646687507629,32000,0.0,0.0
1975-04-11,0.7974646687507628,0.7974646687507628,0.7974646687507628,0.7974646687507629,0,0.0,0.0
1975-04-14,0.0,0.8559941649436951,0.8194127902624457,0.8559941649436951,27200,0.0,0.0
1975-04-15,0.0,0.8925746799534748,0.8706265687942505,0.8706265687942505,80000,0.0,0.0
1975-04-16,0.0,0.8633098705803273,0.8413617610931396,0.8413617610931396,94400,0.0,0.0
1975-04-17,0.0,0.8706265361983816,0.8559941649436951,0.8559941649436951,9600,0.0,0.0
1975-04-18,0.0,0.8633099040265054,0.8486775327718189,0.8559941649436951,14400,0.0,0.0
1975-04-21,0.0,0.8779423081509589,0.8633099363484429,0.8706265687942505,44800,0.0,0.0
1975-04-22,0.0,0.9218394003088255,0.8852589182696803,0.9145236611366272,28800,0.0,0.0
1975-04-23,0.0,0.9145234640470422,0.8998910957670007,0.9072068333625793,19200,0.0,0.0
1975-04-24,0.0,0.8998913603710937,0.8852589877885487,0.8925747275352478,19200,0.0,0.0
1975-04-25,0.0,0.9145235941591862,0.8852588534355164,0.8852588534355164,28800,0.0,0.0
1975-04-28,0.0,0.8706265361983816,0.8559941649436951,0.8559941649436951,32000,0.0,0.0
1975-04-29,0.0,0.8559941649436951,0.8559941649436951,0.8559941649436951,1600,0.0,0.0
1975-04-30,0.0,0.8633100082134378,0.8486776351928711,0.8486776351928711,27200,0.0,0.0
1975-05-01,0.8486776351928711,0.8486776351928711,0.8486776351928711,0.8486776351928711,0,0.0,0.0
1975-05-02,0.0,0.8486776351928711,0.8486776351928711,0.8486776351928711,19200,0.0,0.0
1975-05-05,0.0,0.8486773861306054,0.8194126486778258,0.8194126486778259,176000,0.0,0.0
1975-05-06,0.0,0.8267292380332947,0.8194126074933846,0.8267292380332947,16000,0.0,0.0
1975-05-07,0.0,0.8267292380332947,0.8267292380332947,0.8267292380332947,28800,0.0,0.0
1975-05-08,0.0,0.8340450525283813,0.8340450525283813,0.8340450525283813,8000,0.0,0.0
1975-05-09,0.8340450525283813,0.8340450525283813,0.8340450525283813,0.8340450525283813,0,0.0,0.0
1975-05-12,0.0,0.8779422044754028,0.8486774643262228,0.8779422044754028,67200,0.0,0.0
1975-05-13,0.0,0.8779423081509589,0.8633099363484429,0.8706265687942505,40000,0.0,0.0
1975-05-14,0.0,0.8706265361983816,0.8559941649436951,0.8559941649436951,16000,0.0,0.0
1975-05-15,0.0,0.8779422044754028,0.8706264659826047,0.8779422044754028,27200,0.0,0.0
1975-05-16,0.0,0.8925747275352478,0.8925747275352478,0.8925747275352478,8000,0.0,0.0
1975-05-19,0.0,0.8852588534355164,0.8706264830736815,0.8852588534355164,8000,0.0,0.0
1975-05-20,0.0,0.8925747275352478,0.8706266152060036,0.8925747275352478,116800,0.0,0.0
1975-05-21,0.0,0.8779423081509589,0.8633099363484429,0.8706265687942505,4800,0.0,0.0
1975-05-22,0.0,0.8706265687942505,0.8633099363484429,0.8706265687942505,11200,0.0,0.0
1975-05-23,0.0,0.863309919834137,0.863309919834137,0.863309919834137,1600,0.0,0.0
1975-05-27,0.0,0.863309919834137,0.8486775483115244,0.863309919834137,19200,0.0,0.0
1975-05-28,0.0,0.8633098705803273,0.8413617610931396,0.8413617610931396,11200,0.0,0.0
1975-05-29,0.0,0.8486774998925251,0.834045129204723,0.8413617610931396,4800,0.0,0.0
1975-05-30,0.0,0.8486774998925251,0.834045129204723,0.8413617610931396,44800,0.0,0.0
1975-06-02,0.0,0.8559941317809417,0.834045129204723,0.8413617610931396,9600,0.0,0.0
1975-06-03,0.0,0.8413616060242479,0.8267292380332947,0.8267292380332947,11200,0.0,0.0
1975-06-04,0.0,0.8194127787807197,0.7974646687507628,0.7974646687507629,12800,0.0,0.0
1975-06-05,0.0,0.7974646687507628,0.7974646687507628,0.7974646687507629,19200,0.0,0.0
1975-06-06,0.0,0.8047803044319152,0.7974645663906399,0.8047803044319153,11200,0.0,0.0
1975-06-09,0.0,0.7974646687507628,0.7974646687507628,0.7974646687507629,3200,0.0,0.0
1975-06-10,0.0,0.7974648174930116,0.7828324437141418,0.7828324437141418,19200,0.0,0.0
1975-06-11,0.0,0.7901479692053112,0.7681998610496521,0.7681998610496521,11200,0.0,0.0
1975-06-12,0.0,0.7608831524848938,0.7608831524848938,0.7608831524848938,6400,0.0,0.0
1975-06-13,0.0,0.8340450525283813,0.7608832058153654,0.8340450525283813,179200,0.0,0.0
1975-06-16,0.0,0.8340450525283813,0.8194126831857781,0.8340450525283813,8000,0.0,0.0
1975-06-17,0.0,0.8267292795854765,0.8120969108590868,0.8194126486778259,9600,0.0,0.0
1975-06-18,0.0,0.8120969533920287,0.8047803221011752,0.8120969533920288,8000,0.0,0.0
1975-06-19,0.0,0.8340450525283813,0.8120969450589511,0.8340450525283813,16000,0.0,0.0
1975-06-20,0.0,0.8194126486778258,0.8194126486778258,0.8194126486778259,1600,0.0,0.0
1975-06-23,0.0,0.8706265687942505,0.8340451927434109,0.8706265687942505,48000,0.0,0.0
1975-06-24,0.0,0.9072068333625793,0.8706263592069174,0.9072068333625793,56000,0.0,0.0
1975-06-25,0.0,0.9364715699226626,0.8925744650825377,0.9072068333625793,89600,0.0,0.0
1975-06-26,0.0,0.8998912237973513,0.8779422217100933,0.8852588534355164,22400,0.0,0.0
1975-06-27,0.0,0.8925747542545713,0.8486776351928711,0.8486776351928711,12800,0.0,0.0
1975-06-30,0.0,0.863309919834137,0.8559941806173718,0.863309919834137,16000,0.0,0.0
1975-07-01,0.0,0.8779422044754028,0.8779422044754028,0.8779422044754028,6400,0.0,0.0
1975-07-02,0.0,0.8633098705803273,0.8413617610931396,0.8413617610931396,9600,0.0,0.0
1975-07-03,0.0,0.8267293047336186,0.8047803044319152,0.8047803044319153,11200,0.0,0.0
1975-07-07,0.0,0.8047803044319152,0.7901479352604258,0.8047803044319153,14400,0.0,0.0
1975-07-08,0.0,0.8120970398004186,0.7901480366814083,0.7974646687507629,41600,0.0,0.0
1975-07-09,0.0,0.8120968999197363,0.7681997943318829,0.7901479005813599,108800,0.0,0.0
1975-07-10,0.0,0.8340450525283813,0.797464575716348,0.8340450525283813,267200,0.0,0.0
1975-07-11,0.0,0.8706265521399843,0.834045176788912,0.863309919834137,54400,0.0,0.0
1975-07-14,0.0,0.8779422044754028,0.8120969856842446,0.8779422044754028,48000,0.0,0.0
1975-07-15,0.0,0.8925747275352478,0.8852589877885487,0.8925747275352478,6400,0.0,0.0
1975-07-16,0.0,0.8779422412681294,0.8413617610931396,0.8413617610931396,22400,0.0,0.0
1975-07-17,0.0,0.863309919834137,0.8267294375721468,0.863309919834137,67200,0.0,0.0
1975-07-18,0.0,0.8633098705803273,0.8413617610931396,0.8413617610931396,11200,0.0,0.0
1975-07-21,0.0,0.8706265687942505,0.8559941969917345,0.8706265687942505,4800,0.0,0.0
1975-07-22,0.0,0.8633100082134378,0.8486776351928711,0.8486776351928711,35200,0.0,0.0
1975-07-23,0.0,0.8559942682477413,0.8486776351928711,0.8486776351928711,19200,0.0,0.0
1975-07-24,0.0,0.834044975484338,0.8267292380332947,0.8267292380332947,16000,0.0,0.0
1975-07-25,0.0,0.8194126486778258,0.8194126486778258,0.8194126486778259,8000,0.0,0.0
1975-07-28,0.0,0.8194126486778258,0.8120969108590868,0.8194126486778259,62400,0.0,0.0
1975-07-29,0.0,0.8120969533920287,0.8120969533920287,0.8120969533920288,11200,0.0,0.0
1975-07-30,0.0,0.8047803044319152,0.8047803044319152,0.8047803044319153,49600,0.0,0.0
1975-07-31,0.0,0.8267292380332947,0.8194126074933846,0.8267292380332947,11200,0.0,0.0
1975-08-01,0.0,0.8413616483118662,0.8194126486778258,0.8194126486778259,14400,0.0,0.0
1975-08-04,0.0,0.8120968999197363,0.7901479005813599,0.7901479005813599,49600,0.0,0.0
1975-08-05,0.0,0.7901479005813599,0.7901479005813599,0.7901479005813599,6400,0.0,0.0
1975-08-06,0.0,0.7755156870443477,0.7535675764083862,0.7535675764083862,49600,0.0,0.0
1975-08-07,0.0,0.7462510002014466,0.7243028879165648,0.7243028879165649,25600,0.0,0.0
1975-08-08,0.0,0.7096704244613647,0.7096704244613647,0.7096704244613647,1600,0.0,0.0
1975-08-11,0.0,0.702353835105896,0.6950380958680853,0.702353835105896,8000,0.0,0.0
1975-08-12,0.702353835105896,0.702353835105896,0.702353835105896,0.702353835105896,0,0.0,0.0
1975-08-13,0.0,0.687721452929757,0.643824338912964,0.6438243389129639,24000,0.0,0.0
1975-08-14,0.0,0.6218762509165018,0.5999272465705872,0.5999272465705872,11200,0.0,0.0
1975-08-15,0.0,0.614559531211853,0.5926114230702036,0.614559531211853,25600,0.0,0.0
1975-08-18,0.0,0.614559531211853,0.614559531211853,0.614559531211853,11200,0.0,0.0
1975-08-19,0.0,0.6145594596862793,0.5779789860112942,0.5852947235107422,65600,0.0,0.0
1975-08-20,0.5852947235107422,0.5852947235107422,0.5852947235107422,0.5852947235107422,0,0.0,0.0
1975-08-21,0.0,0.5852948090968988,0.5706624388694763,0.5706624388694763,28800,0.0,0.0
1975-08-22,0.0,0.5852947235107422,0.5852947235107422,0.5852947235107422,4800,0.0,0.0
1975-08-25,0.0,0.5706624388694763,0.5706624388694763,0.5706624388694763,3200,0.0,0.0
1975-08-26,0.0,0.5633467266236614,0.5560300946235657,0.5560300946235657,11200,0.0,0.0
1975-08-27,0.0,0.5633468627929688,0.556030229024334,0.5633468627929688,46400,0.0,0.0
1975-08-28,0.0,0.614559531211853,0.5706624218395778,0.614559531211853,32000,0.0,0.0
1975-08-29,0.0,0.6365084648132324,0.6145594659146953,0.6365084648132324,8000,0.0,0.0
1975-09-02,0.0,0.6218761801719666,0.6218761801719666,0.6218761801719666,3200,0.0,0.0
1975-09-03,0.0,0.6511409282684326,0.6291919261601987,0.6511409282684326,11200,0.0,0.0
1975-09-04,0.6511409282684326,0.6511409282684326,0.6511409282684326,0.6511409282684326,0,0.0,0.0
1975-09-05,0.0,0.6877213716506959,0.6584566324315173,0.6877213716506958,14400,0.0,0.0
1975-09-08,0.0,0.6950380206108093,0.6950380206108093,0.6950380206108093,3200,0.0,0.0
1975-09-09,0.0,0.7169862066706021,0.702353835105896,0.702353835105896,12800,0.0,0.0
1975-09-10,0.0,0.6877213623788622,0.6584566235542297,0.6584566235542297,35200,0.0,0.0
1975-09-11,0.6584566235542297,0.6584566235542297,0.6584566235542297,0.6584566235542297,0,0.0,0.0
1975-09-12,0.6584566235542297,0.6584566235542297,0.6584566235542297,0.6584566235542297,0,0.0,0.0
1975-09-15,0.6584566235542297,0.6584566235542297,0.6584566235542297,0.6584566235542297,0,0.0,0.0
1975-09-16,0.6584566235542297,0.6584566235542297,0.6584566235542297,0.6584566235542297,0,0.0,0.0
1975-09-17,0.0,0.6657735109329224,0.6584568768675236,0.6657735109329224,9600,0.0,0.0
1975-09-18,0.0,0.6511409282684326,0.6511409282684326,0.6511409282684326,3200,0.0,0.0
1975-09-19,0.0,0.6804056242171808,0.6584566235542297,0.6584566235542297,22400,0.0,0.0
1975-09-22,0.6584566235542297,0.6584566235542297,0.6584566235542297,0.6584566235542297,0,0.0,0.0
1975-09-23,0.0,0.643824338912964,0.643824338912964,0.6438243389129639,4800,0.0,0.0
1975-09-24,0.0,0.6730890274047852,0.6584566572438115,0.6730890274047852,11200,0.0,0.0
1975-09-25,0.0,0.6804057359695436,0.6730891035171979,0.6804057359695435,4800,0.0,0.0
1975-09-26,0.0,0.6804056590297715,0.6584566572438115,0.6730890274047852,27200,0.0,0.0
1975-09-29,0.0,0.6584566235542297,0.6584566235542297,0.6584566235542297,9600,0.0,0.0
1975-09-30,0.6584566235542297,0.6584566235542297,0.6584566235542297,0.6584566235542297,0,0.0,0.0
1975-10-01,0.6584566235542297,0.6584566235542297,0.6584566235542297,0.6584566235542297,0,0.0,0.0
1975-10-02,0.0,0.6584567102518949,0.643824338912964,0.6438243389129639,14400,0.0,0.0
1975-10-03,0.0,0.6584566235542297,0.6584566235542297,0.6584566235542297,6400,0.0,0.0
1975-10-06,0.0,0.6657733424658959,0.643824338912964,0.6438243389129639,24000,0.0,0.0
1975-10-07,0.0,0.6584566235542297,0.6291918847295973,0.6584566235542297,25600,0.0,0.0
1975-10-08,0.0,0.6657732548048645,0.6584566235542297,0.6584566235542297,8000,0.0,0.0
1975-10-09,0.0,0.6657732986442512,0.6511409282684326,0.6511409282684326,4800,0.0,0.0
1975-10-10,0.0,0.6511409282684326,0.6511409282684326,0.6511409282684326,3200,0.0,0.0
1975-10-13,0.0,0.6511408330492966,0.6365084648132324,0.6365084648132324,24000,0.0,0.0
1975-10-14,0.0,0.6730890274047852,0.6511409187078243,0.6730890274047852,35200,0.0,0.0
1975-10-15,0.6730890274047852,0.6730890274047852,0.6730890274047852,0.6730890274047852,0,0.0,0.0
1975-10-16,0.0,0.6584567102518949,0.643824338912964,0.6438243389129639,9600,0.0,0.0
1975-10-17,0.0,0.643824338912964,0.643824338912964,0.6438243389129639,4800,0.0,0.0
1975-10-20,0.0,0.6291919946670532,0.614559622698052,0.6291919946670532,25600,0.0,0.0
1975-10-21,0.0,0.6584567102518949,0.643824338912964,0.6438243389129639,25600,0.0,0.0
1975-10-22,0.0,0.6730890274047852,0.6584566572438115,0.6730890274047852,9600,0.0,0.0
1975-10-23,0.0,0.6877213716506959,0.680405633390384,0.6877213716506958,28800,0.0,0.0
1975-10-24,0.0,0.6804057359695436,0.6730891035171979,0.6804057359695435,9600,0.0,0.0
1975-10-27,0.0,0.6730890274047852,0.6730890274047852,0.6730890274047852,3200,0.0,0.0
1975-10-28,0.0,0.6584566669118358,0.6511409282684326,0.6511409282684326,3200,0.0,0.0
1975-10-29,0.0,0.643824338912964,0.643824338912964,0.6438243389129639,6400,0.0,0.0
1975-10-30,0.0,0.6730890274047852,0.6511409187078243,0.6730890274047852,20800,0.0,0.0
1975-10-31,0.0,0.6804056690200697,0.6511409282684326,0.6511409282684326,24000,0.0,0.0
1975-11-03,0.0,0.6511409711269649,0.643824338912964,0.6438243389129639,32000,0.0,0.0
1975-11-04,0.0,0.6291919010026115,0.614559531211853,0.614559531211853,6400,0.0,0.0
1975-11-05,0.0,0.614559531211853,0.614559531211853,0.614559531211853,16000,0.0,0.0
1975-11-06,0.0,0.607243810982534,0.5706624388694763,0.5706624388694763,38400,0.0,0.0
1975-11-07,0.0,0.5852947235107422,0.5852947235107422,0.5852947235107422,1600,0.0,0.0
1975-11-10,0.0,0.5852948090968988,0.5706624388694763,0.5706624388694763,4800,0.0,0.0
1975-11-11,0.0,0.5926113540990627,0.5779789860112942,0.5852947235107422,14400,0.0,0.0
1975-11-12,0.0,0.614559531211853,0.5999271614210946,0.614559531211853,6400,0.0,0.0
1975-11-13,0.0,0.6584566235542297,0.6291918847295973,0.6584566235542297,17600,0.0,0.0
1975-11-14,0.0,0.7316185782353083,0.6657733527386729,0.702353835105896,41600,0.0,0.0
1975-11-17,0.0,0.702353835105896,0.6877214635411898,0.702353835105896,22400,0.0,0.0
1975-11-18,0.0,0.6877213716506959,0.6730890020411066,0.6877213716506958,17600,0.0,0.0
1975-11-19,0.0,0.6877213716506959,0.6730890020411066,0.6877213716506958,17600,0.0,0.0
1975-11-20,0.0,0.6877213716506959,0.6877213716506959,0.6877213716506958,11200,0.0,0.0
1975-11-21,0.0,0.6877216269505247,0.6657735109329224,0.6657735109329224,27200,0.0,0.0
1975-11-24,0.0,0.6657735109329224,0.6657735109329224,0.6657735109329224,8000,0.0,0.0
1975-11-25,0.0,0.6511409205779649,0.6218761801719666,0.6218761801719666,35200,0.0,0.0
1975-11-26,0.0,0.6291919946670532,0.6291919946670532,0.6291919946670532,4800,0.0,0.0
1975-11-28,0.6291919946670532,0.6291919946670532,0.6291919946670532,0.6291919946670532,0,0.0,0.0
1975-12-01,0.0,0.6218761801719666,0.6218761801719666,0.6218761801719666,9600,0.0,0.0
1975-12-02,0.0,0.6218761801719666,0.6218761801719666,0.6218761801719666,12800,0.0,0.0
1975-12-03,0.0,0.6145595144730427,0.5999271450808273,0.6072437763214111,32000,0.0,0.0
1975-12-04,0.0,0.5926113540990627,0.5852947235107422,0.5852947235107422,8000,0.0,0.0
1975-12-05,0.0,0.5779790705276892,0.5706624388694763,0.5706624388694763,8000,0.0,0.0
1975-12-08,0.0,0.5706624388694763,0.5706624388694763,0.5706624388694763,1600,0.0,0.0
1975-12-09,0.0,0.5560300784311293,0.5413977079460995,0.5487143397331238,6400,0.0,0.0
1975-12-10,0.0,0.5706624388694763,0.5560300686420538,0.5706624388694763,22400,0.0,0.0
1975-12-11,0.0,0.5706626034723428,0.54871448834496,0.5633468627929688,14400,0.0,0.0
1975-12-12,0.0,0.5633468627929688,0.5633468627929688,0.5633468627929688,3200,0.0,0.0
1975-12-15,0.0,0.5779789686203003,0.5779789686203003,0.5779789686203003,1600,0.0,0.0
1975-12-16,0.0,0.5852947058996227,0.5779789686203003,0.5779789686203003,14400,0.0,0.0
1975-12-17,0.0,0.5852947235107422,0.5852947235107422,0.5852947235107422,8000,0.0,0.0
1975-12-18,0.0,0.5852947235107422,0.5852947235107422,0.5852947235107422,17600,0.0,0.0
1975-12-19,0.0,0.6072438790489265,0.5852948747030119,0.5999272465705872,11200,0.0,0.0
1975-12-22,0.0,0.6145596184381625,0.5926115071813511,0.5999272465705872,12800,0.0,0.0
1975-12-23,0.0,0.6072438790489265,0.5999272465705872,0.5999272465705872,24000,0.0,0.0
1975-12-24,0.5999272465705872,0.5999272465705872,0.5999272465705872,0.5999272465705872,0,0.0,0.0
1975-12-26,0.0,0.5999272465705872,0.5999272465705872,0.5999272465705872,1600,0.0,0.0
1975-12-29,0.0,0.5926114320755004,0.5926114320755004,0.5926114320755005,28800,0.0,0.0
1975-12-30,0.5926114320755004,0.5926114320755004,0.5926114320755004,0.5926114320755005,0,0.0,0.0
1975-12-31,0.0,0.614559531211853,0.5926114230702036,0.614559531211853,17600,0.0,0.0
1976-01-02,0.0,0.6365085324424788,0.614559531211853,0.614559531211853,25600,0.0,0.0
1976-01-05,0.0,0.614559531211853,0.614559531211853,0.614559531211853,48000,0.0,0.0
1976-01-06,0.0,0.6877216269505247,0.6291921267845226,0.6657735109329224,41600,0.0,0.0
1976-01-07,0.0,0.6730890274047852,0.6584566572438115,0.6730890274047852,14400,0.0,0.0
1976-01-08,0.0,0.702353759056487,0.6584566491154565,0.6950380206108093,38400,0.0,0.0
1976-01-09,0.0,0.7169859409332275,0.6950378382653627,0.7169859409332275,67200,0.0,0.0
1976-01-12,0.0,0.7316186276484771,0.7096705153635954,0.7243028879165649,54400,0.0,0.0
1976-01-13,0.0,0.7389349366898461,0.7169859409332275,0.7169859409332275,33600,0.0,0.0
1976-01-14,0.0,0.7243027951400627,0.6950380537826668,0.7096704244613647,30400,0.0,0.0
1976-01-15,0.0,0.7755156755447387,0.716986190597966,0.7755156755447388,38400,0.0,0.0
1976-01-16,0.0,0.7608832985747094,0.7462509274482727,0.7462509274482727,84800,0.0,0.0
1976-01-19,0.0,0.7608831524848938,0.7535674148708285,0.7608831524848938,33600,0.0,0.0
1976-01-20,0.0,0.7608831524848938,0.7608831524848938,0.7608831524848938,40000,0.0,0.0
1976-01-21,0.0,0.746251015663147,0.7316186428070068,0.7316186428070068,19200,0.0,0.0
1976-01-22,0.0,0.7901479005813599,0.7243026887440296,0.7901479005813599,52800,0.0,0.0
1976-01-23,0.0,0.8559942682477413,0.812097149186041,0.8486776351928711,273600,0.0,0.0
1976-01-26,0.0,0.8340450174042157,0.8194126486778258,0.8194126486778259,20800,0.0,0.0
1976-01-27,0.8194126486778258,0.8194126486778258,0.8194126486778258,0.8194126486778259,0,0.0,0.0
1976-01-28,0.0,0.7974646006498488,0.7681998610496521,0.7681998610496521,19200,0.0,0.0
1976-01-29,0.0,0.7828324437141418,0.7608834365012273,0.7828324437141418,52800,0.0,0.0
1976-01-30,0.0,0.7974645313904518,0.7828321628611674,0.7901479005813599,124800,0.0,0.0
1976-02-02,0.0,0.7901479005813599,0.7828321628611674,0.7901479005813599,46400,0.0,0.0
1976-02-03,0.0,0.7828321515048628,0.7608831524848938,0.7608831524848938,94400,0.0,0.0
1976-02-04,0.0,0.7681998610496521,0.7681998610496521,0.7681998610496521,38400,0.0,0.0
1976-02-05,0.0,0.8633100082134378,0.7682000301243409,0.8486776351928711,497600,0.0,0.0
1976-02-06,0.0,0.8998913603710937,0.8340452372050676,0.8925747275352478,219200,0.0,0.0
1976-02-09,0.0,0.9218394003088255,0.8779422860084052,0.9145236611366272,294400,0.0,0.0
1976-02-10,0.0,1.0169505189876695,0.8852591427000845,1.0023181438446045,209600,0.0,0.0
1976-02-11,0.0,1.0827956957247271,0.995001450125425,1.0315828323364258,257600,0.0,0.0
1976-02-12,0.0,1.0242662600145505,1.0023181438446045,1.0023181438446045,96000,0.0,0.0
1976-02-13,0.0,0.9950013445384467,0.9730532320123231,0.980368971824646,38400,0.0,0.0
1976-02-17,0.0,0.9876856207847595,0.951104241860909,0.9876856207847595,73600,0.0,0.0
1976-02-18,0.0,0.9950010776519775,0.9950010776519775,0.9950010776519775,20800,0.0,0.0
1976-02-19,0.0,1.0315826368537924,0.9950012615748814,1.024266004562378,188800,0.0,0.0
1976-02-20,0.0,1.0315826368537924,1.016950265360044,1.024266004562378,65600,0.0,0.0
1976-02-23,0.0,1.0388988471578267,1.0169507265090942,1.0169507265090942,46400,0.0,0.0
1976-02-24,0.0,1.0388985729250761,1.0096338243919754,1.0315828323364258,129600,0.0,0.0
1976-02-25,0.0,1.0169501475146658,0.9584206683221377,0.9730530381202698,24000,0.0,0.0
1976-02-26,0.0,0.9803689076350286,0.9511041641235353,0.9511041641235352,48000,0.0,0.0
1976-02-27,0.0,0.936471666608538,0.9218392968177795,0.9218392968177795,4800,0.0,0.0
1976-03-01,0.0,0.9291561055361838,0.8925747275352478,0.8925747275352478,20800,0.0,0.0
1976-03-02,0.0,0.9072068333625793,0.9072068333625793,0.9072068333625793,11200,0.0,0.0
1976-03-03,0.0,0.9072070517559908,0.8633099363484429,0.8706265687942505,126400,0.0,0.0
1976-03-04,0.0,0.8998912572860718,0.8559941445669718,0.8998912572860718,70400,0.0,0.0
1976-03-05,0.0,0.9657364324239798,0.9218393218592533,0.9584206938743591,72000,0.0,0.0
1976-03-08,0.0,0.9950010776519775,0.9657363400739781,0.9950010776519775,48000,0.0,0.0
1976-03-09,0.0,1.0096337336677343,0.9803689877643217,0.9876856207847595,30400,0.0,0.0
1976-03-10,0.0,0.9876856207847595,0.9657366148126154,0.9876856207847595,369600,0.0,0.0
1976-03-11,0.0,1.0388983760561261,0.9950012615748814,1.024266004562378,254400,0.0,0.0
1976-03-12,0.0,1.0681633055210114,1.0388985574245453,1.0535309314727783,43200,0.0,0.0
1976-03-15,0.0,1.0388981840189766,0.9950010776519775,0.9950010776519775,24000,0.0,0.0
1976-03-16,0.0,0.9950010776519775,0.9803687088629779,0.9950010776519775,20800,0.0,0.0
1976-03-17,0.0,1.0169505189876695,0.9876857687015396,1.0023181438446045,16000,0.0,0.0
1976-03-18,0.0,1.0315828323364258,1.0096338243919754,1.0315828323364258,28800,0.0,0.0
1976-03-19,0.0,1.0315828323364258,1.002318083803325,1.0315828323364258,28800,0.0,0.0
1976-03-22,0.0,1.0169503501537251,0.980368971824646,0.980368971824646,16000,0.0,0.0
1976-03-23,0.980368971824646,0.980368971824646,0.980368971824646,0.980368971824646,0,0.0,0.0
1976-03-24,0.0,0.9950010776519775,0.9803687088629779,0.9950010776519775,19200,0.0,0.0
1976-03-25,0.0,0.9803690007238678,0.9657366275787355,0.9657366275787354,19200,0.0,0.0
1976-03-26,0.0,0.9950010776519775,0.9657363400739781,0.9950010776519775,30400,0.0,0.0
1976-03-29,0.0,0.9803687764748473,0.9730530381202698,0.9730530381202698,6400,0.0,0.0
1976-03-30,0.0,0.9730532606958923,0.9657366275787355,0.9657366275787354,43200,0.0,0.0
1976-03-31,0.0,0.9657366275787355,0.951104254433603,0.9657366275787354,16000,0.0,0.0
1976-04-01,0.0,0.9657366275787355,0.951104254433603,0.9657366275787354,54400,0.0,0.0
1976-04-02,0.0,0.9657365146092457,0.9145236611366271,0.9145236611366272,36800,0.0,0.0
1976-04-05,0.0,0.9364718644885616,0.9218394916059278,0.9291561245918274,56000,0.0,0.0
1976-04-06,0.0,0.9364717602729798,0.9218393890187145,0.9364717602729797,17600,0.0,0.0
1976-04-07,0.0,0.980368971824646,0.9437884865847217,0.980368971824646,636800,0.0,0.0
1976-04-08,0.0,0.9876856207847595,0.9657366148126154,0.9876856207847595,19200,0.0,0.0
1976-04-09,0.0,0.9803690007238678,0.9657366275787355,0.9657366275787354,46400,0.0,0.0
1976-04-12,0.0,0.9876854079184018,0.9730530381202698,0.9730530381202698,6400,0.0,0.0
1976-04-13,0.0,0.9950010776519775,0.9803687088629779,0.9950010776519775,9600,0.0,0.0
1976-04-14,0.0,1.0242664690288432,1.0023183483801106,1.0169507265090942,54400,0.0,0.0
1976-04-15,0.0,1.0315829082956833,1.0096338987350464,1.0096338987350464,20800,0.0,0.0
1976-04-19,0.0,1.0169507265090942,1.0023183483801106,1.0169507265090942,36800,0.0,0.0
1976-04-20,0.0,1.0096334464409773,0.9950010776519775,0.9950010776519775,22400,0.0,0.0
1976-04-21,0.0,1.0535304367895861,1.0023175982122787,1.0462146997451782,124800,0.0,0.0
1976-04-22,0.0,1.0974278450012207,1.0388983599344888,1.0974278450012207,65600,0.0,0.0
1976-04-23,0.0,1.1120601892471313,1.1120601892471313,1.1120601892471313,44800,0.0,0.0
1976-04-26,0.0,1.126692771911621,1.1120603982504311,1.126692771911621,46400,0.0,0.0
1976-04-27,0.0,1.1193767531427463,1.0827953815460205,1.0827953815460205,72000,0.0,0.0
1976-04-28,0.0,1.082795365009805,1.0535306254149455,1.0754796266555786,28800,0.0,0.0
1976-04-29,0.0,1.082795490537371,1.024266004562378,1.024266004562378,30400,0.0,0.0
1976-04-30,0.0,1.0096338987350464,0.9950015233910603,1.0096338987350464,30400,0.0,0.0
1976-05-03,0.0,1.0169507265090942,1.0169507265090942,1.0169507265090942,16000,0.0,0.0
1976-05-04,0.0,1.0315826368537924,0.9950012615748814,1.024266004562378,91200,0.0,0.0
1976-05-05,0.0,1.0608470669228114,1.0462146997451782,1.0462146997451782,35200,0.0,0.0
1976-05-06,0.0,1.0974278450012207,1.0462149921123636,1.0974278450012207,19200,0.0,0.0
1976-05-07,0.0,1.1559571027755737,1.112059997606881,1.1559571027755737,49600,0.0,0.0
1976-05-10,0.0,1.1705896181937976,1.1413248777389526,1.1413248777389526,56000,0.0,0.0
1976-05-11,0.0,1.185222013519661,1.1705896429823812,1.1779062747955322,60800,0.0,0.0
1976-05-12,0.0,1.177906077609805,1.1632737095220365,1.1705894470214844,33600,0.0,0.0
1976-05-13,0.0,1.170589471165138,1.1559571027755737,1.1559571027755737,4800,0.0,0.0
1976-05-14,0.0,1.1559571098127364,1.1340090036392212,1.1340090036392212,86400,0.0,0.0
1976-05-17,1.1340090036392212,1.1340090036392212,1.1340090036392212,1.1340090036392212,0,0.0,0.0
1976-05-18,0.0,1.229119141896566,1.1852220296859741,1.1852220296859741,291200,0.0,0.0
1976-05-19,0.0,1.2071711256195137,1.1779063818843631,1.1998544931411743,28800,0.0,0.0
1976-05-20,0.0,1.258383802005223,1.2144866926329476,1.229119062423706,76800,0.0,0.0
1976-05-21,0.0,1.229119141896566,1.1852220296859741,1.1852220296859741,35200,0.0,0.0
1976-05-24,0.0,1.185221815109253,1.1705894470214844,1.1705894470214844,36800,0.0,0.0
1976-05-25,0.0,1.1705894470214844,1.1705894470214844,1.1705894470214844,35200,0.0,0.0
1976-05-26,0.0,1.177906077609805,1.1705894470214844,1.1705894470214844,76800,0.0,0.0
1976-05-27,0.0,1.1705896181937976,1.1413248777389526,1.1413248777389526,27200,0.0,0.0
1976-05-28,0.0,1.1340091058452977,1.0608472568581488,1.0754796266555786,35200,0.0,0.0
1976-06-01,0.0,1.03889799118042,1.03889799118042,1.03889799118042,94400,0.0,0.0
1976-06-02,0.0,1.0535309314727783,1.04621519099328,1.0535309314727783,8000,0.0,0.0
1976-06-03,0.0,1.0681631565093994,1.0608474170504663,1.0681631565093994,174400,0.0,0.0
1976-06-04,0.0,1.0681633055210114,1.0535309314727783,1.0535309314727783,264000,0.0,0.0
1976-06-07,0.0,1.0535309314727783,1.04621519099328,1.0535309314727783,43200,0.0,0.0
1976-06-08,0.0,1.0681631565093994,1.0535307845024213,1.0681631565093994,48000,0.0,0.0
1976-06-09,0.0,1.0754796266555786,1.0754796266555786,1.0754796266555786,11200,0.0,0.0
1976-06-10,0.0,1.0827953815460205,1.0754796430800697,1.0827953815460205,113600,0.0,0.0
1976-06-11,0.0,1.0974278290935424,1.0901120901107788,1.0901120901107788,100800,0.0,0.0
1976-06-14,0.0,1.0974278450012207,1.0681631024678548,1.0974278450012207,83200,0.0,0.0
1976-06-15,0.0,1.0827953815460205,1.0827953815460205,1.0827953815460205,3200,0.0,0.0
1976-06-16,0.0,1.0827955285163775,1.0681631565093994,1.0681631565093994,17600,0.0,0.0
1976-06-17,0.0,1.060847565041513,1.0535309314727783,1.0535309314727783,38400,0.0,0.0
1976-06-18,0.0,1.090112313137979,1.0535309314727783,1.0535309314727783,49600,0.0,0.0
1976-06-21,0.0,1.0827953815460205,1.0535306415042363,1.0827953815460205,32000,0.0,0.0
1976-06-22,0.0,1.0901120901107788,1.0681630869843812,1.0901120901107788,41600,0.0,0.0
1976-06-23,0.0,1.082795365009805,1.0681629952123752,1.0754796266555786,20800,0.0,0.0
1976-06-24,0.0,1.0974277515669126,1.0827953815460205,1.0827953815460205,14400,0.0,0.0
1976-06-25,0.0,1.1120601892471313,1.0827954474248385,1.1120601892471313,33600,0.0,0.0
1976-06-28,0.0,1.1120601892471313,1.1120601892471313,1.1120601892471313,6400,0.0,0.0
1976-06-29,0.0,1.126692771911621,1.1193770316256326,1.126692771911621,16000,0.0,0.0
1976-06-30,0.0,1.1193770170211792,1.104744643550897,1.1193770170211792,11200,0.0,0.0
1976-07-01,1.1193770170211792,1.1193770170211792,1.1193770170211792,1.1193770170211792,0,0.0,0.0
1976-07-02,0.0,1.104744383121854,1.0827953815460205,1.0827953815460205,16000,0.0,0.0
1976-07-06,0.0,1.0681629009087288,1.0608471632003784,1.0608471632003784,6400,0.0,0.0
1976-07-07,0.0,1.0681633055210114,1.0535309314727783,1.0535309314727783,14400,0.0,0.0
1976-07-08,0.0,1.0974278450012207,1.0681631024678548,1.0974278450012207,25600,0.0,0.0
1976-07-09,0.0,1.1340093904914612,1.090112270080615,1.1193770170211792,120000,0.0,0.0
1976-07-12,0.0,1.141325145572811,1.1193770316256326,1.126692771911621,17600,0.0,0.0
1976-07-13,0.0,1.1779061019043655,1.134008996735673,1.1559571027755737,112000,0.0,0.0
1976-07-14,0.0,1.177906109075148,1.1340090036392212,1.1340090036392212,54400,0.0,0.0
1976-07-15,0.0,1.1632741689682007,1.141325161623143,1.1632741689682007,30400,0.0,0.0
1976-07-16,1.1632741689682007,1.1632741689682007,1.1632741689682007,1.1632741689682007,0,0.0,0.0
1976-07-19,0.0,1.1632738367829556,1.1413248357056691,1.1486414670944214,38400,0.0,0.0
1976-07-20,0.0,1.1413248777389526,1.1413248777389526,1.1413248777389526,1600,0.0,0.0
1976-07-21,0.0,1.126692491608697,1.0827953815460205,1.0827953815460205,19200,0.0,0.0
1976-07-22,0.0,1.0754796266555786,1.0754796266555786,1.0754796266555786,3200,0.0,0.0
1976-07-23,0.0,1.0974278290935424,1.0827954580389618,1.0901120901107788,33600,0.0,0.0
1976-07-26,0.0,1.1047444343566895,1.0901120636571906,1.1047444343566895,6400,0.0,0.0
1976-07-27,0.0,1.0974278290935424,1.0901120901107788,1.0901120901107788,19200,0.0,0.0
1976-07-28,0.0,1.0974278450012207,1.0827954737345378,1.0974278450012207,51200,0.0,0.0
1976-07-29,0.0,1.0827955285163775,1.0608474170504663,1.0681631565093994,14400,0.0,0.0
1976-07-30,0.0,1.0608471632003784,1.0608471632003784,1.0608471632003784,3200,0.0,0.0
1976-08-02,0.0,1.0681629009087288,1.0608471632003784,1.0608471632003784,9600,0.0,0.0
1976-08-03,0.0,1.0754797890574443,1.0681631565093994,1.0681631565093994,6400,0.0,0.0
1976-08-04,0.0,1.082795365009805,1.0754796266555786,1.0754796266555786,25600,0.0,0.0
1976-08-05,0.0,1.0901120901107788,1.0827954580389618,1.0901120901107788,22400,0.0,0.0
1976-08-06,0.0,1.0827953815460205,1.0827953815460205,1.0827953815460205,20800,0.0,0.0
1976-08-09,0.0,1.0754797890574443,1.0608474170504663,1.0681631565093994,30400,0.0,0.0
1976-08-10,0.0,1.0827953815460205,1.0608472730591776,1.0827953815460205,14400,0.0,0.0
1976-08-11,0.0,1.1047443662504381,1.0754796266555786,1.0754796266555786,51200,0.0,0.0
1976-08-12,0.0,1.0827953815460205,1.0608472730591776,1.0827953815460205,38400,0.0,0.0
1976-08-13,0.0,1.0901120901107788,1.0681630869843812,1.0901120901107788,8000,0.0,0.0
1976-08-16,0.0,1.0974278450012207,1.0974278450012207,1.0974278450012207,4800,0.0,0.0
1976-08-17,0.0,1.0974278450012207,1.0827954737345378,1.0974278450012207,6400,0.0,0.0
1976-08-18,0.0,1.119376821247227,1.1047444503360806,1.1120601892471313,20800,0.0,0.0
1976-08-19,0.0,1.1340091921583735,1.1120601892471313,1.1120601892471313,32000,0.0,0.0
1976-08-20,0.0,1.0974277348072348,1.0754796266555786,1.0754796266555786,8000,0.0,0.0
1976-08-23,0.0,1.0535307475498745,1.024266004562378,1.024266004562378,30400,0.0,0.0
1976-08-24,0.0,1.024266004562378,1.024266004562378,1.024266004562378,4800,0.0,0.0
1976-08-25,0.0,1.024266004562378,1.024266004562378,1.024266004562378,6400,0.0,0.0
1976-08-26,1.024266004562378,1.024266004562378,1.024266004562378,1.024266004562378,0,0.0,0.0
1976-08-27,0.0,1.0096338848714854,1.0023181438446045,1.0023181438446045,4800,0.0,0.0
1976-08-30,1.0023181438446045,1.0023181438446045,1.0023181438446045,1.0023181438446045,0,0.0,0.0
1976-08-31,0.0,0.9950010776519775,0.9950010776519775,0.9950010776519775,3200,0.0,0.0
1976-09-01,0.0,1.0169500773799347,0.9950010776519775,0.9950010776519775,57600,0.0,0.0
1976-09-02,0.0,0.9950010776519775,0.9950010776519775,0.9950010776519775,3200,0.0,0.0
1976-09-03,0.0,0.9803687764748473,0.9730530381202698,0.9730530381202698,9600,0.0,0.0
1976-09-07,0.0,0.9876854342508433,0.958420693874359,0.9584206938743591,11200,0.0,0.0
1976-09-08,0.0,0.9511041315272452,0.9364717602729798,0.9364717602729797,24000,0.0,0.0
1976-09-09,0.0,0.929155928257647,0.9218392968177795,0.9218392968177795,9600,0.0,0.0
1976-09-10,0.0,0.9218394727003378,0.8852589877885487,0.8925747275352478,49600,0.0,0.0
1976-09-13,0.0,0.9072068333625793,0.8779420968024961,0.9072068333625793,46400,0.0,0.0
1976-09-14,0.0,0.9218392968177795,0.9145235584668886,0.9218392968177795,20800,0.0,0.0
1976-09-15,0.0,0.9584207965459568,0.9364717923677885,0.9511041641235352,28800,0.0,0.0
1976-09-16,0.0,1.0096338987350464,0.9584210315757525,1.0096338987350464,41600,0.0,0.0
1976-09-17,0.0,0.9950010776519775,0.9950010776519775,0.9950010776519775,9600,0.0,0.0
1976-09-20,0.0,0.9876856207847595,0.9803689877643217,0.9876856207847595,3200,0.0,0.0
1976-09-21,0.9876856207847595,0.9876856207847595,0.9876856207847595,0.9876856207847595,0,0.0,0.0
1976-09-22,0.0,1.024266004562378,0.9950012615748814,1.024266004562378,20800,0.0,0.0
1976-09-23,0.0,1.024266004562378,1.016950265360044,1.024266004562378,6400,0.0,0.0
1976-09-24,0.0,1.0096338848714854,1.0023181438446045,1.0023181438446045,8000,0.0,0.0
1976-09-27,0.0,1.0169507265090942,1.0023183483801106,1.0169507265090942,3200,0.0,0.0
1976-09-28,0.0,1.0315829082956833,1.0096338987350464,1.0096338987350464,33600,0.0,0.0
1976-09-29,0.0,1.0096338848714854,1.0023181438446045,1.0023181438446045,4800,0.0,0.0
1976-09-30,0.0,1.0169505189876695,1.0023181438446045,1.0023181438446045,8000,0.0,0.0
1976-10-01,0.0,1.0096335160711114,0.9730530381202698,0.9730530381202698,20800,0.0,0.0
1976-10-04,0.0,0.9584207965459568,0.9511041641235353,0.9511041641235352,14400,0.0,0.0
1976-10-05,0.0,0.9511041315272452,0.9291560211903801,0.9364717602729797,14400,0.0,0.0
1976-10-06,0.0,0.958420693874359,0.9511040622357376,0.9584206938743591,3200,0.0,0.0
1976-10-07,0.0,0.958420693874359,0.9511040622357376,0.9584206938743591,4800,0.0,0.0
1976-10-08,0.0,0.958420693874359,0.958420693874359,0.9584206938743591,4800,0.0,0.0
1976-10-11,0.0,0.9584207965459568,0.9511041641235353,0.9511041641235352,3200,0.0,0.0
1976-10-12,0.0,0.9364715699226626,0.9072068333625793,0.9072068333625793,9600,0.0,0.0
1976-10-13,0.0,0.9145235762063749,0.8779422044754028,0.8779422044754028,40000,0.0,0.0
1976-10-14,0.0,0.8852589405967665,0.8706265687942505,0.8706265687942505,9600,0.0,0.0
1976-10-15,0.0,0.8706265687942505,0.8706265687942505,0.8706265687942505,1600,0.0,0.0
1976-10-18,0.0,0.8779422913567494,0.863309919834137,0.863309919834137,28800,0.0,0.0
1976-10-19,0.0,0.8633099040265054,0.8486775327718189,0.8559941649436951,12800,0.0,0.0
1976-10-20,0.0,0.8779423081509589,0.8559941969917345,0.8706265687942505,44800,0.0,0.0
1976-10-21,0.8706265687942505,0.8706265687942505,0.8706265687942505,0.8706265687942505,0,0.0,0.0
1976-10-22,0.0,0.8559940530867607,0.8340450525283813,0.8340450525283813,169600,0.0,0.0
1976-10-25,0.0,0.834044975484338,0.8194126074933846,0.8267292380332947,14400,0.0,0.0
1976-10-26,0.0,0.8267292380332947,0.8194126074933846,0.8267292380332947,3200,0.0,0.0
1976-10-27,0.0,0.8267292380332947,0.8267292380332947,0.8267292380332947,16000,0.0,0.0
1976-10-28,0.0,0.8486774998925251,0.834045129204723,0.8413617610931396,9600,0.0,0.0
1976-10-29,0.0,0.8340450525283813,0.8340450525283813,0.8340450525283813,4800,0.0,0.0
1976-11-01,0.0,0.863309919834137,0.834045176788912,0.863309919834137,14400,0.0,0.0
1976-11-03,0.0,0.8486773434752912,0.8267292380332947,0.8267292380332947,24000,0.0,0.0
1976-11-04,0.0,0.8340450525283813,0.8340450525283813,0.8340450525283813,19200,0.0,0.0
1976-11-05,0.0,0.8486776351928711,0.8340452621723043,0.8486776351928711,43200,0.0,0.0
1976-11-08,0.0,0.8779422044754028,0.8633098344008129,0.8779422044754028,48000,0.0,0.0
1976-11-09,0.0,0.863309919834137,0.863309919834137,0.863309919834137,3200,0.0,0.0
1976-11-10,0.0,0.8633097912135876,0.8340450525283813,0.8340450525283813,12800,0.0,0.0
1976-11-11,0.8340450525283813,0.8340450525283813,0.8340450525283813,0.8340450525283813,0,0.0,0.0
1976-11-12,0.0,0.8779422044754028,0.8486774643262228,0.8779422044754028,11200,0.0,0.0
1976-11-15,0.0,0.877942275281192,0.8413617936890085,0.8559941649436951,52800,0.0,0.0
1976-11-16,0.0,0.863309919834137,0.8486775483115244,0.863309919834137,3200,0.0,0.0
1976-11-17,0.0,0.8706265687942505,0.8486775645459269,0.8706265687942505,54400,0.0,0.0
1976-11-18,0.0,0.8706265687942505,0.8706265687942505,0.8706265687942505,64000,0.0,0.0
1976-11-19,0.0,0.8779423081509589,0.8706265687942505,0.8706265687942505,20800,0.0,0.0
1976-11-22,0.0,0.8925747275352478,0.8852589877885487,0.8925747275352478,25600,0.0,0.0
1976-11-23,0.0,0.8998912572860718,0.8852588863797051,0.8998912572860718,6400,0.0,0.0
1976-11-24,0.0,0.9072071001177928,0.8925747275352478,0.8925747275352478,22400,0.0,0.0
1976-11-26,0.8925747275352478,0.8925747275352478,0.8925747275352478,0.8925747275352478,0,0.0,0.0
1976-11-29,0.0,0.8852588534355164,0.8852588534355164,0.8852588534355164,1600,0.0,0.0
1976-11-30,0.8852588534355164,0.8852588534355164,0.8852588534355164,0.8852588534355164,0,0.0,0.0
1976-12-01,0.0,0.8925747275352478,0.8925747275352478,0.8925747275352478,22400,0.0,0.0
1976-12-02,0.0,0.9657366275787355,0.9145237681153628,0.9657366275787354,67200,0.0,0.0
1976-12-03,0.0,0.973053134953176,0.9291560211903801,0.9364717602729797,33600,0.0,0.0
1976-12-06,0.0,0.9218394003088255,0.9145236611366271,0.9145236611366272,64000,0.0,0.0
1976-12-07,0.0,0.9218394003088255,0.9145236611366271,0.9145236611366272,3200,0.0,0.0
1976-12-08,0.0,0.9145236611366271,0.907207028875352,0.9145236611366272,14400,0.0,0.0
1976-12-09,0.0,0.9145236281924384,0.8852588863797051,0.8998912572860718,35200,0.0,0.0
1976-12-10,0.0,0.8925745745499929,0.8779422044754028,0.8779422044754028,36800,0.0,0.0
1976-12-13,0.0,0.8925747275352478,0.8779423549527027,0.8925747275352478,8000,0.0,0.0
1976-12-14,0.0,0.8779422044754028,0.8779422044754028,0.8779422044754028,14400,0.0,0.0
1976-12-15,0.0,0.8852588360571948,0.8633098344008129,0.8779422044754028,59200,0.0,0.0
1976-12-16,0.0,0.863309919834137,0.863309919834137,0.863309919834137,9600,0.0,0.0
1976-12-17,0.0,0.8925747275352478,0.8706266152060036,0.8925747275352478,68800,0.0,0.0
1976-12-20,0.0,0.8925746628793619,0.863309919834137,0.863309919834137,44800,0.0,0.0
1976-12-21,0.0,0.8633100082134378,0.8413618952271745,0.8486776351928711,44800,0.0,0.0
1976-12-22,0.0,0.8267292380332947,0.8194126074933846,0.8267292380332947,35200,0.0,0.0
1976-12-23,0.0,0.8194126486778258,0.8047802799514361,0.8194126486778259,43200,0.0,0.0
1976-12-27,0.0,0.8194126486778258,0.8047802799514361,0.8194126486778259,6400,0.0,0.0
1976-12-28,0.0,0.8267292795854765,0.8194126486778258,0.8194126486778259,36800,0.0,0.0
1976-12-29,0.0,0.8194126486778258,0.8194126486778258,0.8194126486778259,9600,0.0,0.0
1976-12-30,0.0,0.8194126736034045,0.8047803044319152,0.8047803044319153,32000,0.0,0.0
1976-12-31,0.0,0.8340450525283813,0.8047803138431749,0.8340450525283813,112000,0.0,0.0
1977-01-03,0.0,0.8486776351928711,0.8340452621723043,0.8486776351928711,32000,0.0,0.0
1977-01-04,0.0,0.8925745745499929,0.8633098344008129,0.8779422044754028,49600,0.0,0.0
1977-01-05,0.0,0.8998912061317849,0.8779422044754028,0.8779422044754028,30400,0.0,0.0
1977-01-06,0.0,0.8633097912135876,0.8194126831857781,0.8340450525283813,97600,0.0,0.0
1977-01-07,0.0,0.8413616060242479,0.8267292380332947,0.8267292380332947,24000,0.0,0.0
1977-01-10,0.0,0.8194126915939239,0.8047803221011752,0.8120969533920288,12800,0.0,0.0
1977-01-11,0.0,0.7974645313904518,0.7901479005813599,0.7901479005813599,22400,0.0,0.0
1977-01-12,0.0,0.7901480467814319,0.7681999364709244,0.7755156755447388,52800,0.0,0.0
1977-01-13,0.0,0.8120969533920287,0.775515583115678,0.8120969533920288,27200,0.0,0.0
1977-01-14,0.0,0.8706265521399843,0.7974646945269218,0.863309919834137,227200,0.0,0.0
1977-01-17,0.0,0.8706265361983816,0.8559941649436951,0.8559941649436951,41600,0.0,0.0
1977-01-18,0.0,0.8925745745499929,0.8559940959080147,0.8779422044754028,110400,0.0,0.0
1977-01-19,0.0,0.8852588360571948,0.8779422044754028,0.8779422044754028,28800,0.0,0.0
1977-01-20,0.0,0.9072070344019745,0.863309919834137,0.863309919834137,52800,0.0,0.0
1977-01-21,0.0,0.863309919834137,0.8486775483115244,0.863309919834137,28800,0.0,0.0
1977-01-24,0.0,0.8852588534355164,0.8706264830736815,0.8852588534355164,28800,0.0,0.0
1977-01-25,0.0,0.8925746628793619,0.863309919834137,0.863309919834137,25600,0.0,0.0
1977-01-26,0.0,0.8706265521399843,0.863309919834137,0.863309919834137,9600,0.0,0.0
1977-01-27,0.0,0.8706265687942505,0.8559941969917345,0.8706265687942505,25600,0.0,0.0
1977-01-28,0.8706265687942505,0.8706265687942505,0.8706265687942505,0.8706265687942505,0,0.0,0.0
1977-01-31,0.0,0.8706265361983816,0.8559941649436951,0.8559941649436951,59200,0.0,0.0
1977-02-01,0.0,0.8413617610931396,0.834045129204723,0.8413617610931396,33600,0.0,0.0
1977-02-02,0.0,0.8413616837441574,0.8340450525283813,0.8340450525283813,28800,0.0,0.0
1977-02-03,0.0,0.834045042774894,0.8047803044319152,0.8047803044319153,60800,0.0,0.0
1977-02-04,0.0,0.8194126736034045,0.8047803044319152,0.8047803044319153,33600,0.0,0.0
1977-02-07,0.0,0.7974646687507628,0.7974646687507628,0.7974646687507629,6400,0.0,0.0
1977-02-08,0.0,0.7974646687507628,0.7901480366814083,0.7974646687507629,20800,0.0,0.0
1977-02-09,0.0,0.8047805578378365,0.7828324437141418,0.7828324437141418,8000,0.0,0.0
1977-02-10,0.0,0.7755156755447387,0.7681999364709244,0.7755156755447388,19200,0.0,0.0
1977-02-11,0.0,0.7974646687507628,0.7901480366814083,0.7974646687507629,6400,0.0,0.0
1977-02-14,0.0,0.804780418018125,0.7755156755447387,0.7755156755447388,44800,0.0,0.0
1977-02-15,0.0,0.7901479005813599,0.7828321628611674,0.7901479005813599,14400,0.0,0.0
1977-02-16,0.0,0.7901479005813599,0.7828321628611674,0.7901479005813599,9600,0.0,0.0
1977-02-17,0.0,0.7901481840589667,0.7828324437141418,0.7828324437141418,11200,0.0,0.0
1977-02-18,0.0,0.7828321515048628,0.7608831524848938,0.7608831524848938,19200,0.0,0.0
1977-02-22,0.0,0.7389351725578307,0.7389351725578307,0.7389351725578308,11200,0.0,0.0
1977-02-23,0.0,0.7389352604695344,0.702353882542538,0.7243028879165649,204800,0.0,0.0
1977-02-24,0.0,0.7169859409332275,0.7169859409332275,0.7169859409332275,3200,0.0,0.0
1977-02-25,0.0,0.7243028879165648,0.702353882542538,0.7243028879165649,104000,0.0,0.0
1977-02-28,0.0,0.7243025705483517,0.7169859409332275,0.7169859409332275,20800,0.0,0.0
1977-03-01,0.0,0.7243027695126922,0.6730890274047852,0.6730890274047852,41600,0.0,0.0
1977-03-02,0.0,0.7096704244613647,0.6950380537826668,0.7096704244613647,41600,0.0,0.0
1977-03-03,0.0,0.7462509274482727,0.7169861851953993,0.7462509274482727,28800,0.0,0.0
1977-03-04,0.0,0.7608831524848938,0.7462507841678766,0.7608831524848938,57600,0.0,0.0
1977-03-07,0.0,0.7974646687507628,0.7755156656317527,0.7974646687507629,115200,0.0,0.0
1977-03-08,0.0,0.7974646687507628,0.7974646687507628,0.7974646687507629,14400,0.0,0.0
1977-03-09,0.0,0.8047803044319152,0.8047803044319152,0.8047803044319153,4800,0.0,0.0
1977-03-10,0.0,0.8047803044319152,0.7901479352604258,0.8047803044319153,9600,0.0,0.0
1977-03-11,0.0,0.7901481840589667,0.7828324437141418,0.7828324437141418,4800,0.0,0.0
1977-03-14,0.0,0.7901480467814319,0.7681999364709244,0.7755156755447388,20800,0.0,0.0
1977-03-15,0.0,0.7755155994052128,0.7681998610496521,0.7681998610496521,28800,0.0,0.0
1977-03-16,0.0,0.7974646687507628,0.7755156656317527,0.7974646687507629,19200,0.0,0.0
1977-03-17,0.0,0.7828324437141418,0.7828324437141418,0.7828324437141418,6400,0.0,0.0
1977-03-18,0.0,0.7901480467814319,0.7755156755447387,0.7755156755447388,33600,0.0,0.0
1977-03-21,0.0,0.7681998610496521,0.7681998610496521,0.7681998610496521,19200,0.0,0.0
1977-03-22,0.0,0.7901479005813599,0.760883163522791,0.7901479005813599,28800,0.0,0.0
1977-03-23,0.0,0.7974646789443108,0.7755156755447387,0.7755156755447388,46400,0.0,0.0
1977-03-24,0.0,0.7755156755447387,0.7681999364709244,0.7755156755447388,60800,0.0,0.0
1977-03-25,0.0,0.7681997831878457,0.7608831524848938,0.7608831524848938,11200,0.0,0.0
1977-03-28,0.0,0.7681997831878457,0.7608831524848938,0.7608831524848938,56000,0.0,0.0
1977-03-29,0.0,0.7608833155906807,0.7535675764083862,0.7535675764083862,24000,0.0,0.0
1977-03-30,0.0,0.7608833155906807,0.7535675764083862,0.7535675764083862,40000,0.0,0.0
1977-03-31,0.0,0.7535675764083862,0.7535675764083862,0.7535675764083862,14400,0.0,0.0
1977-04-01,0.0,0.7535675595560201,0.7462509274482727,0.7462509274482727,8000,0.0,0.0
1977-04-04,0.0,0.731618307074722,0.7169859409332275,0.7169859409332275,24000,0.0,0.0
1977-04-05,0.0,0.7023537677267323,0.6730890274047852,0.6730890274047852,19200,0.0,0.0
1977-04-06,0.0,0.6950380206108093,0.6584566491154565,0.6950380206108093,81600,0.0,0.0
1977-04-07,0.0,0.6950380029999732,0.680405633390384,0.6877213716506958,14400,0.0,0.0
1977-04-11,0.0,0.6950380206108093,0.6730890190958001,0.6950380206108093,35200,0.0,0.0
1977-04-12,0.0,0.702353835105896,0.6950380958680853,0.702353835105896,57600,0.0,0.0
1977-04-13,0.0,0.7462509274482727,0.7169861851953993,0.7462509274482727,17600,0.0,0.0
1977-04-14,0.0,0.804780418018125,0.7608833043080455,0.7755156755447388,83200,0.0,0.0
1977-04-15,0.0,0.7901481840589667,0.7608834365012273,0.7828324437141418,84800,0.0,0.0
1977-04-18,0.0,0.7681998610496521,0.7681998610496521,0.7681998610496521,4800,0.0,0.0
1977-04-19,0.0,0.7608831524848938,0.7535674148708285,0.7608831524848938,6400,0.0,0.0
1977-04-20,0.0,0.7535675764083862,0.7462509441370138,0.7535675764083862,11200,0.0,0.0
1977-04-21,0.0,0.7462509274482727,0.7462509274482727,0.7462509274482727,1600,0.0,0.0
1977-04-22,0.0,0.7462509274482727,0.7462509274482727,0.7462509274482727,12800,0.0,0.0
1977-04-25,0.0,0.7535675433699756,0.7389351725578307,0.7389351725578308,14400,0.0,0.0
1977-04-26,0.0,0.7389352757796587,0.7316186428070068,0.7316186428070068,20800,0.0,0.0
1977-04-27,0.0,0.7462509274482727,0.7316185563218359,0.7462509274482727,20800,0.0,0.0
1977-04-28,0.0,0.7608831524848938,0.7389350465538113,0.7608831524848938,12800,0.0,0.0
1977-04-29,0.0,0.7608831524848938,0.7608831524848938,0.7608831524848938,17600,0.0,0.0
1977-05-02,0.0,0.7828323077076177,0.7608833043080455,0.7755156755447388,19200,0.0,0.0
1977-05-03,0.0,0.7828324437141418,0.7828324437141418,0.7828324437141418,8000,0.0,0.0
1977-05-04,0.0,0.7901478891189282,0.7608831524848938,0.7608831524848938,60800,0.0,0.0
1977-05-05,0.0,0.775515520801911,0.7608831524848938,0.7608831524848938,17600,0.0,0.0
1977-05-06,0.7608831524848938,0.7608831524848938,0.7608831524848938,0.7608831524848938,0,0.0,0.0
1977-05-09,0.0,0.7535675764083862,0.7535675764083862,0.7535675764083862,1600,0.0,0.0
1977-05-10,0.0,0.7608831524848938,0.7535674148708285,0.7608831524848938,11200,0.0,0.0
1977-05-11,0.0,0.8047803044319152,0.7755155660889365,0.8047803044319153,38400,0.0,0.0
1977-05-12,0.0,0.8194127787807197,0.7974646687507628,0.7974646687507629,81600,0.0,0.0
1977-05-13,0.0,0.7974646687507628,0.7828322977011072,0.7974646687507629,12800,0.0,0.0
1977-05-16,0.0,0.7828323077076177,0.7755156755447387,0.7755156755447388,4800,0.0,0.0
1977-05-17,0.0,0.7755156755447387,0.7608833043080455,0.7755156755447388,16000,0.0,0.0
1977-05-18,0.0,0.7828323077076177,0.7755156755447387,0.7755156755447388,22400,0.0,0.0
1977-05-19,0.0,0.8340450525283813,0.7828322063737447,0.8340450525283813,41600,0.0,0.0
1977-05-20,0.0,0.8559942682477413,0.8486776351928711,0.8486776351928711,11200,0.0,0.0
1977-05-23,0.0,0.8486774998925251,0.834045129204723,0.8413617610931396,30400,0.0,0.0
1977-05-24,0.0,0.8194126736034045,0.7901479352604258,0.8047803044319153,72000,0.0,0.0
1977-05-25,0.0,0.834045042774894,0.8047803044319152,0.8047803044319153,44800,0.0,0.0
1977-05-26,0.0,0.8047803044319152,0.8047803044319152,0.8047803044319153,8000,0.0,0.0
1977-05-27,0.0,0.8194126736034045,0.8047803044319152,0.8047803044319153,17600,0.0,0.0
1977-05-31,0.0,0.8120969533920287,0.7974645838992801,0.8120969533920288,14400,0.0,0.0
1977-06-01,0.0,0.8194126486778258,0.8047802799514361,0.8194126486778259,11200,0.0,0.0
1977-06-02,0.0,0.8340450610866725,0.8120969533920287,0.8120969533920288,11200,0.0,0.0
1977-06-03,0.0,0.8340450525283813,0.8120969450589511,0.8340450525283813,9600,0.0,0.0
1977-06-06,0.0,0.8779422044754028,0.8486774643262228,0.8779422044754028,41600,0.0,0.0
1977-06-07,0.0,0.8779423081509589,0.8633099363484429,0.8706265687942505,27200,0.0,0.0
1977-06-08,0.0,0.8633098705803273,0.8413617610931396,0.8413617610931396,11200,0.0,0.0
1977-06-09,0.0,0.8413616483118662,0.8194126486778258,0.8194126486778259,19200,0.0,0.0
1977-06-10,0.8194126486778258,0.8194126486778258,0.8194126486778258,0.8194126486778259,0,0.0,0.0
1977-06-13,0.0,0.8047802691106443,0.7901479005813599,0.7901479005813599,14400,0.0,0.0
1977-06-14,0.0,0.8120969355621293,0.7974645663906399,0.8047803044319153,72000,0.0,0.0
1977-06-15,0.0,0.8340450525283813,0.8194126831857781,0.8340450525283813,32000,0.0,0.0
1977-06-16,0.0,0.863309919834137,0.8413618090947593,0.863309919834137,36800,0.0,0.0
1977-06-17,0.0,0.8779422044754028,0.8633098344008129,0.8779422044754028,60800,0.0,0.0
1977-06-20,0.0,0.8925745745499929,0.8706264659826047,0.8779422044754028,41600,0.0,0.0
1977-06-21,0.0,0.8852589074530681,0.8559941649436951,0.8559941649436951,27200,0.0,0.0
1977-06-22,0.0,0.8852588534355164,0.8706264830736815,0.8852588534355164,22400,0.0,0.0
1977-06-23,0.0,0.8998912572860718,0.8779422543819995,0.8998912572860718,48000,0.0,0.0
1977-06-24,0.0,0.8998912237973513,0.8852588534355164,0.8852588534355164,11200,0.0,0.0
1977-06-27,0.0,0.9072068333625793,0.8925744650825377,0.9072068333625793,41600,0.0,0.0
1977-06-28,0.0,0.9072071001177928,0.8852589877885487,0.8925747275352478,33600,0.0,0.0
1977-06-29,0.0,0.8779423081509589,0.8706265687942505,0.8706265687942505,9600,0.0,0.0
1977-06-30,0.0,0.8779422044754028,0.8779422044754028,0.8779422044754028,8000,0.0,0.0
1977-07-01,0.0,0.9072068333625793,0.8998910957670007,0.9072068333625793,147200,0.0,0.0
1977-07-05,0.0,0.9876854079184018,0.9218392972823191,0.9730530381202698,121600,0.0,0.0
1977-07-06,0.0,1.0169500773799347,0.9803687088629779,0.9950010776519775,78400,0.0,0.0
1977-07-07,0.0,0.9950013445384467,0.980368971824646,0.980368971824646,56000,0.0,0.0
1977-07-08,0.0,0.9730532606958923,0.9657366275787355,0.9657366275787354,12800,0.0,0.0
1977-07-11,0.0,0.9730530908093458,0.9437883496284486,0.9437883496284485,19200,0.0,0.0
1977-07-12,0.0,0.929155928257647,0.9218392968177795,0.9218392968177795,19200,0.0,0.0
1977-07-13,0.0,0.9145234640470422,0.9072068333625793,0.9072068333625793,6400,0.0,0.0
1977-07-15,0.0,0.9511041315272452,0.9145236499361148,0.9364717602729797,46400,0.0,0.0
1977-07-18,0.0,0.9584207965459568,0.9437884247902101,0.9511041641235352,19200,0.0,0.0
1977-07-19,0.0,0.9584207202188972,0.9437883496284486,0.9437883496284485,25600,0.0,0.0
1977-07-20,0.0,0.9730532606958923,0.9584208875507598,0.9657366275787354,49600,0.0,0.0
1977-07-21,0.0,0.9876856207847595,0.9657366148126154,0.9876856207847595,54400,0.0,0.0
1977-07-22,0.0,1.002317993736466,0.9803689877643217,0.9876856207847595,59200,0.0,0.0
1977-07-25,0.0,0.9876856047261238,0.980368971824646,0.980368971824646,11200,0.0,0.0
1977-07-26,0.0,1.0023181438446045,0.9803691345853555,1.0023181438446045,27200,0.0,0.0
1977-07-27,0.0,0.9950010776519775,0.9876853398019354,0.9950010776519775,44800,0.0,0.0
1977-07-28,0.0,0.9730532432397286,0.9291561245918273,0.9291561245918274,46400,0.0,0.0
1977-07-29,0.0,0.9072069961947328,0.8998912572860718,0.8998912572860718,24000,0.0,0.0
1977-08-01,0.0,0.9218394003088255,0.9145236611366271,0.9145236611366272,6400,0.0,0.0
1977-08-02,0.0,0.9437883496284486,0.9145236084475513,0.9437883496284485,17600,0.0,0.0
1977-08-03,0.0,0.9511040883791603,0.921839347198263,0.9437883496284485,44800,0.0,0.0
1977-08-04,0.0,0.9803690007238678,0.951104254433603,0.9657366275787354,116800,0.0,0.0
1977-08-05,0.9657366275787355,0.9657366275787355,0.9657366275787355,0.9657366275787354,0,0.0,0.0
1977-08-08,0.0,0.9584207636989107,0.9364717602729798,0.9364717602729797,38400,0.0,0.0
1977-08-09,0.0,0.9437883924446454,0.9364717602729798,0.9364717602729797,40000,0.0,0.0
1977-08-10,0.0,0.9437884974744611,0.9072071187232941,0.9291561245918274,328000,0.0,0.0
1977-08-11,0.0,0.9364717602729798,0.9364717602729798,0.9364717602729797,25600,0.0,0.0
1977-08-12,0.0,0.9511041641235353,0.9364717923677885,0.9511041641235352,12800,0.0,0.0
1977-08-15,0.0,0.9657364324239798,0.9511040622357376,0.9584206938743591,16000,0.0,0.0
1977-08-16,0.0,0.9730532606958923,0.9657366275787355,0.9657366275787354,20800,0.0,0.0
1977-08-17,0.0,0.9803687764748473,0.9730530381202698,0.9730530381202698,25600,0.0,0.0
1977-08-18,0.0,0.9950013445384467,0.9730532320123231,0.980368971824646,28800,0.0,0.0
1977-08-19,0.0,0.9730530381202698,0.9730530381202698,0.9730530381202698,43200,0.0,0.0
1977-08-22,0.0,0.980368971824646,0.9657365991108453,0.980368971824646,6400,0.0,0.0
1977-08-23,0.0,0.9876856207847595,0.9803689877643217,0.9876856207847595,4800,0.0,0.0
1977-08-24,0.0,0.9950010776519775,0.9950010776519775,0.9950010776519775,9600,0.0,0.0
1977-08-25,0.0,0.9950011462729793,0.9730530381202698,0.9730530381202698,19200,0.0,0.0
1977-08-26,0.0,0.9803687764748473,0.9730530381202698,0.9730530381202698,46400,0.0,0.0
1977-08-29,0.0,0.9803687764748473,0.9730530381202698,0.9730530381202698,44800,0.0,0.0
1977-08-30,0.0,0.9950010776519775,0.9803687088629779,0.9950010776519775,28800,0.0,0.0
1977-08-31,0.0,0.980368971824646,0.980368971824646,0.980368971824646,52800,0.0,0.0
1977-09-01,0.0,0.995001360716028,0.9803689877643217,0.9876856207847595,20800,0.0,0.0
1977-09-02,0.0,0.9876856207847595,0.9876856207847595,0.9876856207847595,8000,0.0,0.0
1977-09-06,0.0,1.0023181438446045,0.9950015097284205,1.0023181438446045,16000,0.0,0.0
1977-09-07,0.0,1.0096338848714854,1.0023181438446045,1.0023181438446045,4800,0.0,0.0
1977-09-08,0.0,1.002317708590935,0.9950010776519775,0.9950010776519775,100800,0.0,0.0
1977-09-09,0.0,0.9950011462729793,0.9584206683221377,0.9730530381202698,48000,0.0,0.0
1977-09-12,0.0,0.9511041641235353,0.9437884247902101,0.9511041641235352,43200,0.0,0.0
1977-09-13,0.0,0.9437883496284486,0.9437883496284486,0.9437883496284485,8000,0.0,0.0
1977-09-14,0.0,0.9511041641235353,0.9364717923677885,0.9511041641235352,17600,0.0,0.0
1977-09-15,0.0,0.958420693874359,0.958420693874359,0.9584206938743591,1600,0.0,0.0
1977-09-16,0.0,0.9437883924446454,0.9218393890187145,0.9364717602729797,20800,0.0,0.0
1977-09-19,0.0,0.9364717602729798,0.9364717602729798,0.9364717602729797,1600,0.0,0.0
1977-09-20,0.0,0.9511040883791603,0.929155979038,0.9437883496284485,16000,0.0,0.0
1977-09-21,0.0,0.9364715699226626,0.9072068333625793,0.9072068333625793,17600,0.0,0.0
1977-09-22,0.0,0.8925745920719281,0.8852588534355164,0.8852588534355164,81600,0.0,0.0
1977-09-23,0.0,0.8925747275352478,0.8852589877885487,0.8925747275352478,54400,0.0,0.0
1977-09-26,0.0,0.9072069624337631,0.8852588534355164,0.8852588534355164,27200,0.0,0.0
1977-09-27,0.0,0.8998912061317849,0.8779422044754028,0.8779422044754028,51200,0.0,0.0
1977-09-28,0.0,0.8852588360571948,0.8779422044754028,0.8779422044754028,9600,0.0,0.0
1977-09-29,0.0,0.8852588360571948,0.8779422044754028,0.8779422044754028,16000,0.0,0.0
1977-09-30,0.0,0.8852588534355164,0.8779422217100933,0.8852588534355164,19200,0.0,0.0
1977-10-03,0.0,0.8998912572860718,0.8852588863797051,0.8998912572860718,22400,0.0,0.0
1977-10-04,0.0,0.8998912237973513,0.8852588534355164,0.8852588534355164,17600,0.0,0.0
1977-10-05,0.0,0.8998912572860718,0.8852588863797051,0.8998912572860718,14400,0.0,0.0
1977-10-06,0.0,0.9072068333625793,0.8998910957670007,0.9072068333625793,6400,0.0,0.0
1977-10-07,0.0,0.9584207965459568,0.9145236812787167,0.9511041641235352,60800,0.0,0.0
1977-10-10,0.0,0.9657366275787355,0.9657366275787355,0.9657366275787354,9600,0.0,0.0
1977-10-11,0.0,0.9730530381202698,0.9657364066767152,0.9730530381202698,19200,0.0,0.0
1977-10-12,0.0,0.9584207636989107,0.9364717602729798,0.9364717602729797,30400,0.0,0.0
1977-10-13,0.0,0.9145234640470422,0.8998910957670007,0.9072068333625793,44800,0.0,0.0
1977-10-14,0.0,0.8925747275352478,0.8852589877885487,0.8925747275352478,17600,0.0,0.0
1977-10-17,0.0,0.8925747275352478,0.8925747275352478,0.8925747275352478,19200,0.0,0.0
1977-10-18,0.0,0.8998912572860718,0.8925746252883662,0.8998912572860718,25600,0.0,0.0
1977-10-19,0.0,0.9218394727003378,0.8925747275352478,0.8925747275352478,28800,0.0,0.0
1977-10-20,0.0,0.8925747275352478,0.8852589877885487,0.8925747275352478,30400,0.0,0.0
1977-10-21,0.0,0.8925747275352478,0.8925747275352478,0.8925747275352478,16000,0.0,0.0
1977-10-24,0.0,0.8998912061317849,0.8779422044754028,0.8779422044754028,41600,0.0,0.0
1977-10-25,0.0,0.8779422044754028,0.8779422044754028,0.8779422044754028,14400,0.0,0.0
1977-10-26,0.0,0.8633098705803273,0.8413617610931396,0.8413617610931396,19200,0.0,0.0
1977-10-27,0.0,0.8633098705803273,0.8413617610931396,0.8413617610931396,28800,0.0,0.0
1977-10-28,0.0,0.8779422044754028,0.8559940959080147,0.8779422044754028,32000,0.0,0.0
1977-10-31,0.0,0.8779422044754028,0.8779422044754028,0.8779422044754028,8000,0.0,0.0
1977-11-01,0.0,0.8633099040265054,0.8559941649436951,0.8559941649436951,11200,0.0,0.0
1977-11-02,0.0,0.8559940530867607,0.8340450525283813,0.8340450525283813,17600,0.0,0.0
1977-11-03,0.0,0.8779422044754028,0.8486774643262228,0.8779422044754028,67200,0.0,0.0
1977-11-04,0.0,0.8925745745499929,0.8779422044754028,0.8779422044754028,35200,0.0,0.0
1977-11-07,0.0,0.9145236611366271,0.8779422860084052,0.9145236611366272,113600,0.0,0.0
1977-11-08,0.0,0.9072068333625793,0.9072068333625793,0.9072068333625793,14400,0.0,0.0
1977-11-09,0.0,0.9072068333625793,0.8998910957670007,0.9072068333625793,17600,0.0,0.0
1977-11-10,0.0,0.9584207965459568,0.9145236812787167,0.9511041641235352,44800,0.0,0.0
1977-11-11,0.0,1.002317993736466,0.9657366148126154,0.9876856207847595,232000,0.0,0.0
1977-11-14,0.0,1.002317993736466,0.9730532478330532,0.9876856207847595,80000,0.0,0.0
1977-11-15,0.0,1.0535307475498745,0.9730531508787993,1.024266004562378,187200,0.0,0.0
1977-11-16,0.0,1.0754797890574443,1.0388984124954432,1.0681631565093994,161600,0.0,0.0
1977-11-17,0.0,1.0681633055210114,1.04621519099328,1.0535309314727783,38400,0.0,0.0
1977-11-18,0.0,1.0535309314727783,1.031582816945047,1.0535309314727783,46400,0.0,0.0
1977-11-21,0.0,1.03889799118042,1.03889799118042,1.03889799118042,12800,0.0,0.0
1977-11-22,0.0,1.1120602162679036,1.0462149921123636,1.0974278450012207,107200,0.0,0.0
1977-11-23,0.0,1.1632738796245878,1.1120601372841077,1.1413248777389526,451200,0.0,0.0
1977-11-25,0.0,1.1340091921583735,1.1120601892471313,1.1120601892471313,32000,0.0,0.0
1977-11-28,0.0,1.112060121587805,1.0754796430800697,1.0827953815460205,48000,0.0,0.0
1977-11-29,0.0,1.075479939089746,1.0535309314727783,1.0535309314727783,36800,0.0,0.0
1977-11-30,0.0,1.0608469868342403,1.03889799118042,1.03889799118042,38400,0.0,0.0
1977-12-01,0.0,1.0535304367895861,1.0462146997451782,1.0462146997451782,24000,0.0,0.0
1977-12-02,0.0,1.0462146207612766,1.0242656251074564,1.03889799118042,54400,0.0,0.0
1977-12-05,0.0,1.03889799118042,1.0315822546883129,1.03889799118042,30400,0.0,0.0
1977-12-06,0.0,1.0388983760561261,1.024266004562378,1.024266004562378,49600,0.0,0.0
1977-12-07,0.0,1.0315829082956833,1.0096338987350464,1.0096338987350464,24000,0.0,0.0
1977-12-08,1.0096338987350464,1.0096338987350464,1.0096338987350464,1.0096338987350464,0,0.0,0.0
1977-12-09,0.0,1.0315828323364258,1.0096338243919754,1.0315828323364258,126400,0.0,0.0
1977-12-12,0.0,1.0315829082956833,1.0096338987350464,1.0096338987350464,24000,0.0,0.0
1977-12-13,0.0,1.0096338987350464,1.0023181576077111,1.0096338987350464,17600,0.0,0.0
1977-12-14,0.0,1.002317708590935,0.9950010776519775,0.9950010776519775,11200,0.0,0.0
1977-12-15,0.0,1.0096338987350464,0.9950015233910603,1.0096338987350464,27200,0.0,0.0
1977-12-16,0.0,1.0096338848714854,1.0023181438446045,1.0023181438446045,6400,0.0,0.0
1977-12-19,0.0,1.0096334464409773,0.9950010776519775,0.9950010776519775,12800,0.0,0.0
1977-12-20,0.0,1.0023181438446045,0.9876857687015396,1.0023181438446045,51200,0.0,0.0
1977-12-21,0.0,1.0096338987350464,1.0023181576077111,1.0096338987350464,62400,0.0,0.0
1977-12-22,0.0,1.0462146997451782,1.0096333352566869,1.0462146997451782,123200,0.0,0.0
1977-12-23,0.0,1.0901120901107788,1.0535307159298006,1.0901120901107788,313600,0.0,0.0
1977-12-27,0.0,1.082795365009805,1.0754796266555786,1.0754796266555786,57600,0.0,0.0
1977-12-28,0.0,1.0754796266555786,1.0608472568581488,1.0754796266555786,24000,0.0,0.0
1977-12-29,0.0,1.082795365009805,1.0754796266555786,1.0754796266555786,25600,0.0,0.0
1977-12-30,0.0,1.0974277515669126,1.0754796430800697,1.0827953815460205,28800,0.0,0.0
1978-01-03,0.0,1.082795089399311,1.03889799118042,1.03889799118042,49600,0.0,0.0
1978-01-04,0.0,1.0681633055210114,1.0388985574245453,1.0535309314727783,88000,0.0,0.0
1978-01-05,0.0,1.05353122528681,1.0169507265090942,1.0169507265090942,108800,0.0,0.0
1978-01-06,0.0,0.9950013738690001,0.9584208875507598,0.9657366275787354,68800,0.0,0.0
1978-01-09,0.0,0.9511041315272452,0.9218393890187145,0.9364717602729797,28800,0.0,0.0
1978-01-10,0.0,0.9437883700051718,0.8998912572860718,0.8998912572860718,75200,0.0,0.0
1978-01-11,0.0,0.9072071001177928,0.8852589877885487,0.8925747275352478,40000,0.0,0.0
1978-01-12,0.0,0.8998912572860718,0.8779422543819995,0.8998912572860718,24000,0.0,0.0
1978-01-13,0.0,0.9218393671010995,0.8998912572860718,0.8998912572860718,41600,0.0,0.0
1978-01-16,0.0,0.9072068333625793,0.8998910957670007,0.9072068333625793,19200,0.0,0.0
1978-01-17,0.0,0.9364717380074661,0.8998912572860718,0.8998912572860718,236800,0.0,0.0
1978-01-18,0.0,0.8998913603710937,0.8852589877885487,0.8925747275352478,33600,0.0,0.0
1978-01-19,0.0,0.9218392016426209,0.8998910957670007,0.9072068333625793,80000,0.0,0.0
1978-01-20,0.0,0.9145236611366271,0.907207028875352,0.9145236611366272,17600,0.0,0.0
1978-01-23,0.0,0.9072069961947328,0.8998912572860718,0.8998912572860718,14400,0.0,0.0
1978-01-24,0.0,0.9364718644885616,0.9072071187232941,0.9291561245918274,129600,0.0,0.0
1978-01-25,0.0,0.9364717602729798,0.9291560211903801,0.9364717602729797,14400,0.0,0.0
1978-01-26,0.0,0.9657365027815105,0.9364717602729798,0.9364717602729797,76800,0.0,0.0
1978-01-27,0.0,0.9657366275787355,0.951104254433603,0.9657366275787354,17600,0.0,0.0
1978-01-30,0.0,0.9950010776519775,0.9730529710129356,0.9950010776519775,171200,0.0,0.0
1978-01-31,0.0,1.0388983760561261,0.9803688900811331,1.024266004562378,36800,0.0,0.0
1978-02-01,0.0,1.024266004562378,1.016950265360044,1.024266004562378,17600,0.0,0.0
1978-02-02,0.0,1.0242664690288432,1.0169507265090942,1.0169507265090942,46400,0.0,0.0
1978-02-03,0.0,1.0096337336677343,0.9803689877643217,0.9876856207847595,33600,0.0,0.0
1978-02-06,0.0,0.9876856207847595,0.9876856207847595,0.9876856207847595,8000,0.0,0.0
1978-02-07,0.0,0.9950013445384467,0.980368971824646,0.980368971824646,30400,0.0,0.0
1978-02-08,0.0,0.9876856047261238,0.980368971824646,0.980368971824646,4800,0.0,0.0
1978-02-09,0.0,0.9876856047261238,0.980368971824646,0.980368971824646,16000,0.0,0.0
1978-02-10,0.0,0.9950010776519775,0.9803687088629779,0.9950010776519775,9600,0.0,0.0
1978-02-13,0.0,1.0169507265090942,0.9876859702511271,1.0169507265090942,43200,0.0,0.0
1978-02-14,0.0,1.0169505329516972,1.0096338987350464,1.0096338987350464,35200,0.0,0.0
1978-02-15,0.0,1.024266004562378,1.016950265360044,1.024266004562378,19200,0.0,0.0
1978-02-16,0.0,1.0315831046380777,1.0169507265090942,1.0169507265090942,267200,0.0,0.0
1978-02-17,1.0169507265090942,1.0169507265090942,1.0169507265090942,1.0169507265090942,0,0.0,0.0
1978-02-21,0.0,1.0169507265090942,1.0096340908998598,1.0169507265090942,32000,0.0,0.0
1978-02-22,0.0,1.0096338987350464,1.0096338987350464,1.0096338987350464,4800,0.0,0.0
1978-02-23,0.0,1.0169507265090942,1.0096340908998598,1.0169507265090942,40000,0.0,0.0
1978-02-24,0.0,1.0388983760561261,1.024266004562378,1.024266004562378,59200,0.0,0.0
1978-02-27,0.0,1.0315826368537924,1.016950265360044,1.024266004562378,16000,0.0,0.0
1978-02-28,0.0,1.0169503501537251,0.980368971824646,0.980368971824646,80000,0.0,0.0
1978-03-01,0.0,0.9876856207847595,0.9803689877643217,0.9876856207847595,22400,0.0,0.0
1978-03-02,0.0,1.0242664690288432,0.9803693346418928,1.0169507265090942,38400,0.0,0.0
1978-03-03,0.0,1.0315826368537924,1.016950265360044,1.024266004562378,17600,0.0,0.0
1978-03-06,0.0,1.0169507265090942,1.0096340908998598,1.0169507265090942,28800,0.0,0.0
1978-03-07,0.0,1.024266004562378,1.024266004562378,1.024266004562378,16000,0.0,0.0
1978-03-08,0.0,1.0388985729250761,1.0315828323364258,1.0315828323364258,62400,0.0,0.0
1978-03-09,0.0,1.0462146207612766,1.03889799118042,1.03889799118042,32000,0.0,0.0
1978-03-10,0.0,1.0462146997451782,1.038898069611953,1.0462146997451782,28800,0.0,0.0
1978-03-13,0.0,1.0462154827670611,1.0169507265090942,1.0169507265090942,89600,0.0,0.0
1978-03-14,0.0,1.0169505189876695,0.9950015097284205,1.0023181438446045,52800,0.0,0.0
1978-03-15,0.0,1.0096337336677343,0.9876856207847595,0.9876856207847595,48000,0.0,0.0
1978-03-16,0.0,1.024266004562378,1.0023178938662958,1.024266004562378,70400,0.0,0.0
1978-03-17,0.0,1.126692543861422,1.0462149515586936,1.1047444343566895,408000,0.0,0.0
1978-03-20,0.0,1.1632737335148013,1.1266923659964454,1.1559571027755737,104000,0.0,0.0
1978-03-21,0.0,1.185221815109253,1.1413247108459472,1.1705894470214844,227200,0.0,0.0
1978-03-22,0.0,1.1705896181937976,1.1413248777389526,1.1413248777389526,353600,0.0,0.0
1978-03-23,0.0,1.1413248777389526,1.1266925075115302,1.1413248777389526,36800,0.0,0.0
1978-03-27,0.0,1.1632741689682007,1.1486417951012373,1.1632741689682007,36800,0.0,0.0
1978-03-28,0.0,1.1998544931411743,1.1413250056708732,1.1998544931411743,169600,0.0,0.0
1978-03-29,0.0,1.2218033331872669,1.2071709632873535,1.2071709632873535,121600,0.0,0.0
1978-03-30,0.0,1.2218034267425537,1.1998544236675244,1.2218034267425537,163200,0.0,0.0
1978-03-31,0.0,1.2144866064156912,1.1852218689116987,1.1925384998321533,84800,0.0,0.0
1978-04-03,0.0,1.1925384456975736,1.1705894470214844,1.1705894470214844,46400,0.0,0.0
1978-04-04,0.0,1.1632741689682007,1.1559575354901064,1.1632741689682007,64000,0.0,0.0
1978-04-05,0.0,1.1852220296859741,1.1559572882122464,1.1852220296859741,72000,0.0,0.0
1978-04-06,0.0,1.1998544004228382,1.1852220296859741,1.1852220296859741,104000,0.0,0.0
1978-04-07,0.0,1.1852220296859741,1.1705896589491103,1.1852220296859741,84800,0.0,0.0
1978-04-10,0.0,1.1925384456975736,1.1632737095220365,1.1705894470214844,70400,0.0,0.0
1978-04-11,0.0,1.1705894470214844,1.1632737095220365,1.1705894470214844,14400,0.0,0.0
1978-04-12,0.0,1.1852220296859741,1.1632739201251956,1.1852220296859741,126400,0.0,0.0
1978-04-13,0.0,1.1852220296859741,1.1705896589491103,1.1852220296859741,91200,0.0,0.0
1978-04-14,0.0,1.19253847029393,1.1559571027755737,1.1559571027755737,52800,0.0,0.0
1978-04-17,0.0,1.1998544931411743,1.1559573775384486,1.1998544931411743,257600,0.0,0.0
1978-04-18,0.0,1.2144868650087497,1.1998544931411743,1.1998544931411743,52800,0.0,0.0
1978-04-19,0.0,1.221803497487089,1.1925387537519383,1.1998544931411743,184000,0.0,0.0
1978-04-20,0.0,1.2071711256195137,1.1925387537519383,1.1998544931411743,188800,0.0,0.0
1978-04-21,0.0,1.2730163613031076,1.207171133987157,1.2583839893341064,235200,0.0,0.0
1978-04-24,0.0,1.2657008474390579,1.2364360982854294,1.2510684728622437,51200,0.0,0.0
1978-04-25,0.0,1.2949647903442383,1.2657000594109076,1.2949647903442383,174400,0.0,0.0
1978-04-26,0.0,1.3242300527177908,1.287648677825928,1.2876486778259277,153600,0.0,0.0
1978-04-27,0.0,1.3095971558109036,1.2657000594109076,1.2949647903442383,148800,0.0,0.0
1978-04-28,0.0,1.3681270664730645,1.2876485834621758,1.3242299556732178,220800,0.0,0.0
1978-05-01,0.0,1.4047074398602069,1.3315455940341543,1.3827593326568604,118400,0.0,0.0
1978-05-02,0.0,1.4559214115142822,1.397391925485348,1.4559214115142822,145600,0.0,0.0
1978-05-03,0.0,1.463237005410735,1.4120241567658556,1.419339895248413,225600,0.0,0.0
1978-05-04,0.0,1.419339904796371,1.3754427943387513,1.3973917961120605,89600,0.0,0.0
1978-05-05,0.0,1.404707670211792,1.3900752986470857,1.404707670211792,91200,0.0,0.0
1978-05-08,0.0,1.419340191389385,1.390075445175171,1.390075445175171,116800,0.0,0.0
1978-05-09,0.0,1.404707670211792,1.3900752986470857,1.404707670211792,115200,0.0,0.0
1978-05-10,0.0,1.404707670211792,1.3900752986470857,1.404707670211792,140800,0.0,0.0
1978-05-11,0.0,1.4047076317571823,1.346178147100633,1.3608105182647705,1980800,0.0,0.0
1978-05-12,0.0,1.3973917961120605,1.3681270558069807,1.3973917961120605,201600,0.0,0.0
1978-05-15,0.0,1.4120243025386874,1.3973919309739813,1.404707670211792,112000,0.0,0.0
1978-05-16,0.0,1.5217665020782167,1.448604651016764,1.4778693914413452,1433600,0.0,0.0
1978-05-17,0.0,1.4925015993536288,1.4559211243452963,1.4851858615875244,552000,0.0,0.0
1978-05-18,0.0,1.5876130609980224,1.536399304309738,1.5656640529632568,1550400,0.0,0.0
1978-05-19,0.0,1.565663200242106,1.5363984675273001,1.558347463607788,176000,0.0,0.0
1978-05-22,0.0,1.5802961432037657,1.529083288811153,1.5729804039001465,532800,0.0,0.0
1978-05-23,0.0,1.61687751898914,1.5656637715074346,1.5729804039001465,148800,0.0,0.0
1978-05-24,0.0,1.5437153039897566,1.4998181990387052,1.5217663049697876,564800,0.0,0.0
1978-05-25,0.0,1.5071342652450592,1.448604779216125,1.4559214115142822,104000,0.0,0.0
1978-05-26,0.0,1.4632372856140137,1.4486049127578735,1.4632372856140137,147200,0.0,0.0
1978-05-30,0.0,1.4998183933042821,1.4632370212290546,1.4778693914413452,267200,0.0,0.0
1978-05-31,0.0,1.4998184870042928,1.4705537447514194,1.4925018548965454,80000,0.0,0.0
1978-06-01,0.0,1.4998184870042928,1.485186115877856,1.4925018548965454,38400,0.0,0.0
1978-06-02,0.0,1.5071341991424563,1.485186089388786,1.507134199142456,73600,0.0,0.0
1978-06-05,0.0,1.5071341991424563,1.4998184602542468,1.507134199142456,163200,0.0,0.0
1978-06-06,0.0,1.5363990185708256,1.5071342753599526,1.5144509077072144,430400,0.0,0.0
1978-06-07,0.0,1.5290829356727396,1.4998181990387052,1.5217663049697876,67200,0.0,0.0
1978-06-08,0.0,1.5437153577804565,1.5217663579956755,1.5437153577804565,72000,0.0,0.0
1978-06-09,0.0,1.6315098785497693,1.5437156490248243,1.594928503036499,233600,0.0,0.0
1978-06-12,0.0,1.60956083603625,1.5510313510894773,1.5510313510894775,92800,0.0,0.0
1978-06-13,0.0,1.5656637223261707,1.521766608616091,1.5510313510894775,94400,0.0,0.0
1978-06-14,0.0,1.594928369067964,1.5363988876342773,1.5363988876342773,78400,0.0,0.0
1978-06-15,0.0,1.5144508311197076,1.4925018282769955,1.507134199142456,49600,0.0,0.0
1978-06-16,0.0,1.5071341318659262,1.4778693914413452,1.4778693914413452,25600,0.0,0.0
1978-06-19,0.0,1.4559215594719055,1.4193401804417085,1.4412891864776611,139200,0.0,0.0
1978-06-20,0.0,1.4339724907640872,1.404707746054616,1.4120243787765503,76800,0.0,0.0
1978-06-21,0.0,1.4266565372394246,1.3461780548095703,1.3461780548095703,195200,0.0,0.0
1978-06-22,0.0,1.390075445175171,1.3461783258538498,1.390075445175171,118400,0.0,0.0
1978-06-23,0.0,1.4559215594719055,1.4047078074474642,1.4412891864776611,177600,0.0,0.0
1978-06-26,0.0,1.441288809317702,1.3827593326568601,1.3827593326568604,78400,0.0,0.0
1978-06-27,0.0,1.390075445175171,1.3461783258538498,1.390075445175171,81600,0.0,0.0
1978-06-28,0.0,1.390075445175171,1.375443072068064,1.390075445175171,28800,0.0,0.0
1978-06-29,0.0,1.4047075346438311,1.3900751644912912,1.3973917961120605,33600,0.0,0.0
1978-06-30,0.0,1.4047075346438311,1.3973917961120605,1.3973917961120605,60800,0.0,0.0
1978-07-03,0.0,1.4266568422317505,1.404707835753507,1.4266568422317505,24000,0.0,0.0
1978-07-05,0.0,1.4339724133412042,1.404707670211792,1.404707670211792,25600,0.0,0.0
1978-07-06,0.0,1.419340191389385,1.390075445175171,1.390075445175171,49600,0.0,0.0
1978-07-07,0.0,1.4266568422317505,1.404707835753507,1.4266568422317505,150400,0.0,0.0
1978-07-10,0.0,1.4339725823317049,1.404707835753507,1.4266568422317505,38400,0.0,0.0
1978-07-11,0.0,1.4486042480079495,1.433971881866455,1.433971881866455,195200,0.0,0.0
1978-07-12,0.0,1.4559214546738664,1.4339724502178153,1.4486048221588135,318400,0.0,0.0
1978-07-13,0.0,1.4486049264301972,1.4266568134834168,1.4412891864776611,251200,0.0,0.0
1978-07-14,0.0,1.4559214546738664,1.4339724502178153,1.4486048221588135,52800,0.0,0.0
1978-07-17,0.0,1.477869522230592,1.4559214115142822,1.4559214115142822,256000,0.0,0.0
1978-07-18,0.0,1.4559208776230737,1.4266561453400848,1.433971881866455,172800,0.0,0.0
1978-07-19,0.0,1.4559215888099486,1.4266568422317505,1.4266568422317505,43200,0.0,0.0
1978-07-20,0.0,1.4486049264301972,1.4339725534359529,1.4412891864776611,48000,0.0,0.0
1978-07-21,0.0,1.4559214115142822,1.4266566684998152,1.4559214115142822,64000,0.0,0.0
1978-07-24,0.0,1.4632372856140137,1.4339725399017333,1.4632372856140137,136000,0.0,0.0
1978-07-25,0.0,1.4925015993536288,1.4632368621114007,1.4851858615875244,216000,0.0,0.0
1978-07-26,0.0,1.5802960935628638,1.4925018661427047,1.5510313510894775,460800,0.0,0.0
1978-07-27,0.0,1.6241932026398676,1.5729803500020605,1.6022450923919678,259200,0.0,0.0
1978-07-28,0.0,1.602245092391968,1.5729803500020605,1.6022450923919678,155200,0.0,0.0
1978-07-31,0.0,1.6095608314449137,1.59492846024996,1.6022450923919678,110400,0.0,0.0
1978-08-01,0.0,1.6388250320291202,1.551030833884703,1.558347463607788,116800,0.0,0.0
1978-08-02,0.0,1.572980686671263,1.5510316786364973,1.5656640529632568,156800,0.0,0.0
1978-08-03,0.0,1.602244800501096,1.5656634326334353,1.5802958011627197,129600,0.0,0.0
1978-08-04,0.0,1.5729802433524287,1.5290831327438352,1.5290831327438354,86400,0.0,0.0
1978-08-07,0.0,1.558347463607788,1.5290827308929822,1.558347463607788,158400,0.0,0.0
1978-08-08,0.0,1.558347726607338,1.5437153577804565,1.5437153577804565,32000,0.0,0.0
1978-08-09,0.0,1.5656636117064957,1.5290831327438352,1.5290831327438354,220800,0.0,0.0
1978-08-10,0.0,1.551031041603822,1.5144505673557223,1.5217663049697876,198400,0.0,0.0
1978-08-11,0.0,1.5144510557059687,1.4925020496083181,1.4998186826705933,84800,0.0,0.0
1978-08-14,0.0,1.507134226022982,1.485186115877856,1.4925018548965454,65600,0.0,0.0
1978-08-15,0.0,1.4925015993536288,1.4778692307325147,1.4851858615875244,19200,0.0,0.0
1978-08-16,0.0,1.5217663049697876,1.4925015683357532,1.5217663049697876,168000,0.0,0.0
1978-08-17,0.0,1.572979829965191,1.543715097250385,1.558347463607788,252800,0.0,0.0
1978-08-18,0.0,1.5583479832523564,1.5437156120156632,1.5510313510894775,260800,0.0,0.0
1978-08-21,0.0,1.5583480225235238,1.5144509077072146,1.5144509077072144,76800,0.0,0.0
1978-08-22,0.0,1.543715519357994,1.4998184082827288,1.5363988876342773,104000,0.0,0.0
1978-08-23,0.0,1.572980686671263,1.536399304309738,1.5656640529632568,52800,0.0,0.0
1978-08-24,0.0,1.572979829965191,1.551030833884703,1.558347463607788,123200,0.0,0.0
1978-08-25,0.0,1.6827227425786244,1.558348029889098,1.6534579992294312,347200,0.0,0.0
1978-08-28,0.0,1.7119872130845721,1.6534577357141595,1.6680901050567627,168000,0.0,0.0
1978-08-29,0.0,1.6607744270453515,1.5949283160757166,1.6168773174285889,72000,0.0,0.0
1978-08-30,0.0,1.6607748863496317,1.62419350500755,1.6315101385116577,70400,0.0,0.0
1978-08-31,0.0,1.6095611759435349,1.5656640529632566,1.5656640529632568,102400,0.0,0.0
1978-09-01,0.0,1.5802958011627197,1.5656634326334353,1.5802958011627197,30400,0.0,0.0
1978-09-05,0.0,1.5802964272900162,1.5583483123445037,1.5656640529632568,30400,0.0,0.0
1978-09-06,0.0,1.6607746316112753,1.5802961408564473,1.6534579992294312,214400,0.0,0.0
1978-09-07,0.0,1.6754071087394558,1.6388257307059106,1.6461423635482788,121600,0.0,0.0
1978-09-08,0.0,1.682722568511963,1.6388254580290422,1.682722568511963,44800,0.0,0.0
1978-09-11,0.0,1.7339362936940808,1.6754068136215208,1.675406813621521,155200,0.0,0.0
1978-09-12,0.0,1.726619839668274,1.6900393574062837,1.726619839668274,158400,0.0,0.0
1978-09-13,0.0,1.785149297794374,1.726619812620788,1.7412521839141846,241600,0.0,0.0
1978-09-14,0.0,1.7339363788628868,1.704671637389159,1.7119873762130737,92800,0.0,0.0
1978-09-15,0.0,1.697354537044499,1.6607740668422442,1.690038800239563,89600,0.0,0.0
1978-09-18,0.0,1.6973549051814965,1.6168773174285886,1.6168773174285889,76800,0.0,0.0
1978-09-19,0.0,1.6168775069622783,1.594928503036499,1.594928503036499,24000,0.0,0.0
1978-09-20,0.0,1.587612630433259,1.5290831489995722,1.5363988876342773,129600,0.0,0.0
1978-09-21,0.0,1.5217663049697876,1.4998181990387052,1.5217663049697876,57600,0.0,0.0
1978-09-22,0.0,1.5363990185708256,1.5144509077072146,1.5144509077072144,28800,0.0,0.0
1978-09-25,0.0,1.5656640529632566,1.5144511893642254,1.5656640529632568,67200,0.0,0.0
1978-09-26,0.0,1.5656636117064957,1.507134130895038,1.5290831327438354,78400,0.0,0.0
1978-09-27,0.0,1.536399168714445,1.499818682670593,1.4998186826705933,49600,0.0,0.0
1978-09-28,0.0,1.5144509077072146,1.4925019037545162,1.5144509077072144,78400,0.0,0.0
1978-09-29,0.0,1.5290831327438352,1.507134130895038,1.5290831327438354,59200,0.0,0.0
1978-10-02,0.0,1.5217663049697876,1.5144505673557223,1.5217663049697876,19200,0.0,0.0
1978-10-03,0.0,1.5071344226436938,1.499818682670593,1.4998186826705933,4800,0.0,0.0
1978-10-04,0.0,1.5071344226436938,1.4925020496083181,1.4998186826705933,24000,0.0,0.0
1978-10-05,0.0,1.558347463607788,1.5071337348124945,1.558347463607788,70400,0.0,0.0
1978-10-06,0.0,1.5802958333032013,1.5437153577804565,1.5437153577804565,99200,0.0,0.0
1978-10-09,0.0,1.5656634644763199,1.5437153577804565,1.5437153577804565,24000,0.0,0.0
1978-10-10,0.0,1.565663200242106,1.551030833884703,1.558347463607788,49600,0.0,0.0
1978-10-11,0.0,1.5583479832523564,1.5437156120156632,1.5510313510894775,116800,0.0,0.0
1978-10-12,0.0,1.5802958011627197,1.5363986955748665,1.5802958011627197,225600,0.0,0.0
1978-10-13,0.0,1.6388254256924795,1.5876125776840802,1.6168773174285889,129600,0.0,0.0
1978-10-16,0.0,1.6095605709569645,1.529082988953575,1.5437153577804565,49600,0.0,0.0
1978-10-17,0.0,1.5363987306835933,1.4339721486380206,1.4705535173416138,59200,0.0,0.0
1978-10-18,0.0,1.477869522230592,1.448604779216125,1.4559214115142822,20800,0.0,0.0
1978-10-19,0.0,1.4486048631188229,1.4120243787765503,1.4120243787765503,54400,0.0,0.0
1978-10-20,0.0,1.4047072838092671,1.2364355036473682,1.2730159759521484,164800,0.0,0.0
1978-10-23,0.0,1.2583837049553193,1.1486413865327396,1.2144865989685059,259200,0.0,0.0
1978-10-24,0.0,1.2657006218631617,1.221803505956158,1.2583839893341064,78400,0.0,0.0
1978-10-25,0.0,1.3022810220718384,1.2583839089682933,1.3022810220718384,64000,0.0,0.0
1978-10-26,0.0,1.3388623962026522,1.294965283099107,1.3022810220718384,155200,0.0,0.0
1978-10-27,0.0,1.273016209785755,1.1413248777389526,1.1413248777389526,140800,0.0,0.0
1978-10-30,0.0,1.1120601892471313,0.9584207412246158,1.1120601892471313,275200,0.0,0.0
1978-10-31,0.0,1.1925387651132688,1.0608474170504663,1.0681631565093994,251200,0.0,0.0
1978-11-01,0.0,1.1998544931411743,1.075479778811336,1.1998544931411743,302400,0.0,0.0
1978-11-02,0.0,1.207170838683494,1.134008996735673,1.1559571027755737,211200,0.0,0.0
1978-11-03,0.0,1.1779062747955322,1.126692531370542,1.1779062747955322,72000,0.0,0.0
1978-11-06,0.0,1.1998543840569407,1.1779062747955322,1.1779062747955322,48000,0.0,0.0
1978-11-07,0.0,1.1632739453836818,1.0827954580389618,1.0901120901107788,318400,0.0,0.0
1978-11-08,0.0,1.0901119002115764,1.0242657953919319,1.0608471632003784,78400,0.0,0.0
1978-11-09,0.0,1.060847565041513,1.0388985574245453,1.0535309314727783,142400,0.0,0.0
1978-11-10,0.0,1.0608476444168646,1.0023181438446045,1.0023181438446045,180800,0.0,0.0
1978-11-13,0.0,1.0169503801312894,0.9437885144056275,0.9657366275787354,142400,0.0,0.0
1978-11-14,0.0,0.9803688740357758,0.9364717602729798,0.9364717602729797,118400,0.0,0.0
1978-11-15,0.0,0.995001172800464,0.9437883236861169,0.9584206938743591,118400,0.0,0.0
1978-11-16,0.0,0.980368971824646,0.9511042263970446,0.980368971824646,40000,0.0,0.0
1978-11-17,0.0,1.0096337336677343,0.9657366148126154,0.9876856207847595,72000,0.0,0.0
1978-11-20,0.0,1.0242662600145505,1.0023181438446045,1.0023181438446045,144000,0.0,0.0
1978-11-21,0.0,1.016950366688172,0.9803689877643217,0.9876856207847595,478400,0.0,0.0
1978-11-22,0.0,1.0023181438446045,0.9657367594422904,1.0023181438446045,142400,0.0,0.0
1978-11-24,0.0,1.0535309314727783,1.0023180688485809,1.0535309314727783,212800,0.0,0.0
1978-11-27,0.0,1.0535303572533836,1.0096332590344927,1.03889799118042,107200,0.0,0.0
1978-11-28,0.0,1.0462154827670611,1.0169507265090942,1.0169507265090942,121600,0.0,0.0
1978-11-29,0.0,1.0462150083475406,1.0096336330686297,1.024266004562378,121600,0.0,0.0
1978-11-30,0.0,1.03889799118042,1.0096332590344927,1.03889799118042,72000,0.0,0.0
1978-12-01,0.0,1.126692543861422,1.0754796929576915,1.1047444343566895,150400,0.0,0.0
1978-12-04,0.0,1.1266927572117196,1.0681632633305913,1.1193770170211792,161600,0.0,0.0
1978-12-05,0.0,1.1340090036392212,1.1120600043768096,1.1340090036392212,75200,0.0,0.0
1978-12-06,0.0,1.1925388843725895,1.1193770170211792,1.1193770170211792,254400,0.0,0.0
1978-12-07,0.0,1.1852218395547023,1.134008996735673,1.1559571027755737,150400,0.0,0.0
1978-12-08,0.0,1.1632738796245878,1.1340091391697429,1.1413248777389526,54400,0.0,0.0
1978-12-11,0.0,1.1340091921583735,1.1047444503360806,1.1120601892471313,102400,0.0,0.0
1978-12-12,0.0,1.1120598215452384,1.03889799118042,1.03889799118042,233600,0.0,0.0
1978-12-13,0.0,1.0242662740790327,1.0096338987350464,1.0096338987350464,148800,0.0,0.0
1978-12-14,0.0,1.0096334464409773,0.9876853398019354,0.9950010776519775,246400,0.0,0.0
1978-12-15,0.0,1.0096337336677343,0.9876856207847595,0.9876856207847595,41600,0.0,0.0
1978-12-18,0.0,0.9511041431757723,0.8998912897031537,0.9145236611366272,144000,0.0,0.0
1978-12-19,0.0,0.9364717602729798,0.9072070177644492,0.9364717602729797,121600,0.0,0.0
1978-12-20,0.0,0.9364717602729798,0.9291560211903801,0.9364717602729797,60800,0.0,0.0
1978-12-21,0.0,0.9730530640626012,0.9072069516710113,0.9584206938743591,316800,0.0,0.0
1978-12-22,0.0,1.0315826368537924,0.965736518587385,1.024266004562378,124800,0.0,0.0
1978-12-26,0.0,1.0388985729250761,1.0096338243919754,1.0315828323364258,76800,0.0,0.0
1978-12-27,0.0,1.0242658152299768,0.9657363400739781,0.9950010776519775,147200,0.0,0.0
1978-12-28,0.0,0.9803687764748473,0.9511040368785832,0.9730530381202698,251200,0.0,0.0
1978-12-29,0.0,0.9950013738690001,0.9584208875507598,0.9657366275787354,350400,0.0,0.0
1979-01-02,0.0,1.0023181438446045,0.9657367594422904,1.0023181438446045,52800,0.0,0.0
1979-01-03,0.0,1.0535304367895861,1.0096333352566869,1.0462146997451782,164800,0.0,0.0
1979-01-04,0.0,1.1266925712027036,1.0535307159298006,1.0901120901107788,123200,0.0,0.0
1979-01-05,0.0,1.082795365009805,1.0681629952123752,1.0754796266555786,132800,0.0,0.0
1979-01-08,0.0,1.1047444611653594,1.03889834487522,1.0901120901107788,192000,0.0,0.0
1979-01-09,0.0,1.1120602162679036,1.0754797346457294,1.0974278450012207,198400,0.0,0.0
1979-01-10,0.0,1.1047444611653594,1.0827954580389618,1.0901120901107788,113600,0.0,0.0
1979-01-11,0.0,1.1120602162679036,1.0974278450012207,1.0974278450012207,51200,0.0,0.0
1979-01-12,0.0,1.1486414756427274,1.0754796266555786,1.0754796266555786,376000,0.0,0.0
1979-01-15,0.0,0.9364715699226626,0.8486773602424129,0.9072068333625793,492800,0.0,0.0
1979-01-16,0.0,0.9584208703570949,0.9072071187232941,0.9291561245918274,731200,0.0,0.0
1979-01-17,0.0,0.9291561245918273,0.9145237517091935,0.9291561245918274,334400,0.0,0.0
1979-01-18,0.0,0.936471666608538,0.9218392968177795,0.9218392968177795,129600,0.0,0.0
1979-01-19,0.0,0.9511041641235353,0.9364717923677885,0.9511041641235352,180800,0.0,0.0
1979-01-22,0.0,0.9511040883791603,0.9364717177887116,0.9437883496284485,86400,0.0,0.0
1979-01-23,0.0,0.9511041315272452,0.9364717602729798,0.9364717602729797,283200,0.0,0.0
1979-01-24,0.0,0.9364717717422989,0.9145236611366271,0.9145236611366272,86400,0.0,0.0
1979-01-25,0.0,0.9437883496284486,0.9145236084475513,0.9437883496284485,217600,0.0,0.0
1979-01-26,0.0,0.9657365358792819,0.9511041641235353,0.9511041641235352,142400,0.0,0.0
1979-01-29,0.0,0.9657364324239798,0.958420693874359,0.9584206938743591,91200,0.0,0.0
1979-01-30,0.0,0.9876856338410246,0.9657366275787355,0.9657366275787354,89600,0.0,0.0
1979-01-31,0.0,0.9803690007238678,0.9584208875507598,0.9657366275787354,75200,0.0,0.0
1979-02-01,0.0,0.9657365027815105,0.9364717602729798,0.9364717602729797,92800,0.0,0.0
1979-02-02,0.0,0.958420693874359,0.9437883236861169,0.9584206938743591,67200,0.0,0.0
1979-02-05,0.0,0.9584207754370474,0.9145236611366271,0.9145236611366272,131200,0.0,0.0
1979-02-06,0.0,0.9584207202188972,0.921839347198263,0.9437883496284485,248000,0.0,0.0
1979-02-07,0.0,0.9437882980484054,0.9145235584668886,0.9218392968177795,84800,0.0,0.0
1979-02-08,0.0,0.9511040883791603,0.921839347198263,0.9437883496284485,531200,0.0,0.0
1979-02-09,0.0,0.9437884974744611,0.9291561245918273,0.9291561245918274,48000,0.0,0.0
1979-02-12,0.0,0.929155928257647,0.9218392968177795,0.9218392968177795,35200,0.0,0.0
1979-02-13,0.0,0.9291558323270839,0.9072068333625793,0.9072068333625793,64000,0.0,0.0
1979-02-14,0.0,0.9218392016426209,0.9072068333625793,0.9072068333625793,96000,0.0,0.0
1979-02-15,0.0,0.9291561245918273,0.9072071187232941,0.9291561245918274,48000,0.0,0.0
1979-02-16,0.0,0.9584207965459568,0.9364717923677885,0.9511041641235352,38400,0.0,0.0
1979-02-20,0.0,0.958420693874359,0.9364716920474955,0.9584206938743591,44800,0.0,0.0
1979-02-21,0.0,0.9657364589696089,0.9364717177887116,0.9437883496284485,30400,0.0,0.0
1979-02-22,0.0,0.9511040883791603,0.9364717177887116,0.9437883496284485,25600,0.0,0.0
1979-02-23,0.0,0.9364718644885616,0.9291561245918273,0.9291561245918274,49600,0.0,0.0
1979-02-26,0.0,0.9364717602729798,0.9072070177644492,0.9364717602729797,108800,0.0,0.0
1979-02-27,0.0,0.9364715699226626,0.8998910957670007,0.9072068333625793,148800,0.0,0.0
1979-02-28,0.0,0.9291558323270839,0.9072068333625793,0.9072068333625793,67200,0.0,0.0
1979-03-01,0.0,0.9364717602729798,0.9072070177644492,0.9364717602729797,46400,0.0,0.0
1979-03-02,0.0,0.9364717602729798,0.9364717602729798,0.9364717602729797,30400,0.0,0.0
1979-03-05,0.0,0.9511040883791603,0.9364717177887116,0.9437883496284485,94400,0.0,0.0
1979-03-06,0.0,0.9511042373711954,0.9218394916059278,0.9291561245918274,32000,0.0,0.0
1979-03-07,0.0,0.9364718644885616,0.9291561245918273,0.9291561245918274,11200,0.0,0.0
1979-03-08,0.0,0.936471666608538,0.9145235584668886,0.9218392968177795,99200,0.0,0.0
1979-03-09,0.0,0.9584207202188972,0.929155979038,0.9437883496284485,91200,0.0,0.0
1979-03-12,0.0,0.9437883924446454,0.9364717602729798,0.9364717602729797,22400,0.0,0.0
1979-03-13,0.0,0.9584207202188972,0.9364717177887116,0.9437883496284485,78400,0.0,0.0
1979-03-14,0.0,0.9437884974744611,0.9291561245918273,0.9291561245918274,36800,0.0,0.0
1979-03-15,0.0,0.9437884974744611,0.9291561245918273,0.9291561245918274,54400,0.0,0.0
1979-03-16,0.0,0.9876856207847595,0.9364718689092028,0.9876856207847595,129600,0.0,0.0
1979-03-19,0.0,1.0535305528079761,0.9876853398019354,0.9950010776519775,200000,0.0,0.0
1979-03-20,0.0,1.0096337172522474,0.9730532320123231,0.980368971824646,54400,0.0,0.0
1979-03-21,0.0,1.0242662600145505,0.9876857687015396,1.0023181438446045,91200,0.0,0.0
1979-03-22,0.0,1.0096334464409773,0.9876853398019354,0.9950010776519775,110400,0.0,0.0
1979-03-23,0.0,1.0242664690288432,0.9950017127708762,1.0169507265090942,174400,0.0,0.0
1979-03-26,0.0,1.0388983760561261,1.016950265360044,1.024266004562378,78400,0.0,0.0
1979-03-27,0.0,1.0315828941307346,0.9950015097284205,1.0023181438446045,75200,0.0,0.0
1979-03-28,0.0,1.0096337172522474,0.980368971824646,0.980368971824646,108800,0.0,0.0
1979-03-29,0.0,0.9803688295600574,0.9364717177887116,0.9437883496284485,155200,0.0,0.0
1979-03-30,0.0,0.9584207202188972,0.9364717177887116,0.9437883496284485,112000,0.0,0.0
1979-04-02,0.0,0.9950013445384467,0.9584208592985224,0.980368971824646,99200,0.0,0.0
1979-04-03,0.0,1.0169507265090942,0.9803693346418928,1.0169507265090942,172800,0.0,0.0
1979-04-04,0.0,1.112060121587805,1.0754796430800697,1.0827953815460205,588800,0.0,0.0
1979-04-05,0.0,1.1486417789480123,1.0901122843032527,1.126692771911621,276800,0.0,0.0
1979-04-06,0.0,1.126692543861422,1.097427802462424,1.1047444343566895,128000,0.0,0.0
1979-04-09,0.0,1.126692543861422,1.097427802462424,1.1047444343566895,124800,0.0,0.0
1979-04-10,0.0,1.1047444771790953,1.0901121059124124,1.0974278450012207,70400,0.0,0.0
1979-04-11,0.0,1.1047442687171756,1.0608471632003784,1.0608471632003784,108800,0.0,0.0
1979-04-12,0.0,1.082795269414328,1.0608471632003784,1.0608471632003784,110400,0.0,0.0
1979-04-16,0.0,1.0535309471916263,1.0169504580698754,1.0315828323364258,65600,0.0,0.0
1979-04-17,0.0,1.0608470669228114,1.016949965389912,1.0462146997451782,64000,0.0,0.0
1979-04-18,0.0,1.0754797890574443,1.03158267303651,1.0681631565093994,88000,0.0,0.0
1979-04-19,0.0,1.082795365009805,1.0681629952123752,1.0754796266555786,243200,0.0,0.0
1979-04-20,0.0,1.1193768050561885,1.0754796929576915,1.1047444343566895,131200,0.0,0.0
1979-04-23,0.0,1.1632737405965057,1.1047442666819367,1.1340090036392212,238400,0.0,0.0
1979-04-24,0.0,1.1632741689682007,1.141325161623143,1.1632741689682007,203200,0.0,0.0
1979-04-25,0.0,1.1779062747955322,1.1486415337209726,1.1779062747955322,424000,0.0,0.0
1979-04-26,0.0,1.1779061019043655,1.1486413651252372,1.1559571027755737,331200,0.0,0.0
1979-04-27,0.0,1.1559571098127364,1.1340090036392212,1.1340090036392212,140800,0.0,0.0
1979-04-30,0.0,1.177906542835164,1.141325161623143,1.1632741689682007,265600,0.0,0.0
1979-05-01,0.0,1.2071709632873535,1.1559572220931646,1.2071709632873535,230400,0.0,0.0
1979-05-02,0.0,1.3169134322896325,1.2071710928100359,1.2657005786895752,425600,0.0,0.0
1979-05-03,0.0,1.2730161717959814,1.229119062423706,1.229119062423706,241600,0.0,0.0
1979-05-04,0.0,1.2437512874603271,1.1705894470214844,1.1705894470214844,121600,0.0,0.0
1979-05-07,0.0,1.1779063335125102,1.0974278450012207,1.0974278450012207,132800,0.0,0.0
1979-05-08,0.0,1.1486413721178634,1.0974276358981674,1.1340090036392212,83200,0.0,0.0
1979-05-09,0.0,1.1559572479663751,1.104744398714898,1.1413248777389526,105600,0.0,0.0
1979-05-10,0.0,1.1413248616295892,1.0827953815460205,1.0827953815460205,43200,0.0,0.0
1979-05-11,0.0,1.1047444611653594,1.0754797190561984,1.0901120901107788,49600,0.0,0.0
1979-05-14,0.0,1.1413251306820016,1.075479896610333,1.1193770170211792,86400,0.0,0.0
1979-05-15,0.0,1.1413247413340941,1.1120600043768096,1.1340090036392212,94400,0.0,0.0
1979-05-16,0.0,1.1998543840569407,1.1413249019078218,1.1779062747955322,123200,0.0,0.0
1979-05-17,0.0,1.170589471165138,1.1193766283461086,1.1559571027755737,219200,0.0,0.0
1979-05-18,0.0,1.1705896181937976,1.1340091391697429,1.1413248777389526,68800,0.0,0.0
1979-05-21,0.0,1.1413248777389526,1.1266925075115302,1.1413248777389526,54400,0.0,0.0
1979-05-22,0.0,1.1340093904914612,1.1193770170211792,1.1193770170211792,59200,0.0,0.0
1979-05-23,0.0,1.1193768484457782,1.0974278450012207,1.0974278450012207,24000,0.0,0.0
1979-05-24,0.0,1.112060173161923,1.097427802462424,1.1047444343566895,51200,0.0,0.0
1979-05-25,0.0,1.1120602162679036,1.0974278450012207,1.0974278450012207,64000,0.0,0.0
1979-05-29,0.0,1.1047444771790953,1.0901121059124124,1.0974278450012207,30400,0.0,0.0
1979-05-30,0.0,1.1047443662504381,1.0754796266555786,1.0754796266555786,41600,0.0,0.0
1979-05-31,0.0,1.0827953815460205,1.0388982714833441,1.0827953815460205,78400,0.0,0.0
1979-06-01,0.0,1.0901120901107788,1.0754797190561984,1.0901120901107788,73600,0.0,0.0
1979-06-04,0.0,1.112060173161923,1.0901120636571906,1.1047444343566895,78400,0.0,0.0
1979-06-05,0.0,1.1193770170211792,1.0974280102711556,1.1193770170211792,108800,0.0,0.0
1979-06-06,0.0,1.1559571027755737,1.112059997606881,1.1559571027755737,443200,0.0,0.0
1979-06-07,0.0,1.1632738367829556,1.1486414670944214,1.1486414670944214,163200,0.0,0.0
1979-06-08,0.0,1.1559572053942033,1.1413248357056691,1.1486414670944214,116800,0.0,0.0
1979-06-11,0.0,1.1559572479663751,1.1413248777389526,1.1413248777389526,43200,0.0,0.0
1979-06-12,0.0,1.1559571027755737,1.1266923659964454,1.1559571027755737,100800,0.0,0.0
1979-06-13,0.0,1.2071709632873535,1.1413248521932513,1.2071709632873535,260800,0.0,0.0
1979-06-14,0.0,1.1779061019043655,1.1413247343860096,1.1559571027755737,116800,0.0,0.0
1979-06-15,0.0,1.1340091757556874,1.1047444343566895,1.1047444343566895,212800,0.0,0.0
1979-06-18,0.0,1.112060173161923,1.097427802462424,1.1047444343566895,68800,0.0,0.0
1979-06-19,0.0,1.126692771911621,1.1047446579644427,1.126692771911621,121600,0.0,0.0
1979-06-20,0.0,1.126692771911621,1.1047446579644427,1.126692771911621,57600,0.0,0.0
1979-06-21,0.0,1.1340093904914612,1.1120603837414376,1.1193770170211792,160000,0.0,0.0
1979-06-22,0.0,1.170589471165138,1.1193766283461086,1.1559571027755737,793600,0.0,0.0
1979-06-25,0.0,1.1705894470214844,1.1486413414342678,1.1705894470214844,121600,0.0,0.0
1979-06-26,0.0,1.1925384456975736,1.1632737095220365,1.1705894470214844,121600,0.0,0.0
1979-06-27,0.0,1.2071711256195137,1.1705897494060238,1.1998544931411743,160000,0.0,0.0
1979-06-28,0.0,1.251068168783225,1.207171055722218,1.2218034267425537,278400,0.0,0.0
1979-06-29,0.0,1.2437514322144645,1.2144866926329476,1.229119062423706,400000,0.0,0.0
1979-07-02,0.0,1.2218032373361458,1.1925384998321533,1.1925384998321533,56000,0.0,0.0
1979-07-03,0.0,1.1998544931411743,1.1779063818843631,1.1998544931411743,84800,0.0,0.0
1979-07-05,0.0,1.2144867016928185,1.2071709632873535,1.2071709632873535,30400,0.0,0.0
1979-07-06,0.0,1.2218034267425537,1.207171055722218,1.2218034267425537,64000,0.0,0.0
1979-07-09,0.0,1.2437513362930481,1.2144865989685059,1.2144865989685059,222400,0.0,0.0
1979-07-10,0.0,1.2144866064156912,1.177906131080157,1.1925384998321533,46400,0.0,0.0
1979-07-11,0.0,1.185221815109253,1.155957078933716,1.1705894470214844,379200,0.0,0.0
1979-07-12,0.0,1.1852218395547023,1.1559571027755737,1.1559571027755737,161600,0.0,0.0
1979-07-13,0.0,1.1632738796245878,1.1413248777389526,1.1413248777389526,124800,0.0,0.0
1979-07-16,0.0,1.1340091921583735,1.1120601892471313,1.1120601892471313,70400,0.0,0.0
1979-07-17,0.0,1.1120602162679036,1.0827954737345378,1.0974278450012207,105600,0.0,0.0
1979-07-18,0.0,1.0901119964530084,1.0754796266555786,1.0754796266555786,137600,0.0,0.0
1979-07-19,0.0,1.0901119964530084,1.0608472568581488,1.0754796266555786,44800,0.0,0.0
1979-07-20,0.0,1.0754796266555786,1.0681629952123752,1.0754796266555786,19200,0.0,0.0
1979-07-23,0.0,1.082795269414328,1.0608471632003784,1.0608471632003784,51200,0.0,0.0
1979-07-24,0.0,1.0754796266555786,1.0681629952123752,1.0754796266555786,22400,0.0,0.0
1979-07-25,0.0,1.0974278450012207,1.0827954737345378,1.0974278450012207,35200,0.0,0.0
1979-07-26,0.0,1.1047444771790953,1.0901121059124124,1.0974278450012207,94400,0.0,0.0
1979-07-27,0.0,1.1047444611653594,1.0901120901107788,1.0901120901107788,28800,0.0,0.0
1979-07-30,0.0,1.1120601892471313,1.0901120794249342,1.1120601892471313,38400,0.0,0.0
1979-07-31,0.0,1.1486414670944214,1.126692466017135,1.1486414670944214,158400,0.0,0.0
1979-08-01,0.0,1.1632741689682007,1.141325161623143,1.1632741689682007,62400,0.0,0.0
1979-08-02,0.0,1.2437514322144645,1.1852219530514307,1.229119062423706,355200,0.0,0.0
1979-08-03,0.0,1.2291189751676874,1.1925384998321533,1.1925384998321533,187200,0.0,0.0
1979-08-06,0.0,1.2218034267425537,1.1779063136815466,1.2218034267425537,67200,0.0,0.0
1979-08-07,0.0,1.2730163613031076,1.221803505956158,1.2583839893341064,318400,0.0,0.0
1979-08-08,0.0,1.2949653216293449,1.2583839464100932,1.2657005786895752,339200,0.0,0.0
1979-08-09,0.0,1.28033295015946,1.2437515749402086,1.2657005786895752,83200,0.0,0.0
1979-08-10,0.0,1.2510684728622437,1.214487089875574,1.2510684728622437,76800,0.0,0.0
1979-08-13,0.0,1.28033295015946,1.2510682072196904,1.2657005786895752,67200,0.0,0.0
1979-08-14,0.0,1.3315460681915283,1.2876489450643351,1.3315460681915283,273600,0.0,0.0
1979-08-15,0.0,1.419340041776498,1.316913440823555,1.404707670211792,531200,0.0,0.0
1979-08-16,0.0,1.426656590447008,1.353494736913547,1.3681271076202393,860800,0.0,0.0
1979-08-17,0.0,1.3827593326568601,1.3534945943264391,1.3827593326568604,168000,0.0,0.0
1979-08-20,0.0,1.3973918490336237,1.3681271076202393,1.3681271076202393,64000,0.0,0.0
1979-08-21,0.0,1.419339895248413,1.3681270466035336,1.419339895248413,371200,0.0,0.0
1979-08-22,0.0,1.4778692552289803,1.4120240418870005,1.4705535173416138,284800,0.0,0.0
1979-08-23,0.0,1.477869522230592,1.4339724077088913,1.4559214115142822,392000,0.0,0.0
1979-08-24,0.0,1.4412885114815792,1.4047071495834662,1.433971881866455,155200,0.0,0.0
1979-08-27,0.0,1.4559215594719055,1.4339725534359529,1.4412891864776611,76800,0.0,0.0
1979-08-28,0.0,1.4559214172328059,1.3973919309739813,1.404707670211792,129600,0.0,0.0
1979-08-29,0.0,1.390075260593045,1.3242300368989572,1.3608105182647705,129600,0.0,0.0
1979-08-30,0.0,1.3900750706949963,1.3754427015297859,1.3827593326568604,54400,0.0,0.0
1979-08-31,0.0,1.404707670211792,1.3973919309739813,1.404707670211792,28800,0.0,0.0
1979-09-04,0.0,1.4047075455951008,1.3242299556732178,1.3242299556732178,124800,0.0,0.0
1979-09-05,0.0,1.3022805265332147,1.273015795599884,1.2949647903442383,249600,0.0,0.0
1979-09-06,0.0,1.3315456942620227,1.3022809537287914,1.3242299556732178,108800,0.0,0.0
1979-09-07,0.0,1.3388619422912598,1.3169129466362803,1.3388619422912598,56000,0.0,0.0
1979-09-10,0.0,1.426656751131286,1.3754430013451449,1.4120243787765503,164800,0.0,0.0
1979-09-11,0.0,1.4412890456680998,1.404707670211792,1.404707670211792,76800,0.0,0.0
1979-09-12,0.0,1.4266568422317505,1.404707835753507,1.4266568422317505,121600,0.0,0.0
1979-09-13,0.0,1.426656751131286,1.4120243787765503,1.4120243787765503,62400,0.0,0.0
1979-09-14,0.0,1.4339724133412042,1.3973919309739813,1.404707670211792,107200,0.0,0.0
1979-09-17,0.0,1.4486042480079495,1.4047071495834662,1.433971881866455,134400,0.0,0.0
1979-09-18,0.0,1.4047074398602069,1.3681269634916498,1.3827593326568604,144000,0.0,0.0
1979-09-19,0.0,1.4193401184093517,1.3681272617123437,1.4120243787765503,67200,0.0,0.0
1979-09-20,0.0,1.4559214546738664,1.4193400782768173,1.4486048221588135,144000,0.0,0.0
1979-09-21,0.0,1.5510313117388383,1.463237086546074,1.507134199142456,500800,0.0,0.0
1979-09-24,0.0,1.499818526035983,1.4559214115142822,1.4559214115142822,161600,0.0,0.0
1979-09-25,0.0,1.4486048221588135,1.4266567107918702,1.4486048221588135,204800,0.0,0.0
1979-09-26,0.0,1.5656637223261707,1.433972381195932,1.5510313510894775,628800,0.0,0.0
1979-09-27,0.0,1.6315101385116577,1.5290835210787492,1.6315101385116577,395200,0.0,0.0
1979-09-28,0.0,1.6680906732505725,1.5656640529632566,1.5656640529632568,486400,0.0,0.0
1979-10-01,0.0,1.5510313510894773,1.521766608616091,1.5510313510894775,195200,0.0,0.0
1979-10-02,0.0,1.5949282478059694,1.5363987708222642,1.587612509727478,132800,0.0,0.0
1979-10-03,0.0,1.6680900348084313,1.5876124533577434,1.6388252973556519,262400,0.0,0.0
1979-10-04,0.0,1.6900395737957061,1.624193446968597,1.660774827003479,227200,0.0,0.0
1979-10-05,0.0,1.6754068139366487,1.6241930723190308,1.6241930723190308,225600,0.0,0.0
1979-10-08,0.0,1.6168771690303807,1.5802958011627197,1.5802958011627197,80000,0.0,0.0
1979-10-09,0.0,1.5656637617816984,1.4998185361017782,1.5144509077072144,392000,0.0,0.0
1979-10-10,0.0,1.4339725823317049,1.3461783425971108,1.4266568422317505,625600,0.0,0.0
1979-10-11,0.0,1.463236614149444,1.4193395157249606,1.433971881866455,291200,0.0,0.0
1979-10-12,0.0,1.4559214958407571,1.4120243787765503,1.4120243787765503,225600,0.0,0.0
1979-10-15,0.0,1.3827594783269315,1.353494736913547,1.3681271076202393,86400,0.0,0.0
1979-10-16,0.0,1.3681271503913692,1.3315457759364957,1.3608105182647705,153600,0.0,0.0
1979-10-17,0.0,1.3754427951315176,1.338862316273583,1.3461780548095703,78400,0.0,0.0
1979-10-18,0.0,1.3461784425672594,1.3315460681915283,1.3315460681915283,59200,0.0,0.0
1979-10-19,0.0,1.331545791842721,1.287648677825928,1.2876486778259277,92800,0.0,0.0
1979-10-22,0.0,1.2949649738060878,1.265700238726728,1.2730159759521484,147200,0.0,0.0
1979-10-23,0.0,1.30228110524111,1.2583839893341064,1.2583839893341064,51200,0.0,0.0
1979-10-24,0.0,1.3388625962883733,1.258384097026941,1.3095978498458862,238400,0.0,0.0
1979-10-25,0.0,1.309597654133622,1.3022810220718384,1.3022810220718384,86400,0.0,0.0
1979-10-26,0.0,1.338862701924022,1.30959795317256,1.3315460681915283,227200,0.0,0.0
1979-10-29,0.0,1.3681270565955304,1.338862316273583,1.3461780548095703,108800,0.0,0.0
1979-10-30,0.0,1.3827593326568601,1.3534945943264391,1.3827593326568604,57600,0.0,0.0
1979-10-31,0.0,1.4047076317571823,1.3608105182647705,1.3608105182647705,100800,0.0,0.0
1979-11-01,0.0,1.4705539185866656,1.3461783027648926,1.4632372856140137,244800,0.0,0.0
1979-11-02,0.0,1.5949283521122244,1.477869390489309,1.5290831327438354,857600,0.0,0.0
1979-11-05,0.0,1.5510312415036311,1.5144507625409709,1.5290831327438354,203200,0.0,0.0
1979-11-06,0.0,1.5510312415036311,1.4925017606921733,1.5290831327438354,118400,0.0,0.0
1979-11-07,0.0,1.4925017616536358,1.4632370212290546,1.4778693914413452,204800,0.0,0.0
1979-11-08,0.0,1.5363988876342773,1.4486046654837472,1.5363988876342773,305600,0.0,0.0
1979-11-09,0.0,1.6168772399940445,1.5656635013493623,1.6095606088638306,321600,0.0,0.0
1979-11-12,0.0,1.6973552703857422,1.6241934052829086,1.6973552703857422,278400,0.0,0.0
1979-11-13,0.0,1.74125233887503,1.6461423635482788,1.6461423635482788,286400,0.0,0.0
1979-11-14,0.0,1.6973549221042357,1.631509703567101,1.675406813621521,156800,0.0,0.0
1979-11-15,0.0,1.7193039236759406,1.6754068136215208,1.675406813621521,196800,0.0,0.0
1979-11-16,0.0,1.711987376213074,1.6534578932656183,1.7119873762130737,86400,0.0,0.0
1979-11-19,0.0,1.799781614098667,1.726619759867014,1.7705168724060059,718400,0.0,0.0
1979-11-20,0.0,1.7997818815297095,1.6973552703857422,1.6973552703857422,128000,0.0,0.0
1979-11-21,0.0,1.7339361906051638,1.6168772374196316,1.7339361906051636,240000,0.0,0.0
1979-11-23,0.0,1.7778334106071878,1.7558844089508057,1.7558844089508057,342400,0.0,0.0
1979-11-26,0.0,1.843678593635559,1.7558843748910087,1.843678593635559,121600,0.0,0.0
1979-11-27,0.0,1.8656277261702787,1.807098242887902,1.821730613708496,172800,0.0,0.0
1979-11-28,0.0,1.843678593635559,1.7558843748910087,1.843678593635559,240000,0.0,0.0
1979-11-29,0.0,1.9461051225662231,1.9168403838810166,1.9461051225662231,654400,0.0,0.0
1979-11-30,0.0,1.9900022578498286,1.8875756710487346,1.9826865196228027,332800,0.0,0.0
1979-12-03,0.0,1.95342226141976,1.902208508867206,1.9314732551574707,323200,0.0,0.0
1979-12-04,0.0,1.9387894352075261,1.902208064348643,1.9168404340744019,40000,0.0,0.0
1979-12-05,0.0,1.9826869492645705,1.9387898311231684,1.960737943649292,280000,0.0,0.0
1979-12-06,0.0,2.0338994099532233,1.9607375606743305,2.026583671569824,193600,0.0,0.0
1979-12-07,0.0,2.0265843426107883,1.9973195932091112,2.0046353340148926,142400,0.0,0.0
1979-12-10,0.0,1.9973187862429125,1.990002155303955,1.990002155303955,540800,0.0,0.0
1979-12-11,0.0,1.9753703163630927,1.91684082550789,1.960737943649292,217600,0.0,0.0
1979-12-12,0.0,1.960737543251678,1.8729433248971252,1.9168404340744019,390400,0.0,0.0
1979-12-13,0.0,2.026584431686744,1.9314735454061758,2.0192677974700928,712000,0.0,0.0
1979-12-14,0.0,2.07779598236084,2.0119507815768785,2.07779598236084,811200,0.0,0.0
1979-12-17,0.0,2.165590626998513,2.0924287814918068,2.1582748889923096,382400,0.0,0.0
1979-12-18,0.0,2.1802224583799457,2.1070606309175317,2.11437726020813,558400,0.0,0.0
1979-12-19,0.0,2.1436432446107574,2.0777971148490906,2.1070618629455566,468800,0.0,0.0
1979-12-20,0.0,2.114377442491373,2.09242844581604,2.09242844581604,886400,0.0,0.0
1979-12-21,0.0,2.1216931793239566,2.09242844581604,2.09242844581604,451200,0.0,0.0
1979-12-24,0.0,2.0924283484338035,2.070480245868733,2.07779598236084,366400,0.0,0.0
1979-12-26,0.0,2.0924297004726764,2.0192678228337715,2.0631649494171143,241600,0.0,0.0
1979-12-27,0.0,2.070481061935425,2.0558486900952064,2.070481061935425,153600,0.0,0.0
1979-12-28,0.0,2.085113433775643,2.0631644294707647,2.070481061935425,454400,0.0,0.0
1979-12-31,0.0,2.0851126119416965,2.048531250214913,2.07779598236084,200000,0.0,0.0
1980-01-02,0.0,2.0704811855473744,1.960737943649292,1.960737943649292,411200,0.0,0.0
1980-01-03,0.0,1.9900022578498286,1.902208040591748,1.9826865196228027,529600,0.0,0.0
1980-01-04,0.0,2.033899366478869,1.9607375187638019,1.9826865196228027,624000,0.0,0.0
1980-01-07,0.0,2.085113433775643,2.0192673139501105,2.070481061935425,550400,0.0,0.0
1980-01-08,0.0,2.1509591201502842,2.0777972453152405,2.143643379211426,680000,0.0,0.0
1980-01-09,0.0,2.3119146151795014,2.20217227935791,2.20217227935791,1152000,0.0,0.0
1980-01-10,0.0,2.326546719119807,2.1948553953960444,2.2972819805145264,520000,0.0,0.0
1980-01-11,0.0,2.3411795875712036,2.275334358215332,2.275334358215332,273600,0.0,0.0
1980-01-14,0.0,2.3704443105405417,2.289966709505026,2.348496198654175,372800,0.0,0.0
1980-01-15,0.0,2.392392915874558,2.3484958063455657,2.3850762844085693,363200,0.0,0.0
1980-01-16,0.0,2.4582380814985796,2.4070252346785064,2.4143409729003906,452800,0.0,0.0
1980-01-17,0.0,2.4289736925444987,2.3411794626934928,2.355811834335327,398400,0.0,0.0
1980-01-18,0.0,2.3850762844085693,2.3484958063455657,2.3850762844085693,412800,0.0,0.0
1980-01-21,0.0,2.44360571196585,2.385076233834931,2.4143409729003906,350400,0.0,0.0
1980-01-22,0.0,2.4509226965517947,2.3411794626934928,2.355811834335327,358400,0.0,0.0
1980-01-23,0.0,2.414341024094564,2.3484958063455657,2.3850762844085693,238400,0.0,0.0
1980-01-24,0.0,2.4948196003773955,2.4289734870161848,2.4509224891662598,350400,0.0,0.0
1980-01-25,0.0,2.4801871776580806,2.4289734357808546,2.480187177658081,128000,0.0,0.0
1980-01-28,0.0,2.4582386732035495,2.3997091809844173,2.4070258140563965,457600,0.0,0.0
1980-01-29,0.0,2.4143413209026643,2.2607018652079485,2.355811834335327,1032000,0.0,0.0
1980-01-30,0.0,2.5533487796783447,2.3704437247432106,2.5533487796783447,606400,0.0,0.0
1980-01-31,0.0,2.6265110625272903,2.531400203704834,2.531400203704834,673600,0.0,0.0
1980-02-01,0.0,2.509452625706052,2.458238869382624,2.502135992050171,432000,0.0,0.0
1980-02-04,0.0,2.546032574824515,2.516767832585153,2.531400203704834,126400,0.0,0.0
1980-02-05,0.0,2.531400350637214,2.48750323473021,2.516767978668213,145600,0.0,0.0
1980-02-06,0.0,2.6045620154455853,2.5387167930603027,2.5387167930603027,419200,0.0,0.0
1980-02-07,0.0,2.553348825566733,2.443605612015583,2.472870349884033,168000,0.0,0.0
1980-02-08,0.0,2.49481964365673,2.3997087878381422,2.443605899810791,705600,0.0,0.0
1980-02-11,0.0,2.538717374151083,2.4509231288159894,2.502135992050171,641600,0.0,0.0
1980-02-12,0.0,2.516767978668213,2.465555123321263,2.516767978668213,318400,0.0,0.0
1980-02-13,0.0,2.5972458856921077,2.531399780127009,2.5533487796783447,478400,0.0,0.0
1980-02-14,0.0,2.5972464266172794,2.5021355639010547,2.5240845680236816,286400,0.0,0.0
1980-02-15,0.0,2.516767978668213,2.4801874952902643,2.516767978668213,286400,0.0,0.0
1980-02-19,0.0,2.516767456686708,2.443605612015583,2.472870349884033,232000,0.0,0.0
1980-02-20,0.0,2.589929726990787,2.502135498957201,2.5752973556518555,305600,0.0,0.0
1980-02-21,0.0,2.5899296037458757,2.4948196411132812,2.4948196411132812,158400,0.0,0.0
1980-02-22,0.0,2.538716835809203,2.4362902379714355,2.531400203704834,299200,0.0,0.0
1980-02-25,0.0,2.5167678596074357,2.4143412606699237,2.4362902641296387,504000,0.0,0.0
1980-02-26,0.0,2.4655549674009074,2.363128370095301,2.392393112182617,500800,0.0,0.0
1980-02-27,0.0,2.421657832339262,2.2241203784942627,2.2241203784942627,451200,0.0,0.0
1980-02-28,0.0,2.3411788940429688,2.238752317428589,2.3411788940429688,320000,0.0,0.0
1980-02-29,0.0,2.3777606912848976,2.326546947161357,2.3704440593719482,94400,0.0,0.0
1980-03-03,0.0,2.385076878205785,2.326547384262085,2.326547384262085,168000,0.0,0.0
1980-03-04,0.0,2.3411788940429688,2.2972817897796634,2.3411788940429688,275200,0.0,0.0
1980-03-05,0.0,2.3338632046799392,2.2972818371615835,2.3119142055511475,57600,0.0,0.0
1980-03-06,0.0,2.3045989210470967,2.1802233187357585,2.1948556900024414,443200,0.0,0.0
1980-03-07,0.0,2.246069713449781,2.1582754750039754,2.238753080368042,414400,0.0,0.0
1980-03-10,0.0,2.246069287329246,2.1948555447407903,2.2094879150390625,140800,0.0,0.0
1980-03-11,0.0,2.246069002866137,2.194855266763866,2.216804265975952,176000,0.0,0.0
1980-03-12,0.0,2.260702086524082,2.194855961145139,2.238753080368042,48000,0.0,0.0
1980-03-13,0.0,2.275334358215332,2.2387529806149633,2.275334358215332,17600,0.0,0.0
1980-03-14,0.0,2.2826498621388485,2.2094880075831163,2.2241203784942627,235200,0.0,0.0
1980-03-17,0.0,2.2021718437536038,2.1216933727264404,2.1216933727264404,156800,0.0,0.0
1980-03-18,0.0,2.1948556900024414,2.0558486095134865,2.1948556900024414,209600,0.0,0.0
1980-03-19,0.0,2.3119142619922703,2.2533847870051242,2.2607014179229736,344000,0.0,0.0
1980-03-20,0.0,2.2972817897796634,2.268017053604126,2.268017053604126,188800,0.0,0.0
1980-03-21,0.0,2.2460695866268012,2.1509587204696348,2.1802234649658203,264000,0.0,0.0
1980-03-24,0.0,2.165591186992347,2.0485322039116793,2.0558488368988037,169600,0.0,0.0
1980-03-25,0.0,2.1216942369937897,2.041216626273126,2.1070618629455566,160000,0.0,0.0
1980-03-26,0.0,2.1582754813141527,2.092429355742695,2.099745988845825,62400,0.0,0.0
1980-03-27,0.0,2.0631649235020513,1.8656283029028957,2.0192677974700928,659200,0.0,0.0
1980-03-28,0.0,2.187539577484131,1.9900021525605058,2.187539577484131,244800,0.0,0.0
1980-03-31,0.0,2.282650199590945,2.194855961145139,2.238753080368042,187200,0.0,0.0
1980-04-01,0.0,2.2607017523166513,2.2094880075831163,2.2241203784942627,142400,0.0,0.0
1980-04-02,0.0,2.2533850259338783,2.2094879150390625,2.2094879150390625,132800,0.0,0.0
1980-04-03,0.0,2.194855801046711,2.136326313018799,2.136326313018799,144000,0.0,0.0
1980-04-07,0.0,2.121693230740514,2.019266660980627,2.041215658187866,166400,0.0,0.0
1980-04-08,0.0,2.041217134735162,2.0265847570420408,2.033900499343872,100800,0.0,0.0
1980-04-09,0.0,2.070481061935425,2.0338996857903284,2.070481061935425,116800,0.0,0.0
1980-04-10,0.0,2.114377442491373,2.0777960790620815,2.09242844581604,332800,0.0,0.0
1980-04-11,0.0,2.180223429039733,2.0997458295459093,2.136326313018799,145600,0.0,0.0
1980-04-14,0.0,2.165590981074742,2.048532009124756,2.048532009124756,179200,0.0,0.0
1980-04-15,0.0,2.077796129414848,2.0338990280891824,2.041215658187866,41600,0.0,0.0
1980-04-16,0.0,2.0777966968166486,1.9973191022872925,1.9973191022872925,112000,0.0,0.0
1980-04-17,0.0,2.0192669969358557,1.9753698883068154,1.9826865196228027,166400,0.0,0.0
1980-04-18,0.0,1.9900026890768934,1.9314731982216906,1.960737943649292,171200,0.0,0.0
1980-04-21,0.0,1.9168407279391622,1.8875759840011597,1.8875759840011597,216000,0.0,0.0
1980-04-22,0.0,2.0631649235020513,1.9753706714381343,2.0192677974700928,356800,0.0,0.0
1980-04-23,0.0,2.0924291236060006,2.0338996376310075,2.048532009124756,172800,0.0,0.0
1980-04-24,0.0,2.1070618629455566,2.0338999927043915,2.1070618629455566,448000,0.0,0.0
1980-04-25,0.0,2.1070609147861594,2.077796179858574,2.0851128101348877,75200,0.0,0.0
1980-04-28,0.0,2.1582753175738216,2.1143782015528876,2.136326313018799,102400,0.0,0.0
1980-04-29,0.0,2.150957912831873,2.09242844581604,2.09242844581604,147200,0.0,0.0
1980-04-30,0.0,2.1216942369937897,2.0777971148490906,2.1070618629455566,393600,0.0,0.0
1980-05-01,0.0,2.129011085836792,2.0631649494171143,2.0631649494171143,201600,0.0,0.0
1980-05-02,0.0,2.048531779809002,2.026583671569824,2.026583671569824,116800,0.0,0.0
1980-05-05,0.0,2.048531779809002,2.026583671569824,2.026583671569824,28800,0.0,0.0
1980-05-06,0.0,2.0704810129099185,2.048532009124756,2.048532009124756,110400,0.0,0.0
1980-05-07,0.0,2.0777972988460376,2.0192677974700928,2.0192677974700928,174400,0.0,0.0
1980-05-08,0.0,2.004635274851764,1.9680547857239112,1.9753705263137817,91200,0.0,0.0
1980-05-09,0.0,1.9607378438461658,1.8875759840011597,1.8875759840011597,300800,0.0,0.0
1980-05-12,0.0,1.8875760403205089,1.8144141782925822,1.8583112955093384,300800,0.0,0.0
1980-05-13,0.0,1.931473255157471,1.8729437625769414,1.9314732551574707,86400,0.0,0.0
1980-05-14,0.0,2.0046345240929546,1.9314726801479563,1.990002155303955,153600,0.0,0.0
1980-05-15,0.0,1.9973195342618932,1.9607381520447908,1.9753705263137817,51200,0.0,0.0
1980-05-16,0.0,2.0046345240929546,1.990002155303955,1.990002155303955,70400,0.0,0.0
1980-05-19,0.0,1.990002645045251,1.9680545330047607,1.9680545330047607,62400,0.0,0.0
1980-05-20,0.0,2.0192677974700928,1.9607382960941482,2.0192677974700928,281600,0.0,0.0
1980-05-21,0.0,2.0412159464647357,1.9900022078075712,2.011951208114624,147200,0.0,0.0
1980-05-22,0.0,2.1216933727264404,2.033899164199829,2.1216933727264404,627200,0.0,0.0
1980-05-23,0.0,2.1582757541784345,2.1216943702162667,2.143643379211426,169600,0.0,0.0
1980-05-27,0.0,2.194855365201196,2.1582748889923096,2.1582748889923096,500800,0.0,0.0
1980-05-28,0.0,2.1729072580936513,2.1509582578971718,2.1582748889923096,81600,0.0,0.0
1980-05-29,0.0,2.1655902795858313,2.0777960790620815,2.09242844581604,256000,0.0,0.0
1980-05-30,0.0,2.0631649494171143,2.0339001983615526,2.0631649494171143,238400,0.0,0.0
1980-06-02,0.0,2.0777973249448953,2.0339001983615526,2.0631649494171143,91200,0.0,0.0
1980-06-03,0.0,2.07048078113716,2.026583671569824,2.026583671569824,49600,0.0,0.0
1980-06-04,0.0,2.107060812569998,2.026583241967623,2.09242844581604,552000,0.0,0.0
1980-06-05,0.0,2.1436432446107574,2.1070618629455566,2.1070618629455566,156800,0.0,0.0
1980-06-06,0.0,2.099745988845825,2.063164609508531,2.099745988845825,192000,0.0,0.0
1980-06-09,0.0,2.1436422799900585,2.0851128101348877,2.0851128101348877,182400,0.0,0.0
1980-06-10,0.0,2.0777972988460376,2.004635422126107,2.0192677974700928,820800,0.0,0.0
1980-06-11,0.0,2.0631649494171143,2.0046354473059904,2.0631649494171143,344000,0.0,0.0
1980-06-12,0.0,2.1363266110420227,2.0924294888973236,2.1070618629455566,198400,0.0,0.0
1980-06-13,0.0,2.1802232800697796,2.1436427990963556,2.15095853805542,254400,0.0,0.0
1980-06-16,0.0,2.1802240236212294,2.1216945196313977,2.1290111541748047,160000,0.0,0.0
1980-06-17,0.0,2.150957912831873,2.09242844581604,2.09242844581604,188800,0.0,0.0
1980-06-18,0.0,2.1216932822499524,2.077796179858574,2.0851128101348877,230400,0.0,0.0
1980-06-19,0.0,2.114377545062473,2.077796179858574,2.0851128101348877,214400,0.0,0.0
1980-06-20,0.0,2.1216942369937897,2.0777971148490906,2.1070618629455566,224000,0.0,0.0
1980-06-23,0.0,2.15095853805542,2.0851133150676366,2.15095853805542,144000,0.0,0.0
1980-06-24,0.0,2.268017917484432,2.1948560491784828,2.253385543823242,198400,0.0,0.0
1980-06-25,0.0,2.319231127590963,2.260701646681273,2.2826497554779053,228800,0.0,0.0
1980-06-26,0.0,2.3119146039611413,2.2241203784942627,2.2241203784942627,256000,0.0,0.0
1980-06-27,0.0,2.2314366837906126,2.18022294655526,2.187539577484131,86400,0.0,0.0
1980-06-30,0.0,2.1802235598774304,2.0558488368988037,2.0558488368988037,164800,0.0,0.0
1980-07-01,0.0,2.0924291731512015,2.070481061935425,2.070481061935425,260800,0.0,0.0
1980-07-02,0.0,2.085113619725951,1.931473255157471,1.9314732551574707,1963200,0.0,0.0
1980-07-03,0.0,2.033899807218295,1.9461055709354913,1.960737943649292,526400,0.0,0.0
1980-07-07,0.0,2.0704815577187023,1.9900030467821206,2.0192677974700928,667200,0.0,0.0
1980-07-08,0.0,2.0704814667133045,2.0046353340148926,2.0046353340148926,225600,0.0,0.0
1980-07-09,0.0,2.107060812569998,2.00463424529229,2.09242844581604,414400,0.0,0.0
1980-07-10,0.0,2.136325361902497,2.077795899932566,2.11437726020813,467200,0.0,0.0
1980-07-11,0.0,2.253385543823242,2.1143784405865444,2.253385543823242,262400,0.0,0.0
1980-07-14,0.0,2.2972821257053275,2.246069276453851,2.2826497554779053,308800,0.0,0.0
1980-07-15,0.0,2.36312823827323,2.2826497554779053,2.2826497554779053,556800,0.0,0.0
1980-07-16,0.0,2.333864450454712,2.282650687209808,2.333864450454712,836800,0.0,0.0
1980-07-17,0.0,2.34117975774801,2.31191501077616,2.326547384262085,153600,0.0,0.0
1980-07-18,0.0,2.326546823181674,2.2826497133103216,2.289966344833374,718400,0.0,0.0
1980-07-21,0.0,2.34117975774801,2.28265026380431,2.326547384262085,377600,0.0,0.0
1980-07-22,0.0,2.407024665618477,2.333862835251483,2.3777599334716797,286400,0.0,0.0
1980-07-23,0.0,2.4362905601659626,2.377761067946831,2.4070258140563965,190400,0.0,0.0
1980-07-24,0.0,2.407025687803324,2.348496198654175,2.348496198654175,164800,0.0,0.0
1980-07-25,0.0,2.3484957196182408,2.2972819805145264,2.2972819805145264,129600,0.0,0.0
1980-07-28,0.0,2.2826500978819233,2.224120608192643,2.275334358215332,457600,0.0,0.0
1980-07-29,0.0,2.2972819805145264,2.2533848726066057,2.2972819805145264,179200,0.0,0.0
1980-07-30,0.0,2.4509225316840806,2.326546934550394,2.443605899810791,376000,0.0,0.0
1980-07-31,0.0,2.509451389312744,2.385075823155916,2.509451389312744,684800,0.0,0.0
1980-08-01,0.0,2.60456221048222,2.472870862761209,2.516767978668213,600000,0.0,0.0
1980-08-04,0.0,2.516767604010446,2.4509223864965213,2.458238124847412,412800,0.0,0.0
1980-08-05,0.0,2.4728707457770733,2.4362902641296387,2.4362902641296387,196800,0.0,0.0
1980-08-06,0.0,2.407025618760688,2.3704442425471983,2.3997089862823486,657600,0.0,0.0
1980-08-07,0.0,2.443605899810791,2.407025419711432,2.443605899810791,782400,0.0,0.0
1980-08-08,0.0,2.6191944696686487,2.4728707562793386,2.5752973556518555,595200,0.0,0.0
1980-08-11,0.0,2.6045620441436768,2.5314001889711015,2.6045620441436768,334400,0.0,0.0
1980-08-12,0.0,2.6265110472399753,2.6045620441436768,2.6045620441436768,492800,0.0,0.0
1980-08-13,0.0,2.706988915525373,2.5752975628781924,2.6996731758117676,371200,0.0,0.0
1980-08-14,0.0,2.7947826385498047,2.69235604970243,2.7947826385498047,374400,0.0,0.0
1980-08-15,0.0,2.8094148769467293,2.7143049240112305,2.7143049240112305,195200,0.0,0.0
1980-08-18,0.0,2.72162135619691,2.589930000251898,2.619194746017456,296000,0.0,0.0
1980-08-19,0.0,2.575297466544218,2.516767978668213,2.516767978668213,313600,0.0,0.0
1980-08-20,0.0,2.516767978668213,2.48750323473021,2.516767978668213,401600,0.0,0.0
1980-08-21,0.0,2.6265106201171875,2.5387164081871796,2.6265106201171875,350400,0.0,0.0
1980-08-22,0.0,2.7069892595102503,2.6484597620073256,2.6630921363830566,273600,0.0,0.0
1980-08-25,0.0,2.7143048787850814,2.663091141066269,2.670407772064209,80000,0.0,0.0
1980-08-26,0.0,2.685040329046337,2.6411432192506665,2.648458957672119,121600,0.0,0.0
1980-08-27,0.0,2.685040329046337,2.633826587740229,2.648458957672119,128000,0.0,0.0
1980-08-28,0.0,2.6191939921545355,2.5533487796783447,2.5533487796783447,296000,0.0,0.0
1980-08-29,0.0,2.531400350637214,2.494819867259266,2.516767978668213,160000,0.0,0.0
1980-09-02,0.0,2.560664176940918,2.4436052431379047,2.560664176940918,400000,0.0,0.0
1980-09-03,0.0,2.6265113790034285,2.5826142603550912,2.619194746017456,212800,0.0,0.0
1980-09-04,0.0,2.7435696165989962,2.6484587721593114,2.670407772064209,460800,0.0,0.0
1980-09-05,0.0,2.780150225821962,2.677723638554837,2.750885486602783,305600,0.0,0.0
1980-09-08,0.0,2.772835390745668,2.6630921363830566,2.6630921363830566,408000,0.0,0.0
1980-09-09,0.0,2.7069884797801143,2.633826628975246,2.6923561096191406,505600,0.0,0.0
1980-09-10,0.0,2.7508857788578154,2.699672926327865,2.721621036529541,137600,0.0,0.0
1980-09-11,0.0,2.9264737196271744,2.743569558694928,2.9191579818725586,587200,0.0,0.0
1980-09-12,0.0,2.941106611759819,2.882577126948678,2.911841869354248,212800,0.0,0.0
1980-09-15,0.0,2.867944530605041,2.8240474204427186,2.838679790496826,464000,0.0,0.0
1980-09-16,0.0,2.9411069440841677,2.8606293399199787,2.9264745712280273,177600,0.0,0.0
1980-09-17,0.0,3.1459601057408917,2.9703716347227958,3.124011993408203,448000,0.0,0.0
1980-09-18,0.0,3.2191214788527716,3.0435330345517113,3.0727977752685547,763200,0.0,0.0
1980-09-19,0.0,3.2776508846798458,3.087430074408248,3.2483861446380615,312000,0.0,0.0
1980-09-22,0.0,3.2337534449718617,3.145959233796155,3.1605916023254395,203200,0.0,0.0
1980-09-23,0.0,3.1605925369262695,2.9264745712280273,2.9264745712280273,372800,0.0,0.0
1980-09-24,0.0,3.0362174011276246,2.8240475770339226,3.014268398284912,612800,0.0,0.0
1980-09-25,0.0,3.0435329076662585,2.8972092101823037,2.9411063194274902,176000,0.0,0.0
1980-09-26,0.0,2.9411067802053656,2.736253571633848,2.824047803878784,376000,0.0,0.0
1980-09-29,0.0,2.765517568588257,2.6191938877105714,2.7069880962371826,409600,0.0,0.0
1980-09-30,0.0,2.8094152052095644,2.706988609186299,2.8020994663238525,147200,0.0,0.0
1980-10-01,0.0,2.845996856689453,2.8020997398234653,2.845996856689453,196800,0.0,0.0
1980-10-02,0.0,2.9191587975423468,2.8459969341088187,2.882577419281006,124800,0.0,0.0
1980-10-03,0.0,2.941107199280062,2.8898943363844825,2.904526710510254,118400,0.0,0.0
1980-10-06,0.0,3.0289007691503733,2.94842317593486,3.014268398284912,259200,0.0,0.0
1980-10-07,0.0,3.124011612267371,3.043533126324839,3.087430238723755,384000,0.0,0.0
1980-10-08,0.0,3.1605916023254395,3.0874297596790172,3.1605916023254395,211200,0.0,0.0
1980-10-09,0.0,3.1605919012042327,3.0581653118133545,3.0581653118133545,83200,0.0,0.0
1980-10-10,0.0,3.058165277414654,2.9411063194274902,2.9411063194274902,180800,0.0,0.0
1980-10-13,0.0,3.028900487429568,2.970371009411605,3.0215847492218018,59200,0.0,0.0
1980-10-14,0.0,3.0435327121180946,3.0069522366419026,3.036216974258423,150400,0.0,0.0
1980-10-15,0.0,3.0435337717940167,2.999636650085449,2.999636650085449,80000,0.0,0.0
1980-10-16,0.0,3.0215847995881524,2.9411063194274902,2.9411063194274902,228800,0.0,0.0
1980-10-17,0.0,2.9045264036777274,2.816732168197632,2.816732168197632,214400,0.0,0.0
1980-10-20,0.0,2.9264745712280273,2.7874674756392777,2.9264745712280273,97600,0.0,0.0
1980-10-21,0.0,3.0435328125400685,2.9703709660847784,2.9776875972747803,232000,0.0,0.0
1980-10-22,0.0,2.985003709793091,2.9557389675402175,2.985003709793091,51200,0.0,0.0
1980-10-23,0.0,3.0581651358888187,2.933790445327759,2.933790445327759,382400,0.0,0.0
1980-10-24,0.0,2.9557385523901503,2.9191580762565206,2.933790445327759,75200,0.0,0.0
1980-10-27,0.0,2.9191587181327665,2.809415479423232,2.845996856689453,97600,0.0,0.0
1980-10-28,0.0,2.8606287921224833,2.8240474204427186,2.838679790496826,88000,0.0,0.0
1980-10-29,0.0,2.889892816543579,2.845995717252452,2.889892816543579,32000,0.0,0.0
1980-10-30,0.0,2.8825773408665456,2.845996856689453,2.845996856689453,28800,0.0,0.0
1980-10-31,0.0,2.802099332370942,2.6411432606002325,2.6923561096191406,436800,0.0,0.0
1980-11-03,0.0,2.7947826385498047,2.7143050509999282,2.7947826385498047,257600,0.0,0.0
1980-11-05,0.0,2.941106284894283,2.8752610683441167,2.875261068344116,409600,0.0,0.0
1980-11-06,0.0,2.8752609245187606,2.7655177116394043,2.7655177116394043,347200,0.0,0.0
1980-11-07,0.0,2.8094151118857535,2.7435698917454374,2.7874670028686523,252800,0.0,0.0
1980-11-10,0.0,2.8533124551177025,2.809415340423584,2.809415340423584,180800,0.0,0.0
1980-11-11,0.0,2.926474537341123,2.838680301220889,2.882577419281006,260800,0.0,0.0
1980-11-12,0.0,2.970370769500732,2.904525558593189,2.9703707695007324,219200,0.0,0.0
1980-11-13,0.0,3.2922840118408203,3.0289012908935544,3.2922840118408203,736000,0.0,0.0
1980-11-14,0.0,3.3069156247216305,3.189856664554493,3.2483861446380615,355200,0.0,0.0
1980-11-17,0.0,3.4093422475068467,3.175224324931269,3.365445137023926,289600,0.0,0.0
1980-11-18,0.0,3.497136793904385,3.40934256476871,3.453239679336548,252800,0.0,0.0
1980-11-19,0.0,3.4971364579302198,3.438606977462768,3.4386069774627686,227200,0.0,0.0
1980-11-20,0.0,3.4825038544774376,3.416658639907837,3.416658639907837,105600,0.0,0.0
1980-11-21,0.0,3.438606987828794,3.365445137023926,3.365445137023926,38400,0.0,0.0
1980-11-24,0.0,3.3361807418080556,3.2191217684112816,3.3069159984588623,360000,0.0,0.0
1980-11-25,0.0,3.3947105407714844,3.3215486756686508,3.3947105407714844,60800,0.0,0.0
1980-11-26,0.0,3.460555752744251,3.299599691990773,3.343496799468994,174400,0.0,0.0
1980-11-28,0.0,3.3361813129307416,3.3069165645717002,3.3215489387512207,107200,0.0,0.0
1980-12-01,0.0,3.3654453112110154,3.204489231109619,3.204489231109619,200000,0.0,0.0
1980-12-02,0.0,3.175223970854724,3.116694496737586,3.1605916023254395,112000,0.0,0.0
1980-12-03,0.0,3.1605914656294942,3.1166943619401954,3.153275728225708,134400,0.0,0.0
1980-12-04,0.0,3.1898572579248077,3.1459601396964847,3.1679091453552246,91200,0.0,0.0
1980-12-05,0.0,3.1898563393840083,3.124011127546678,3.1605916023254395,73600,0.0,0.0
1980-12-08,0.0,3.131327421057458,2.948423228521528,2.985003709793091,420800,0.0,0.0
1980-12-09,0.0,2.977687784745627,2.9045259336841744,2.9557387828826904,308800,0.0,0.0
1980-12-10,0.0,2.9557380189358837,2.889892816543579,2.889892816543579,80000,0.0,0.0
1980-12-11,0.0,2.867944497109849,2.728937429763812,2.772834539413452,280000,0.0,0.0
1980-12-12,0.0,2.8533121605509333,2.728937461635517,2.838679790496826,115200,0.0,0.0
1980-12-15,0.0,2.941106760140621,2.8825772723766288,2.897209644317627,105600,0.0,0.0
1980-12-16,0.0,2.9264745712280273,2.8752617127761186,2.9264745712280273,134400,0.0,0.0
1980-12-17,0.0,2.9776875972747807,2.8972091196294882,2.9776875972747803,209600,0.0,0.0
1980-12-18,0.0,3.050849826406585,2.985003709793091,2.985003709793091,97600,0.0,0.0
1980-12-19,0.0,2.9776874002065075,2.926473664532741,2.9703707695007324,105600,0.0,0.0
1980-12-22,0.0,3.0142683982849126,2.9411065439576087,3.014268398284912,54400,0.0,0.0
1980-12-23,0.0,3.0727979365517113,2.970371338666654,2.985003709793091,153600,0.0,0.0
1980-12-24,0.0,3.0215852817336186,2.9557391608144803,2.9923205375671387,110400,0.0,0.0
1980-12-26,0.0,2.9923205375671387,2.9923205375671387,2.9923205375671387,8000,0.0,0.0
1980-12-29,0.0,2.999636435508728,2.9264745712280273,2.9264745712280273,142400,0.0,0.0
1980-12-30,0.0,2.919158648773678,2.8679449004356306,2.897209644317627,96000,0.0,0.0
1980-12-31,0.0,2.904526496901107,2.831364631652832,2.831364631652832,51200,0.0,0.0
1981-01-02,0.0,2.809415165113023,2.7508856825065013,2.758202314376831,110400,0.0,0.0
1981-01-05,0.0,2.8679451037675903,2.6923566280267175,2.8533127307891846,148800,0.0,0.0
1981-01-06,0.0,2.99232069562524,2.897209825515747,2.9264745712280273,204800,0.0,0.0
1981-01-07,0.0,2.809415340423584,2.758202486491655,2.809415340423584,404800,0.0,0.0
1981-01-08,0.0,2.853311924707322,2.7655177116394043,2.7655177116394043,145600,0.0,0.0
1981-01-09,0.0,2.7655180023315755,2.7362532615661617,2.736253261566162,62400,0.0,0.0
1981-01-12,0.0,2.7362536605580794,2.6996731758117676,2.6996731758117676,200000,0.0,0.0
1981-01-13,0.0,2.7435691356658936,2.685039670297968,2.7435691356658936,297600,0.0,0.0
1981-01-14,0.0,2.79478244932871,2.743569604916884,2.7655177116394043,115200,0.0,0.0
1981-01-15,0.0,2.7508856319488686,2.721620891183455,2.736253261566162,200000,0.0,0.0
1981-01-16,0.0,2.7655172386344824,2.721620139608538,2.7435691356658936,152000,0.0,0.0
1981-01-19,0.0,2.7435698933020216,2.721620891183455,2.736253261566162,145600,0.0,0.0
1981-01-20,0.0,2.7216204643249515,2.7069880962371826,2.7069880962371826,89600,0.0,0.0
1981-01-21,0.0,2.6923559718661836,2.633826494216919,2.633826494216919,374400,0.0,0.0
1981-01-22,0.0,2.6630918646657937,2.575297627369119,2.619194746017456,214400,0.0,0.0
1981-01-23,0.0,2.6045620983297177,2.5606649843129246,2.5752973556518555,230400,0.0,0.0
1981-01-26,0.0,2.560664766636443,2.4801871776580806,2.480187177658081,169600,0.0,0.0
1981-01-27,0.0,2.5167671262749542,2.494819022299518,2.509451389312744,329600,0.0,0.0
1981-01-28,0.0,2.524083756325971,2.494819022299518,2.509451389312744,49600,0.0,0.0
1981-01-29,0.0,2.5167683662726863,2.4948202514835365,2.502135992050171,174400,0.0,0.0
1981-01-30,0.0,2.5021354334668016,2.46555495262146,2.46555495262146,235200,0.0,0.0
1981-02-02,0.0,2.4289736925444987,2.3411794626934928,2.355811834335327,545600,0.0,0.0
1981-02-03,0.0,2.355811262130737,2.2460689480169096,2.3411788940429688,270400,0.0,0.0
1981-02-04,0.0,2.4289733003509983,2.370443823234107,2.4216575622558594,225600,0.0,0.0
1981-02-05,0.0,2.502135182829464,2.465554705648366,2.4875028133392334,401600,0.0,0.0
1981-02-06,0.0,2.5167671262749542,2.487502392248501,2.509451389312744,217600,0.0,0.0
1981-02-09,0.0,2.509451672123957,2.42165746015033,2.4289731979370117,51200,0.0,0.0
1981-02-10,0.0,2.44360571196585,2.4143409729003906,2.4143409729003906,126400,0.0,0.0
1981-02-11,0.0,2.4143412222035776,2.3850764801162616,2.392393112182617,84800,0.0,0.0
1981-02-12,0.0,2.363128534965251,2.2972824141303336,2.3045990467071533,225600,0.0,0.0
1981-02-13,0.0,2.348496198654175,2.289966709505026,2.348496198654175,65600,0.0,0.0
1981-02-17,0.0,2.3850759983062746,2.3192307884557524,2.3411788940429688,80000,0.0,0.0
1981-02-18,0.0,2.363128466700789,2.3338637234171205,2.355811834335327,60800,0.0,0.0
1981-02-19,0.0,2.3850760474989685,2.3119142055511475,2.3119142055511475,153600,0.0,0.0
1981-02-20,0.0,2.3045988762329515,2.1875399083757614,2.20217227935791,345600,0.0,0.0
1981-02-23,0.0,2.2680171557519104,2.194855312017978,2.2607014179229736,188800,0.0,0.0
1981-02-24,0.0,2.3265472151488833,2.275334358215332,2.275334358215332,76800,0.0,0.0
1981-02-25,0.0,2.3192308362903753,2.282649468772019,2.3119142055511475,360000,0.0,0.0
1981-02-26,0.0,2.363128088920881,2.2972819805145264,2.2972819805145264,192000,0.0,0.0
1981-02-27,0.0,2.282649574625069,2.2314367294311523,2.2314367294311523,235200,0.0,0.0
1981-03-02,0.0,2.2460687160491943,2.1875392497428803,2.2460687160491943,246400,0.0,0.0
1981-03-03,0.0,2.3045990467071533,2.2460695584490558,2.3045990467071533,228800,0.0,0.0
1981-03-04,0.0,2.3850759983062746,2.3192307884557524,2.3411788940429688,96000,0.0,0.0
1981-03-05,0.0,2.3484963910355736,2.326547384262085,2.326547384262085,76800,0.0,0.0
1981-03-06,0.0,2.311914453224557,2.2753339748762564,2.289966344833374,185600,0.0,0.0
1981-03-09,0.0,2.3045987573635407,2.2826497554779053,2.2826497554779053,96000,0.0,0.0
1981-03-10,0.0,2.3119144959327502,2.2826497554779053,2.2826497554779053,41600,0.0,0.0
1981-03-11,0.0,2.3192307884557524,2.268017053604126,2.268017053604126,121600,0.0,0.0
1981-03-12,0.0,2.2972819805145264,2.2460691344997588,2.2972819805145264,124800,0.0,0.0
1981-03-13,0.0,2.4728710462583323,2.3558120618200684,2.4070258140563965,742400,0.0,0.0
1981-03-16,0.0,2.4143413581499242,2.3704442425471983,2.3997089862823486,601600,0.0,0.0
1981-03-17,0.0,2.55334877811077,2.4289731979370117,2.4289731979370117,371200,0.0,0.0
1981-03-18,0.0,2.502135992050171,2.4289741209375926,2.502135992050171,246400,0.0,0.0
1981-03-19,0.0,2.546032491817979,2.4948196411132812,2.4948196411132812,196800,0.0,0.0
1981-03-20,0.0,2.49481964365673,2.443605899810791,2.443605899810791,137600,0.0,0.0
1981-03-23,0.0,2.4875028133392334,2.4582380743587717,2.4875028133392334,208000,0.0,0.0
1981-03-24,0.0,2.6265102737495076,2.5460318102155415,2.560664176940918,216000,0.0,0.0
1981-03-25,0.0,2.3265473188138475,2.23143734037548,2.238753080368042,744000,0.0,0.0
1981-03-26,0.0,2.2387529170676452,2.136326313018799,2.136326313018799,612800,0.0,0.0
1981-03-27,0.0,2.1802230907713835,2.143642612974068,2.1729073524475098,315200,0.0,0.0
1981-03-30,0.0,2.268017826516644,2.194855961145139,2.238753080368042,232000,0.0,0.0
1981-03-31,0.0,2.3338640175496486,2.2387531433465346,2.326547384262085,238400,0.0,0.0
1981-04-01,0.0,2.3119146039611413,2.2241203784942627,2.2241203784942627,112000,0.0,0.0
1981-04-02,0.0,2.268017917484432,2.216805056214874,2.253385543823242,1020800,0.0,0.0
1981-04-03,0.0,2.268017698454377,2.1802234649658203,2.1802234649658203,508800,0.0,0.0
1981-04-06,0.0,2.1729073946469826,2.1363260230502568,2.165590763092041,153600,0.0,0.0
1981-04-07,0.0,2.20217227935791,2.165590905358014,2.20217227935791,408000,0.0,0.0
1981-04-08,0.0,2.202173034162094,2.1216945196313977,2.1290111541748047,153600,0.0,0.0
1981-04-09,0.0,2.1948556900024414,2.0924290911356604,2.1948556900024414,270400,0.0,0.0
1981-04-10,0.0,2.275334358215332,2.224120608192643,2.275334358215332,177600,0.0,0.0
1981-04-13,0.0,2.370443630218506,2.268017053604126,2.3411788940429688,158400,0.0,0.0
1981-04-14,0.0,2.3484963910355736,2.3045992705777985,2.326547384262085,292800,0.0,0.0
1981-04-15,0.0,2.35581131071984,2.3119142055511475,2.3119142055511475,180800,0.0,0.0
1981-04-16,0.0,2.392392915874558,2.3338634365025683,2.3850762844085693,304000,0.0,0.0
1981-04-20,0.0,2.458238124847412,2.3777605375427293,2.458238124847412,137600,0.0,0.0
1981-04-21,0.0,2.458238124847412,2.4070252771242457,2.458238124847412,155200,0.0,0.0
1981-04-22,0.0,2.4582380814985796,2.4143409729003906,2.4143409729003906,190400,0.0,0.0
1981-04-23,0.0,2.4582380389094443,2.4143409310717754,2.4216575622558594,243200,0.0,0.0
1981-04-24,0.0,2.4582380814985796,2.385076233834931,2.4143409729003906,84800,0.0,0.0
1981-04-27,0.0,2.443605899810791,2.3850764171805925,2.443605899810791,121600,0.0,0.0
1981-04-28,0.0,2.4289737996896905,2.333863826366888,2.348496198654175,76800,0.0,0.0
1981-04-29,0.0,2.3704437369794165,2.2607014179229736,2.2607014179229736,124800,0.0,0.0
1981-04-30,0.0,2.282650291145622,2.253385543823242,2.253385543823242,43200,0.0,0.0
1981-05-01,0.0,2.297282664806812,2.253385543823242,2.253385543823242,72000,0.0,0.0
1981-05-04,0.0,2.268017491227702,2.2094880075831163,2.2241203784942627,72000,0.0,0.0
1981-05-05,0.0,2.23875280380249,2.1948556900024414,2.1948556900024414,139200,0.0,0.0
1981-05-06,0.0,2.216804693446999,2.1948556900024414,2.1948556900024414,67200,0.0,0.0
1981-05-07,0.0,2.2533844527930937,2.1948549864867797,2.2460687160491943,76800,0.0,0.0
1981-05-08,0.0,2.2972818932454837,2.2460690491761874,2.2607014179229736,537600,0.0,0.0
1981-05-11,0.0,2.3119142055511475,2.23143662595299,2.3119142055511475,128000,0.0,0.0
1981-05-12,0.0,2.297282664806812,2.2314374298760637,2.253385543823242,478400,0.0,0.0
1981-05-13,0.0,2.2533848364888502,2.2314367294311523,2.2314367294311523,220800,0.0,0.0
1981-05-14,0.0,2.2826494216918944,2.2533846855163575,2.268017053604126,502400,0.0,0.0
1981-05-15,0.0,2.3192309810129603,2.2899662424076794,2.2972819805145264,193600,0.0,0.0
1981-05-18,0.0,2.311913919099408,2.238752086216515,2.2460687160491943,283200,0.0,0.0
1981-05-19,0.0,2.268017053604126,2.2241199493408206,2.268017053604126,203200,0.0,0.0
1981-05-20,0.0,2.282649524498697,2.2533847870051242,2.2607014179229736,297600,0.0,0.0
1981-05-21,0.0,2.253385453442343,2.216804967301179,2.238753080368042,219200,0.0,0.0
1981-05-22,0.0,2.2972819805145264,2.2533848726066057,2.2972819805145264,632000,0.0,0.0
1981-05-26,0.0,2.311914453224557,2.289966344833374,2.289966344833374,212800,0.0,0.0
1981-05-27,0.0,2.458238124847412,2.2826496873583113,2.458238124847412,1336000,0.0,0.0
1981-05-28,0.0,2.5606650945752167,2.472870862761209,2.516767978668213,924800,0.0,0.0
1981-05-29,0.0,2.64845935570052,2.5387170112630137,2.6118788719177246,662400,0.0,0.0
1981-06-01,0.0,2.575297466544218,2.472870862761209,2.516767978668213,270400,0.0,0.0
1981-06-02,0.0,2.494819547753146,2.4728705460660505,2.480187177658081,73600,0.0,0.0
1981-06-03,0.0,2.502135992050171,2.4070260061484428,2.502135992050171,358400,0.0,0.0
1981-06-04,0.0,2.509452625706052,2.458238869382624,2.502135992050171,206400,0.0,0.0
1981-06-05,0.0,2.546032722606215,2.5021356066992118,2.516767978668213,619200,0.0,0.0
1981-06-08,0.0,2.531400740495202,2.4948202514835365,2.502135992050171,67200,0.0,0.0
1981-06-09,0.0,2.575297355651856,2.4875031276182695,2.5752973556518555,161600,0.0,0.0
1981-06-10,0.0,2.6338260105678013,2.560664176940918,2.560664176940918,219200,0.0,0.0
1981-06-11,0.0,2.5606646607903873,2.480187075138597,2.4875028133392334,622400,0.0,0.0
1981-06-12,0.0,2.567981148349599,2.5167674114557546,2.5533487796783447,680000,0.0,0.0
1981-06-15,0.0,2.589929838513219,2.509452239228267,2.516767978668213,302400,0.0,0.0
1981-06-16,0.0,2.5314000798421685,2.421657748358836,2.4509224891662598,502400,0.0,0.0
1981-06-17,0.0,2.458238374500286,2.4289736319467115,2.4362902641296387,140800,0.0,0.0
1981-06-18,0.0,2.4582381336235564,2.3850762844085693,2.3850762844085693,147200,0.0,0.0
1981-06-19,0.0,2.3704438804951127,2.3045986636925093,2.3192310333251953,283200,0.0,0.0
1981-06-22,0.0,2.3192309810129603,2.2972819805145264,2.2972819805145264,36800,0.0,0.0
1981-06-23,0.0,2.348496198654175,2.304599081792313,2.348496198654175,161600,0.0,0.0
1981-06-24,0.0,2.3631287645214987,2.31191501077616,2.326547384262085,96000,0.0,0.0
1981-06-25,0.0,2.304598420367984,2.2460689480169096,2.268017053604126,232000,0.0,0.0
1981-06-26,0.0,2.2680173091917077,2.1729073524475098,2.1729073524475098,72000,0.0,0.0
1981-06-29,0.0,2.2094879150390625,2.1655908041442467,2.2094879150390625,596800,0.0,0.0
1981-06-30,0.0,2.260702086524082,2.224120707293741,2.238753080368042,156800,0.0,0.0
1981-07-01,0.0,2.260701657627518,2.2094879150390625,2.2094879150390625,60800,0.0,0.0
1981-07-02,0.0,2.194855213165283,2.1216933727264404,2.1216933727264404,368000,0.0,0.0
1981-07-06,0.0,2.1363262380872454,2.048532009124756,2.048532009124756,67200,0.0,0.0
1981-07-07,0.0,2.107061495099749,2.041216269922422,2.048532009124756,326400,0.0,0.0
1981-07-08,0.0,2.0924283484338035,2.055847879795769,2.07779598236084,139200,0.0,0.0
1981-07-09,0.0,2.1070618629455566,2.0485323667526245,2.1070618629455566,288000,0.0,0.0
1981-07-10,0.0,2.136326313018799,2.1216939410118205,2.136326313018799,41600,0.0,0.0
1981-07-13,0.0,2.1216931793239566,2.0851127089834565,2.09242844581604,124800,0.0,0.0
1981-07-14,0.0,2.0924293225669297,2.0558488368988037,2.0558488368988037,132800,0.0,0.0
1981-07-15,0.0,2.0851139592534493,2.055849208197887,2.0631649494171143,73600,0.0,0.0
1981-07-16,0.0,2.070481061935425,2.0631644294707647,2.070481061935425,17600,0.0,0.0
1981-07-17,0.0,2.09242844581604,2.070480342229498,2.09242844581604,28800,0.0,0.0
1981-07-20,0.0,2.1070618629455566,2.0777971148490906,2.1070618629455566,150400,0.0,0.0
1981-07-21,0.0,2.0924293225669297,2.0558488368988037,2.0558488368988037,166400,0.0,0.0
1981-07-22,0.0,2.0777973249448953,2.0631649494171143,2.0631649494171143,139200,0.0,0.0
1981-07-23,0.0,2.187539577484131,2.041215889795858,2.187539577484131,190400,0.0,0.0
1981-07-24,0.0,2.1875396271949925,2.1363258887958305,2.1582748889923096,94400,0.0,0.0
1981-07-27,0.0,2.238753080368042,2.1436431019296744,2.238753080368042,371200,0.0,0.0
1981-07-28,0.0,2.2533850259338783,2.1948555447407903,2.2094879150390625,318400,0.0,0.0
1981-07-29,0.0,2.224120389286609,2.1948556473223113,2.20217227935791,456000,0.0,0.0
1981-07-30,0.0,2.2094878302448246,2.1729073524475098,2.1729073524475098,40000,0.0,0.0
1981-07-31,0.0,2.172907541110715,2.15095853805542,2.15095853805542,32000,0.0,0.0
1981-08-03,0.0,2.1582745427532477,2.09242844581604,2.09242844581604,115200,0.0,0.0
1981-08-04,0.0,2.136326313018799,2.0777968249908865,2.136326313018799,97600,0.0,0.0
1981-08-05,0.0,2.165591057032755,2.1143782015528876,2.136326313018799,88000,0.0,0.0
1981-08-06,0.0,2.1363255460779147,2.0851127089834565,2.09242844581604,91200,0.0,0.0
1981-08-07,0.0,2.077796801310983,2.0558486900952064,2.070481061935425,120000,0.0,0.0
1981-08-10,0.0,2.09242844581604,2.0558479754755394,2.09242844581604,76800,0.0,0.0
1981-08-11,0.0,2.1582748889923096,2.107061150593148,2.1582748889923096,168000,0.0,0.0
1981-08-12,0.0,2.20217227935791,2.1802232763401626,2.20217227935791,67200,0.0,0.0
1981-08-13,0.0,2.1948556900024414,2.1802233187357585,2.1948556900024414,96000,0.0,0.0
1981-08-14,0.0,2.1802229960998547,2.1582748889923096,2.1582748889923096,91200,0.0,0.0
1981-08-17,0.0,2.165591495117293,2.143643379211426,2.143643379211426,67200,0.0,0.0
1981-08-18,0.0,2.165591495117293,2.143643379211426,2.143643379211426,43200,0.0,0.0
1981-08-19,0.0,2.1290108705625244,2.1070618629455566,2.1070618629455566,537600,0.0,0.0
1981-08-20,0.0,2.129009625700613,2.1070606309175317,2.11437726020813,232000,0.0,0.0
1981-08-21,0.0,2.11437726020813,2.11437726020813,2.11437726020813,27200,0.0,0.0
1981-08-24,0.0,2.1070620760004575,2.0631649494171143,2.0631649494171143,222400,0.0,0.0
1981-08-25,0.0,2.0924297004726764,2.0485325738893336,2.0631649494171143,601600,0.0,0.0
1981-08-26,0.0,2.09974517759868,2.077796179858574,2.0851128101348877,57600,0.0,0.0
1981-08-27,0.0,2.099745805615861,2.070481061935425,2.070481061935425,321600,0.0,0.0
1981-08-28,0.0,2.0851126119416965,2.063163616287876,2.07779598236084,72000,0.0,0.0
1981-08-31,0.0,2.107061695452013,2.0558488368988037,2.0558488368988037,110400,0.0,0.0
1981-09-01,0.0,2.055848261398911,1.990002155303955,1.990002155303955,468800,0.0,0.0
1981-09-02,0.0,1.9973192777848379,1.9680545330047607,1.9680545330047607,100800,0.0,0.0
1981-09-03,0.0,1.9534221172563482,1.8363631407342935,1.8656278848648071,232000,0.0,0.0
1981-09-04,0.0,1.887575891800225,1.843678778037429,1.8729435205459595,844800,0.0,0.0
1981-09-08,0.0,1.8729435318792815,1.8363630500668,1.850995421409607,204800,0.0,0.0
1981-09-09,0.0,1.8948920965194702,1.8509949926590445,1.8948920965194702,116800,0.0,0.0
1981-09-10,0.0,1.9534219771098307,1.894892493047949,1.9387896060943604,102400,0.0,0.0
1981-09-11,0.0,1.9826869053947993,1.9607379002651737,1.9680545330047607,76800,0.0,0.0
1981-09-14,0.0,1.95342226141976,1.9241575151294954,1.9314732551574707,219200,0.0,0.0
1981-09-15,0.0,1.9314726664581492,1.9022079290875713,1.9095245599746704,120000,0.0,0.0
1981-09-16,0.0,1.8875759964181347,1.8290465081571072,1.8656278848648071,417600,0.0,0.0
1981-09-17,0.0,1.9095248952261559,1.86562778146336,1.8729435205459595,118400,0.0,0.0
1981-09-18,0.0,1.8656275780630556,1.8363628387451174,1.8363628387451172,201600,0.0,0.0
1981-09-21,0.0,1.8875759964181347,1.8217307686690365,1.8656278848648071,156800,0.0,0.0
1981-09-22,0.0,1.8729436679149236,1.8509955558511135,1.8583112955093384,36800,0.0,0.0
1981-09-23,0.0,1.8583107715652833,1.7632008242894552,1.8144136667251587,200000,0.0,0.0
1981-09-24,0.0,1.8583109466890868,1.8144138377121792,1.8363628387451172,280000,0.0,0.0
1981-09-25,0.0,1.8217306954010413,1.7778335809707642,1.7778335809707642,212800,0.0,0.0
1981-09-28,0.0,1.8144136667251587,1.6973547204848258,1.8144136667251587,212800,0.0,0.0
1981-09-29,0.0,1.9168407405486485,1.8509955127995503,1.8656278848648071,406400,0.0,0.0
1981-09-30,0.0,1.8729436243528779,1.858311252287621,1.8656278848648071,107200,0.0,0.0
1981-10-01,0.0,1.8656275780630556,1.8290462073711484,1.8363628387451172,123200,0.0,0.0
1981-10-02,0.0,1.8656278848648071,1.8290465081571072,1.8656278848648071,104000,0.0,0.0
1981-10-05,0.0,1.8875759840011597,1.8583112400631572,1.8875759840011597,73600,0.0,0.0
1981-10-06,0.0,1.9241569286599594,1.8729431917169932,1.9095245599746704,105600,0.0,0.0
1981-10-07,0.0,1.9168402977728602,1.8875755604022821,1.9095245599746704,67200,0.0,0.0
1981-10-08,0.0,2.011951208114624,1.9387893622393457,2.011951208114624,72000,0.0,0.0
1981-10-09,0.0,2.0119514611717126,1.9241572350788898,1.9387896060943604,86400,0.0,0.0
1981-10-12,0.0,1.9461051225662231,1.93147275322362,1.9461051225662231,134400,0.0,0.0
1981-10-13,0.0,1.9461051735259192,1.9168404340744016,1.9168404340744019,206400,0.0,0.0
1981-10-14,0.0,1.9241573810577393,1.9241573810577393,1.9241573810577393,3200,0.0,0.0
1981-10-15,0.0,1.9095248952261559,1.8729435205459597,1.8729435205459595,51200,0.0,0.0
1981-10-16,0.0,1.8583110942154621,1.8217306137084963,1.821730613708496,97600,0.0,0.0
1981-10-19,0.0,1.799781614098667,1.7558845015596753,1.7705168724060059,120000,0.0,0.0
1981-10-20,0.0,1.7997815608978271,1.7558844496564168,1.7997815608978271,531200,0.0,0.0
1981-10-21,0.0,1.872943333217076,1.792465745912393,1.843678593635559,185600,0.0,0.0
1981-10-22,0.0,1.8802603006622842,1.8583112955093382,1.8583112955093384,56000,0.0,0.0
1981-10-23,0.0,1.858311110496521,1.8290463685989382,1.829046368598938,68800,0.0,0.0
1981-10-26,0.0,1.8509950339697048,1.8144136667251587,1.8144136667251587,80000,0.0,0.0
1981-10-27,0.0,1.843678593635559,1.8290462238448006,1.843678593635559,6400,0.0,0.0
1981-10-28,0.0,1.865627928256699,1.8509955558511135,1.8583112955093384,110400,0.0,0.0
1981-10-29,0.0,1.865627594866185,1.843678593635559,1.843678593635559,420800,0.0,0.0
1981-10-30,0.0,1.909524960669492,1.8436788412240837,1.9022083282470703,686400,0.0,0.0
1981-11-02,0.0,1.9607377160730404,1.8802601220324786,1.9387896060943604,166400,0.0,0.0
1981-11-03,0.0,1.9753705263137817,1.916841029237818,1.9753705263137817,89600,0.0,0.0
1981-11-04,0.0,2.0046345240929546,1.9534216798759136,1.990002155303955,120000,0.0,0.0
1981-11-05,0.0,2.0192669461576824,1.9900022078075712,2.011951208114624,40000,0.0,0.0
1981-11-06,0.0,1.9973192777848379,1.9680545330047607,1.9680545330047607,388800,0.0,0.0
1981-11-09,0.0,1.9461049378122013,1.8948920965194702,1.8948920965194702,134400,0.0,0.0
1981-11-10,0.0,1.9461056283026033,1.931473255157471,1.9314732551574707,422400,0.0,0.0
1981-11-11,0.0,1.9387896060943604,1.9314729740420995,1.9387896060943604,67200,0.0,0.0
1981-11-12,0.0,2.0046353340148926,1.9607382099123767,2.0046353340148926,32000,0.0,0.0
1981-11-13,0.0,2.07779598236084,2.004634151996022,2.07779598236084,129600,0.0,0.0
1981-11-16,0.0,2.063163999248953,1.9753697865149553,1.990002155303955,139200,0.0,0.0
1981-11-17,0.0,1.9900022578498286,1.9680541500797892,1.9826865196228027,59200,0.0,0.0
1981-11-18,0.0,1.9973188891658162,1.9826865196228027,1.9826865196228027,176000,0.0,0.0
1981-11-19,0.0,2.0192668928819546,1.990002155303955,1.990002155303955,35200,0.0,0.0
1981-11-20,0.0,2.0924291731512015,2.004634942109892,2.070481061935425,169600,0.0,0.0
1981-11-23,0.0,2.0777967521122522,2.048532009124756,2.048532009124756,64000,0.0,0.0
1981-11-24,0.0,2.0777969496818463,2.0558488368988037,2.0558488368988037,673600,0.0,0.0
1981-11-25,0.0,2.0777967521122522,2.041216269922422,2.048532009124756,89600,0.0,0.0
1981-11-27,0.0,2.0339000834165697,2.0046353340148926,2.0046353340148926,120000,0.0,0.0
1981-11-30,0.0,2.019267708715731,1.9753705846132152,2.0046353340148926,97600,0.0,0.0
1981-12-01,0.0,1.9900022578498286,1.9607375187638019,1.9826865196228027,179200,0.0,0.0
1981-12-02,0.0,1.9753702726552125,1.953422160614722,1.9680545330047607,859200,0.0,0.0
1981-12-03,0.0,1.9607378648271185,1.9241573810577393,1.9241573810577393,134400,0.0,0.0
1981-12-04,0.0,1.9753703163630927,1.953422203836969,1.960737943649292,84800,0.0,0.0
1981-12-07,0.0,1.960737943649292,1.9387898311231684,1.960737943649292,33600,0.0,0.0
1981-12-08,0.0,1.95342226141976,1.9241575151294954,1.9314732551574707,128000,0.0,0.0
1981-12-09,0.0,1.9314728038001605,1.9168404340744016,1.9168404340744019,35200,0.0,0.0
1981-12-10,0.0,1.916840442589351,1.843678593635559,1.843678593635559,121600,0.0,0.0
1981-12-11,0.0,1.8656277425154404,1.799781626701355,1.829046368598938,121600,0.0,0.0
1981-12-14,0.0,1.8144139313116308,1.7632010814078258,1.7997815608978271,99200,0.0,0.0
1981-12-15,0.0,1.7997818276530406,1.7705170824879504,1.7851494550704956,80000,0.0,0.0
1981-12-16,0.0,1.8144136667251587,1.799781298445117,1.8144136667251587,696000,0.0,0.0
1981-12-17,0.0,1.8875759840011597,1.8290464961251547,1.8875759840011597,67200,0.0,0.0
1981-12-18,0.0,1.9973188891658162,1.902208040591748,1.9826865196228027,110400,0.0,0.0
1981-12-21,0.0,2.0192677974700928,1.9826873056547851,2.0192677974700928,84800,0.0,0.0
1981-12-22,0.0,2.041216041425603,2.0119513017140456,2.026583671569824,132800,0.0,0.0
1981-12-23,0.0,2.0338994099532233,2.026583671569824,2.026583671569824,97600,0.0,0.0
1981-12-24,0.0,2.033900172814079,2.0192677974700928,2.0192677974700928,99200,0.0,0.0
1981-12-28,0.0,2.048532009124756,2.0192672661372595,2.048532009124756,89600,0.0,0.0
1981-12-29,0.0,2.0485328770369935,2.033900499343872,2.033900499343872,150400,0.0,0.0
1981-12-30,0.0,2.0631643806185043,2.048532009124756,2.048532009124756,72000,0.0,0.0
1981-12-31,0.0,2.0631643806185043,2.048532009124756,2.048532009124756,56000,0.0,0.0
1982-01-04,0.0,2.1070618629455566,2.0485323667526245,2.1070618629455566,81600,0.0,0.0
1982-01-05,0.0,2.099745955554054,2.0558488368988037,2.0558488368988037,43200,0.0,0.0
1982-01-06,0.0,2.0339000834165697,2.0046353340148926,2.0046353340148926,224000,0.0,0.0
1982-01-07,0.0,2.0046345240929546,1.990002155303955,1.990002155303955,97600,0.0,0.0
1982-01-08,0.0,1.990002155303955,1.990002155303955,1.990002155303955,131200,0.0,0.0
1982-01-11,0.0,2.0192672123992783,1.9973191022872925,1.9973191022872925,1262400,0.0,0.0
1982-01-12,0.0,1.9900022578498286,1.9826865196228027,1.9826865196228027,24000,0.0,0.0
1982-01-13,0.0,1.9900024308331252,1.9534219503402712,1.953421950340271,155200,0.0,0.0
1982-01-14,0.0,1.9534219503402712,1.9314729475733274,1.953421950340271,33600,0.0,0.0
1982-01-15,0.0,1.9534219771098307,1.9314729740420995,1.9387896060943604,40000,0.0,0.0
1982-01-18,0.0,1.9534219503402712,1.9387895795253218,1.953421950340271,1708800,0.0,0.0
1982-01-19,0.0,1.9753705263137817,1.9607381520447908,1.9753705263137817,22400,0.0,0.0
1982-01-20,0.0,1.960737943649292,1.960737943649292,1.960737943649292,140800,0.0,0.0
1982-01-21,0.0,1.9753705263137817,1.9607381520447908,1.9753705263137817,118400,0.0,0.0
1982-01-22,0.0,2.0192677974700928,1.9900030467821206,2.0192677974700928,49600,0.0,0.0
1982-01-25,0.0,1.9973188618098088,1.9461051225662231,1.9461051225662231,171200,0.0,0.0
1982-01-26,0.0,2.0046345240929546,1.9607374177259558,1.990002155303955,88000,0.0,0.0
1982-01-27,0.0,1.9900026890768934,1.960737943649292,1.960737943649292,57600,0.0,0.0
1982-01-28,0.0,2.0192677974700928,1.9753706714381343,2.0192677974700928,185600,0.0,0.0
1982-01-29,0.0,2.0631649494171143,2.0339001983615526,2.0631649494171143,110400,0.0,0.0
1982-02-01,0.0,2.0704810129099185,2.0338996376310075,2.048532009124756,190400,0.0,0.0
1982-02-02,0.0,2.1070607145067672,2.07779598236084,2.07779598236084,256000,0.0,0.0
1982-02-03,0.0,2.0851139592534493,2.0631649494171143,2.0631649494171143,14400,0.0,0.0
1982-02-04,0.0,2.09242844581604,2.0777960790620815,2.09242844581604,17600,0.0,0.0
1982-02-05,0.0,2.0924297004726764,2.0631649494171143,2.0631649494171143,244800,0.0,0.0
1982-02-08,0.0,2.0777964228579053,2.011951208114624,2.011951208114624,27200,0.0,0.0
1982-02-09,0.0,1.975370187025804,1.9022083282470705,1.9022083282470703,60800,0.0,0.0
1982-02-10,0.0,1.9314728038001605,1.887575694622884,1.9168404340744019,81600,0.0,0.0
1982-02-11,0.0,1.9314730717585638,1.9022083282470705,1.9022083282470703,28800,0.0,0.0
1982-02-12,0.0,1.9022078339517756,1.8875754659983004,1.8948920965194702,14400,0.0,0.0
1982-02-16,0.0,1.8802601527176253,1.8729435205459597,1.8729435205459595,27200,0.0,0.0
1982-02-17,0.0,1.8875756094712173,1.8729432404055488,1.8802598714828491,16000,0.0,0.0
1982-02-18,0.0,1.9022082630544903,1.8729435205459597,1.8729435205459595,84800,0.0,0.0
1982-02-19,0.0,1.8729435318792815,1.843678789193668,1.850995421409607,46400,0.0,0.0
1982-02-22,0.0,1.8948925239718906,1.86562778146336,1.8729435205459595,62400,0.0,0.0
1982-02-23,0.0,1.8583109634263175,1.843678593635559,1.843678593635559,20800,0.0,0.0
1982-02-24,0.0,1.850995421409607,1.829046417850861,1.850995421409607,54400,0.0,0.0
1982-02-25,0.0,1.880260256930064,1.8656278848648071,1.8656278848648071,12800,0.0,0.0
1982-02-26,0.0,1.8875758358566503,1.8144139817536795,1.821730613708496,457600,0.0,0.0
1982-03-01,0.0,1.8070983239242822,1.763201209494005,1.7778335809707642,230400,0.0,0.0
1982-03-02,0.0,1.7778333680304386,1.7632009983062744,1.7632009983062744,102400,0.0,0.0
1982-03-03,0.0,1.763200952328158,1.6534577357141595,1.6680901050567627,374400,0.0,0.0
1982-03-04,0.0,1.6680904758970876,1.6388257307059106,1.6461423635482788,364800,0.0,0.0
1982-03-05,0.0,1.6534578123608152,1.61687733385308,1.6241930723190308,761600,0.0,0.0
1982-03-08,0.0,1.6315092953948023,1.558347463607788,1.558347463607788,81600,0.0,0.0
1982-03-09,0.0,1.5583478731495641,1.4925017606921733,1.5290831327438354,512000,0.0,0.0
1982-03-10,0.0,1.521766570007917,1.4998184602542468,1.507134199142456,78400,0.0,0.0
1982-03-11,0.0,1.5363988713007668,1.507134130895038,1.5290831327438354,188800,0.0,0.0
1982-03-12,0.0,1.5217666469653892,1.5071342753599526,1.5144509077072144,54400,0.0,0.0
1982-03-15,0.0,1.5217666469653892,1.5071342753599526,1.5144509077072144,60800,0.0,0.0
1982-03-16,0.0,1.4998183933042821,1.4778693914413452,1.4778693914413452,81600,0.0,0.0
1982-03-17,0.0,1.470553243764568,1.433971881866455,1.433971881866455,988800,0.0,0.0
1982-03-18,0.0,1.4412891864776611,1.4193401804417085,1.4412891864776611,12800,0.0,0.0
1982-03-19,0.0,1.4925018548965454,1.4559213736249825,1.4925018548965454,28800,0.0,0.0
1982-03-22,0.0,1.6388252973556516,1.5217663475445338,1.6388252973556519,112000,0.0,0.0
1982-03-23,0.0,1.6680904758970876,1.6388257307059106,1.6461423635482788,19200,0.0,0.0
1982-03-24,0.0,1.6534578123608152,1.6241930723190308,1.6241930723190308,30400,0.0,0.0
1982-03-25,0.0,1.6241930723190308,1.6241930723190308,1.6241930723190308,14400,0.0,0.0
1982-03-26,0.0,1.6241929780353197,1.6022448708225552,1.6095606088638306,83200,0.0,0.0
1982-03-29,0.0,1.6168773174285886,1.6095606859479707,1.6168773174285889,17600,0.0,0.0
1982-03-30,0.0,1.6095606088638303,1.6095606088638303,1.6095606088638306,12800,0.0,0.0
1982-03-31,0.0,1.6388252973556516,1.6168771908105228,1.6388252973556519,12800,0.0,0.0
1982-04-01,0.0,1.6168773174285886,1.5876125776840802,1.6168773174285889,136000,0.0,0.0
1982-04-02,0.0,1.6388252973556516,1.5949281911764825,1.6388252973556519,220800,0.0,0.0
1982-04-05,0.0,1.6388254256924795,1.6168773174285886,1.6168773174285889,9600,0.0,0.0
1982-04-06,0.0,1.6241930723190308,1.6095607022981386,1.6241930723190308,11200,0.0,0.0
1982-04-07,0.0,1.6534576660820415,1.6315095595369127,1.6388252973556519,203200,0.0,0.0
1982-04-08,0.0,1.6680905671569375,1.6534581937608241,1.660774827003479,225600,0.0,0.0
1982-04-12,0.0,1.6680901050567627,1.6680901050567627,1.6680901050567627,4800,0.0,0.0
1982-04-13,0.0,1.7046716213226318,1.6534578776817805,1.7046716213226318,139200,0.0,0.0
1982-04-14,0.0,1.6900394813350441,1.6461423635482788,1.6461423635482788,64000,0.0,0.0
1982-04-15,0.0,1.6534579992294312,1.6388256275548343,1.6534579992294312,17600,0.0,0.0
1982-04-16,0.0,1.682722568511963,1.6461420896540284,1.682722568511963,35200,0.0,0.0
1982-04-19,0.0,1.7266195844948407,1.6973548457745893,1.719303846359253,216000,0.0,0.0
1982-04-20,0.0,1.7119873088339101,1.682722568511963,1.682722568511963,86400,0.0,0.0
1982-04-21,0.0,1.682722568511963,1.682722568511963,1.682722568511963,1600,0.0,0.0
1982-04-22,0.0,1.7266197469499378,1.6973550054762099,1.7119873762130737,588800,0.0,0.0
1982-04-23,0.0,1.7412519538549664,1.719303846359253,1.719303846359253,144000,0.0,0.0
1982-04-26,0.0,1.697354843741969,1.6534577357141595,1.6680901050567627,52800,0.0,0.0
1982-04-27,0.0,1.6973549386729365,1.682722568511963,1.682722568511963,84800,0.0,0.0
1982-04-28,0.0,1.697354537044499,1.6754064335409036,1.690038800239563,105600,0.0,0.0
1982-04-29,0.0,1.726619839668274,1.6973550966230488,1.726619839668274,65600,0.0,0.0
1982-04-30,0.0,1.726619839668274,1.7119874681456615,1.726619839668274,36800,0.0,0.0
1982-05-03,0.0,1.7339364719741213,1.7119874681456615,1.726619839668274,435200,0.0,0.0
1982-05-04,0.0,1.7997818276530406,1.7339365975761614,1.7851494550704956,617600,0.0,0.0
1982-05-05,0.0,1.8729435205459597,1.7997816642746332,1.8729435205459595,72000,0.0,0.0
1982-05-06,0.0,1.8875760403205089,1.8583112955093382,1.8583112955093384,70400,0.0,0.0
1982-05-07,0.0,1.9387896060943604,1.8509953800015375,1.9387896060943604,107200,0.0,0.0
1982-05-10,0.0,1.9753703163630927,1.953422203836969,1.960737943649292,203200,0.0,0.0
1982-05-11,0.0,1.95342226141976,1.931473255157471,1.9314732551574707,128000,0.0,0.0
1982-05-12,0.0,1.931473255157471,1.9241575151294954,1.9314732551574707,124800,0.0,0.0
1982-05-13,0.0,1.9168404340744016,1.9168404340744016,1.9168404340744019,8000,0.0,0.0
1982-05-14,0.0,1.909524960669492,1.9022083282470705,1.9022083282470703,20800,0.0,0.0
1982-05-17,0.0,1.9168407279391622,1.8875759840011597,1.8875759840011597,488000,0.0,0.0
1982-05-18,0.0,1.9168407279391622,1.8875759840011597,1.8875759840011597,443200,0.0,0.0
1982-05-19,0.0,1.9022083559701608,1.8875759840011597,1.8875759840011597,123200,0.0,0.0
1982-05-20,0.0,1.8729434814453128,1.8290463685989382,1.829046368598938,310400,0.0,0.0
1982-05-21,0.0,1.8509952084040866,1.8363628387451174,1.8363628387451172,12800,0.0,0.0
1982-05-24,0.0,1.8583109634263175,1.843678593635559,1.843678593635559,20800,0.0,0.0
1982-05-25,0.0,1.9022083282470705,1.865627845402252,1.9022083282470703,144000,0.0,0.0
1982-05-26,0.0,1.8948926730678697,1.8583112955093382,1.8583112955093384,163200,0.0,0.0
1982-05-27,0.0,1.8656278848648071,1.858311252287621,1.8656278848648071,40000,0.0,0.0
1982-05-28,0.0,1.8509950339697048,1.8144136667251587,1.8144136667251587,124800,0.0,0.0
1982-06-01,0.0,1.8144139313116308,1.7997815608978271,1.7997815608978271,72000,0.0,0.0
1982-06-02,0.0,1.7851491063480345,1.7558843668997062,1.7632009983062744,131200,0.0,0.0
1982-06-03,0.0,1.7632009289015467,1.7266195594865994,1.7339361906051636,155200,0.0,0.0
1982-06-04,0.0,1.7266200607413915,1.6534581937608241,1.660774827003479,115200,0.0,0.0
1982-06-07,0.0,1.6461419282633023,1.6095605599028722,1.6388252973556519,116800,0.0,0.0
1982-06-08,0.0,1.660774827003479,1.6534581937608241,1.660774827003479,20800,0.0,0.0
1982-06-09,0.0,1.653458252845524,1.62419350500755,1.6315101385116577,393600,0.0,0.0
1982-06-10,0.0,1.6388255738348212,1.59492846024996,1.6022450923919678,252800,0.0,0.0
1982-06-11,0.0,1.6754068136215208,1.6022449635308211,1.675406813621521,123200,0.0,0.0
1982-06-14,0.0,1.6900392001369493,1.6754068299759757,1.682722568511963,134400,0.0,0.0
1982-06-15,0.0,1.6754068136215208,1.660774443603381,1.675406813621521,17600,0.0,0.0
1982-06-16,0.0,1.726619839668274,1.6754069858836713,1.726619839668274,36800,0.0,0.0
1982-06-17,0.0,1.7851494550704956,1.7266199647403153,1.7851494550704956,56000,0.0,0.0
1982-06-18,0.0,1.7705167790253957,1.7558844089508057,1.7558844089508057,30400,0.0,0.0
1982-06-21,0.0,1.7705168724060059,1.7485687626810305,1.7705168724060059,124800,0.0,0.0
1982-06-22,0.0,1.7705167790253957,1.7485686704580077,1.7558844089508057,67200,0.0,0.0
1982-06-23,0.0,1.8070982694625857,1.770516895328625,1.8070982694625854,145600,0.0,0.0
1982-06-24,0.0,1.7997815608978271,1.7778334518216292,1.7997815608978271,366400,0.0,0.0
1982-06-25,0.0,1.7851491063480345,1.7632009983062744,1.7632009983062744,128000,0.0,0.0
1982-06-28,0.0,1.7705167366238703,1.7632009983062744,1.7632009983062744,14400,0.0,0.0
1982-06-29,0.0,1.7632012150193461,1.726619839668274,1.726619839668274,62400,0.0,0.0
1982-06-30,0.0,1.7412521839141843,1.7119874413273914,1.7412521839141846,83200,0.0,0.0
1982-07-01,0.0,1.7339363625205393,1.697354989478642,1.7046716213226318,177600,0.0,0.0
1982-07-02,0.0,1.7046719471918195,1.660774827003479,1.660774827003479,78400,0.0,0.0
1982-07-06,0.0,1.6754071087394558,1.6388257307059106,1.6461423635482788,35200,0.0,0.0
1982-07-07,0.0,1.6388258789265369,1.62419350500755,1.6315101385116577,48000,0.0,0.0
1982-07-08,0.0,1.6973552703857422,1.6241934052829086,1.6973552703857422,193600,0.0,0.0
1982-07-09,0.0,1.7997815608978271,1.7119873384150064,1.7997815608978271,113600,0.0,0.0
1982-07-12,0.0,1.8948920965194702,1.8363626247055695,1.8948920965194702,92800,0.0,0.0
1982-07-13,0.0,1.894892628995321,1.8656278848648071,1.8656278848648071,195200,0.0,0.0
1982-07-14,0.0,1.8802598714828491,1.8436785022742121,1.8802598714828491,296000,0.0,0.0
1982-07-15,0.0,1.8948922405485176,1.8802598714828491,1.8802598714828491,51200,0.0,0.0
1982-07-16,0.0,1.9168404340744016,1.887575694622884,1.9168404340744019,89600,0.0,0.0
1982-07-19,0.0,2.0046350174352896,1.953422160614722,1.9680545330047607,217600,0.0,0.0
1982-07-20,0.0,1.9680541746590436,1.9168404340744016,1.9168404340744019,41600,0.0,0.0
1982-07-21,0.0,2.0119516501748764,1.9607379002651737,1.9680545330047607,302400,0.0,0.0
1982-07-22,0.0,2.0046353340148926,1.9607382099123767,2.0046353340148926,107200,0.0,0.0
1982-07-23,0.0,2.09242844581604,2.0192666120462484,2.09242844581604,110400,0.0,0.0
1982-07-26,0.0,2.1070618629455566,2.1070618629455566,2.1070618629455566,156800,0.0,0.0
1982-07-27,0.0,2.0924283484338035,2.070480245868733,2.07779598236084,363200,0.0,0.0
1982-07-28,0.0,2.077796475107909,1.9826865196228027,1.9826865196228027,80000,0.0,0.0
1982-07-29,0.0,1.9826865196228027,1.9314727796777749,1.9826865196228027,209600,0.0,0.0
1982-07-30,0.0,2.0046348412949357,1.98268673118295,1.9973191022872925,267200,0.0,0.0
1982-08-02,0.0,1.9973188891658162,1.9826865196228027,1.9826865196228027,94400,0.0,0.0
1982-08-03,0.0,1.990002155303955,1.982686417453913,1.990002155303955,379200,0.0,0.0
1982-08-04,0.0,1.9900026890768934,1.953422203836969,1.960737943649292,75200,0.0,0.0
1982-08-05,0.0,1.9461054435143106,1.8948925889137453,1.9022083282470703,100800,0.0,0.0
1982-08-06,0.0,1.9461051225662231,1.8729432758532072,1.9461051225662231,240000,0.0,0.0
1982-08-09,0.0,1.9314731205759674,1.9022083763248165,1.9241573810577393,113600,0.0,0.0
1982-08-10,0.0,1.9680545330047607,1.9461055278751351,1.9680545330047607,129600,0.0,0.0
1982-08-11,0.0,1.9680545765507698,1.953422203836969,1.960737943649292,46400,0.0,0.0
1982-08-12,0.0,2.0046345240929546,1.9680540486649132,1.990002155303955,595200,0.0,0.0
1982-08-13,0.0,1.9900025587815506,1.8948925889137453,1.9022083282470703,249600,0.0,0.0
1982-08-16,0.0,1.9241569286599594,1.9022079290875713,1.9095245599746704,270400,0.0,0.0
1982-08-17,0.0,1.9241573810577393,1.9095250089321636,1.9241573810577393,822400,0.0,0.0
1982-08-18,0.0,2.0338997622153667,1.9680545330047607,1.9680545330047607,265600,0.0,0.0
1982-08-19,0.0,1.9680545765507698,1.960737943649292,1.960737943649292,32000,0.0,0.0
1982-08-20,0.0,2.0192677974700928,1.968054930310799,2.0192677974700928,73600,0.0,0.0
1982-08-23,0.0,2.165591057032755,2.0485320809769303,2.136326313018799,497600,0.0,0.0
1982-08-24,0.0,2.238752655635606,2.1509584338459744,2.2094879150390625,248000,0.0,0.0
1982-08-25,0.0,2.3192310333251953,2.209487814535568,2.3192310333251953,984000,0.0,0.0
1982-08-26,0.0,2.575297083173479,2.3192310583796956,2.458238124847412,748800,0.0,0.0
1982-08-27,0.0,2.4362902253135914,2.370444109072604,2.392393112182617,289600,0.0,0.0
1982-08-30,0.0,2.4289731979370117,2.3119142486388427,2.4289731979370117,841600,0.0,0.0
1982-08-31,0.0,2.487502718818258,2.4289732430813578,2.472870349884033,640000,0.0,0.0
1982-09-01,0.0,2.5021353824409895,2.4289735291532417,2.443605899810791,108800,0.0,0.0
1982-09-02,0.0,2.458238124847412,2.38507627589362,2.458238124847412,241600,0.0,0.0
1982-09-03,0.0,2.4875026725860963,2.4289731979370117,2.4289731979370117,545600,0.0,0.0
1982-09-07,0.0,2.4289731979370117,2.3850760919501983,2.4289731979370117,206400,0.0,0.0
1982-09-08,0.0,2.4875030625108554,2.443605949643017,2.46555495262146,275200,0.0,0.0
1982-09-09,0.0,2.4801869808956076,2.4289732430813578,2.472870349884033,72000,0.0,0.0
1982-09-10,0.0,2.502135992050171,2.458238869382624,2.502135992050171,123200,0.0,0.0
1982-09-13,0.0,2.509451389312744,2.494819022299518,2.509451389312744,28800,0.0,0.0
1982-09-14,0.0,2.5387167530411774,2.4948196411132812,2.4948196411132812,569600,0.0,0.0
1982-09-15,0.0,2.524083756325971,2.494819022299518,2.509451389312744,528000,0.0,0.0
1982-09-16,0.0,2.6265110625272903,2.531400203704834,2.531400203704834,366400,0.0,0.0
1982-09-17,0.0,2.546031860301407,2.509451389312744,2.509451389312744,22400,0.0,0.0
1982-09-20,0.0,2.4875028133392334,2.4582380743587717,2.4875028133392334,121600,0.0,0.0
1982-09-21,0.0,2.560664176940918,2.4875023433140346,2.560664176940918,246400,0.0,0.0
1982-09-22,0.0,2.5972464710422742,2.516767978668213,2.516767978668213,1356800,0.0,0.0
1982-09-23,0.0,2.531400350637214,2.516767978668213,2.516767978668213,296000,0.0,0.0
1982-09-24,0.0,2.5167675523196946,2.4875028133392334,2.4875028133392334,201600,0.0,0.0
1982-09-27,0.0,2.487502718818258,2.472870349884033,2.472870349884033,632000,0.0,0.0
1982-09-28,0.0,2.487502864428929,2.458238124847412,2.458238124847412,238400,0.0,0.0
1982-09-29,0.0,2.458237500330998,2.3777599334716797,2.3777599334716797,481600,0.0,0.0
1982-09-30,0.0,2.4143415540392,2.3704444348748512,2.4070258140563965,222400,0.0,0.0
1982-10-01,0.0,2.458238124847412,2.3558115363121033,2.458238124847412,345600,0.0,0.0
1982-10-04,0.0,2.487502718818258,2.4289732430813578,2.472870349884033,150400,0.0,0.0
1982-10-05,0.0,2.531400350637214,2.472870862761209,2.516767978668213,257600,0.0,0.0
1982-10-06,0.0,2.575297355651856,2.502135498957201,2.5752973556518555,1888000,0.0,0.0
1982-10-07,0.0,2.728937094913272,2.6191938877105714,2.7069880962371826,369600,0.0,0.0
1982-10-08,0.0,2.728936657551905,2.6338258336801994,2.677722930908203,526400,0.0,0.0
1982-10-11,0.0,2.721620710690816,2.633826494216919,2.633826494216919,395200,0.0,0.0
1982-10-12,0.0,2.6338257223872814,2.5752962618897866,2.58992862701416,121600,0.0,0.0
1982-10-13,0.0,2.5826135170208535,2.531399780127009,2.5533487796783447,329600,0.0,0.0
1982-10-14,0.0,2.5460323435919627,2.458238124847412,2.458238124847412,1180800,0.0,0.0
1982-10-15,0.0,2.5167675523196946,2.3997085963978484,2.4875028133392334,1008000,0.0,0.0
1982-10-18,0.0,2.516767978668213,2.48750323473021,2.516767978668213,371200,0.0,0.0
1982-10-19,0.0,2.6338268410075796,2.575297355651856,2.5752973556518555,524800,0.0,0.0
1982-10-20,0.0,2.6045620441436768,2.5460325600056164,2.6045620441436768,2625600,0.0,0.0
1982-10-21,0.0,2.7947826385498047,2.6338265703610726,2.7947826385498047,296000,0.0,0.0
1982-10-22,0.0,2.999636435508728,2.8240479612350464,2.9264745712280273,1044800,0.0,0.0
1982-10-25,0.0,2.8972096640828977,2.824047803878784,2.824047803878784,472000,0.0,2.0
1982-10-26,0.0,2.86794376373291,2.7801495668839435,2.86794376373291,321600,0.0,0.0
1982-10-27,0.0,3.08743005163932,2.985003462248442,3.0581653118133545,295200,0.0,0.0
1982-10-28,0.0,3.0874308935025847,2.9703719022797377,2.999636650085449,144000,0.0,0.0
1982-10-29,0.0,3.043532609939575,2.9264736634034376,3.043532609939575,149600,0.0,0.0
1982-11-01,0.0,3.131326339614224,3.0142674110305143,3.1166939735412598,385600,0.0,0.0
1982-11-02,0.0,3.2483861446380615,3.1605919245127088,3.2483861446380615,142400,0.0,0.0
1982-11-03,0.0,3.350813113482652,3.1752246533874917,3.3069159984588623,267200,0.0,0.0
1982-11-04,0.0,3.3947102285064426,3.2483865117604753,3.3069159984588623,257600,0.0,0.0
1982-11-05,0.0,3.6288273334503174,3.277650494729319,3.6288273334503174,729600,0.0,0.0
1982-11-08,0.0,3.965372856664835,3.4678722030611286,3.936108112335205,312000,0.0,0.0
1982-11-09,0.0,3.9214756305401144,3.745887169471154,3.8044166564941406,524000,0.0,0.0
1982-11-10,0.0,3.819048506740466,3.7312542881947084,3.760519027709961,532000,0.0,0.0
1982-11-11,0.0,3.8044167119403216,3.687357736188312,3.7751519680023193,264800,0.0,0.0
1982-11-12,0.0,3.804416145597185,3.67272481748036,3.687357187271118,446400,0.0,0.0
1982-11-15,0.0,3.7458870410919194,3.438607244752348,3.745887041091919,863200,0.0,0.0
1982-11-16,0.0,3.6288273334503174,3.5117683872099845,3.6288273334503174,724000,0.0,0.0
1982-11-17,0.0,3.6873574790954593,3.59956325340271,3.658092737197876,336000,0.0,0.0
1982-11-18,0.0,3.7019891748505254,3.6288273334503174,3.6288273334503174,123200,0.0,0.0
1982-11-19,0.0,3.7312549634242616,3.6288283565851644,3.7166225910186768,768800,0.0,0.0
1982-11-22,0.0,3.7019898500442507,3.628827995300293,3.658092737197876,461600,0.0,0.0
1982-11-23,0.0,3.6727251946425237,3.423974882654783,3.482504367828369,591200,0.0,0.0
1982-11-24,0.0,3.614195492209458,3.5117688993128335,3.5995631217956543,349600,0.0,0.0
1982-11-26,0.0,3.658092644319956,3.628827903165396,3.643460273742676,56800,0.0,0.0
1982-11-29,0.0,3.7897837672252135,3.6434600696489503,3.760519027709961,260800,0.0,0.0
1982-11-30,0.0,3.848313808441162,3.7166224613842402,3.848313808441162,164800,0.0,0.0
1982-12-01,0.0,4.1263281480852525,3.950739716251838,3.965372085571289,360000,0.0,0.0
1982-12-02,0.0,4.023901562849094,3.9214749776129354,3.965372085571289,237600,0.0,0.0
1982-12-03,0.0,4.155595264846473,3.9653743548358946,4.067800998687744,153600,0.0,0.0
1982-12-06,0.0,3.862945607600321,3.701989540616974,3.8336808681488037,467200,0.0,0.0
1982-12-07,0.0,4.0092693048579084,3.804416128697286,3.8336808681488037,455200,0.0,0.0
1982-12-08,0.0,3.862946011126042,3.6580928135663275,3.745887041091919,899200,0.0,0.0
1982-12-09,0.0,3.7019891748505254,3.599562596890234,3.6288273334503174,446400,0.0,0.0
1982-12-10,0.0,3.628828064404397,3.5410338370397745,3.555666208267212,212800,0.0,0.0
1982-12-13,0.0,3.6288273334503174,3.4678712823698596,3.6288273334503174,315200,0.0,0.0
1982-12-14,0.0,3.716621998945872,3.4825040777524316,3.5117688179016113,275200,0.0,0.0
1982-12-15,0.0,3.5117695249360183,3.3947105407714844,3.3947105407714844,244800,0.0,0.0
1982-12-16,0.0,3.3361802683696484,3.2044889419866363,3.2337536811828613,115200,0.0,0.0
1982-12-17,0.0,3.394709877345873,3.1898566950922427,3.365445137023926,835200,0.0,0.0
1982-12-20,0.0,3.467871090034386,3.3800768852233887,3.3800768852233887,140800,0.0,0.0
1982-12-21,0.0,3.4239744261691443,3.3361802101135254,3.3361802101135254,254400,0.0,0.0
1982-12-22,0.0,3.45323939998774,3.365445177954154,3.4093422889709473,123200,0.0,0.0
1982-12-23,0.0,3.4971365110045336,3.3800775482930847,3.4093422889709473,162400,0.0,0.0
1982-12-27,0.0,3.4825044223817727,3.3508130786782604,3.453239679336548,57600,0.0,0.0
1982-12-28,0.0,3.4825040878133566,3.380077496995317,3.4386069774627686,147200,0.0,0.0
1982-12-29,0.0,3.3947102285064426,3.3069159984588623,3.3069159984588623,137600,0.0,0.0
1982-12-30,0.0,3.3947108096488248,3.321548938751221,3.3215489387512207,86400,0.0,0.0
1982-12-31,0.0,3.3654449487987317,3.321547840770922,3.3361802101135254,53600,0.0,0.0
1983-01-03,0.0,3.3215479947425224,3.2191214045962773,3.2483861446380615,178400,0.0,0.0
1983-01-04,0.0,3.2191217492479796,3.189857006072998,3.189857006072998,67200,0.0,0.0
1983-01-05,0.0,3.409342288970947,3.248386215242705,3.4093422889709473,379200,0.0,0.0
1983-01-06,0.0,3.570298910140991,3.3947104391504506,3.570298910140991,592000,0.0,0.0
1983-01-07,0.0,3.5995627889827806,3.5117685746173466,3.584930419921875,512800,0.0,0.0
1983-01-10,0.0,3.7458870410919194,3.5264014722779398,3.745887041091919,386400,0.0,0.0
1983-01-11,0.0,3.9507406327261854,3.7458874147329757,3.921475887298584,556800,0.0,0.0
1983-01-12,0.0,4.082431046586287,3.877577875789843,3.8922102451324463,208000,0.0,0.0
1983-01-13,0.0,3.9507400587703403,3.8629458352421104,3.9068429470062256,85600,0.0,0.0
1983-01-14,0.0,4.258021278584257,3.848314763806391,4.1263298988342285,378400,0.0,0.0
1983-01-17,0.0,4.433608493804932,4.155593439737955,4.389711380004883,988800,0.0,0.0
1983-01-18,0.0,4.828682641805329,4.3897114925502985,4.711623668670654,768800,0.0,0.0
1983-01-19,0.0,4.726256040312489,4.536035208968642,4.711623668670654,732800,0.0,0.0
1983-01-20,0.0,4.74088795368488,4.536034770500965,4.5652995109558105,513600,0.0,0.0
1983-01-21,0.0,4.536034749901813,4.272652087004288,4.3750786781311035,732000,0.0,0.0
1983-01-24,0.0,4.301915625451317,4.023900670065007,4.15559196472168,409600,0.0,0.0
1983-01-25,0.0,4.389711380004883,4.214122924804687,4.389711380004883,368800,0.0,0.0
1983-01-26,0.0,4.448241163420198,4.345814557683548,4.360446929931641,394400,0.0,0.0
1983-01-27,0.0,4.594564251410655,4.389711068226741,4.5652995109558105,247200,0.0,0.0
1983-01-28,0.0,4.565300141404939,4.360446929931641,4.360446929931641,216800,0.0,0.0
1983-01-31,0.0,4.389711048292077,4.331181567648183,4.3750786781311035,113600,0.0,0.0
1983-02-01,0.0,4.375078308373167,4.126328036659642,4.170225143432617,188800,0.0,0.0
1983-02-02,0.0,4.228753795086498,4.15559196472168,4.15559196472168,80000,0.0,0.0
1983-02-03,0.0,4.18485689163208,4.111695057862288,4.18485689163208,91200,0.0,0.0
1983-02-04,0.0,4.389711380004883,4.126328697204589,4.389711380004883,388000,0.0,0.0
1983-02-07,0.0,4.375079230086444,4.243387882023641,4.272652626037598,200800,0.0,0.0
1983-02-08,0.0,4.287285596132278,4.214123725891113,4.214123725891113,92000,0.0,0.0
1983-02-09,0.0,4.331181526184082,4.18485782597516,4.331181526184082,180000,0.0,0.0
1983-02-10,0.0,4.389711380004883,4.331181894938151,4.389711380004883,113600,0.0,0.0
1983-02-11,0.0,4.389711341472587,4.33118185691962,4.345814228057861,246400,0.0,0.0
1983-02-14,0.0,4.3897110062676505,4.31654915616319,4.331181526184082,579200,0.0,0.0
1983-02-15,0.0,4.565298843383789,4.506769371032715,4.536034107208252,652000,0.0,0.0
1983-02-16,0.0,4.565298987823782,4.462872407968762,4.521401882171631,280000,0.0,0.0
1983-02-17,0.0,4.521402611544257,4.38971127334394,4.448240756988525,154400,0.0,0.0
1983-02-18,0.0,4.726254892349243,4.418975162506103,4.6823577880859375,599200,0.0,0.0
1983-02-22,0.0,4.682357884660552,4.609196042712731,4.623828411102295,215200,0.0,0.0
1983-02-23,0.0,4.7994160109299875,4.594562888512244,4.755518913269043,649600,0.0,0.0
1983-02-24,0.0,4.843314170837402,4.711622848971733,4.843314170837402,477600,0.0,0.0
1983-02-25,0.0,4.9164765409366815,4.814049946333834,4.887211799621582,317600,0.0,0.0
1983-02-28,0.0,4.857947124982828,4.770152899832536,4.784785270690918,247200,0.0,0.0
1983-03-01,0.0,4.887211278125959,4.799417063548846,4.843314170837402,292800,0.0,0.0
1983-03-02,0.0,4.91647601631833,4.843314170837402,4.843314170837402,154400,0.0,0.0
1983-03-03,0.0,4.857946395874023,4.828681658549481,4.857946395874023,227200,0.0,0.0
1983-03-04,0.0,5.062800701274428,4.828682749770408,5.033535957336426,316000,0.0,0.0
1983-03-07,0.0,5.033535957336426,4.960374097491419,5.033535957336426,289600,0.0,0.0
1983-03-08,0.0,5.1066972077782475,4.887211654435343,4.901844024658203,139200,0.0,0.0
1983-03-09,0.0,4.931108239185379,4.828681658549481,4.857946395874023,1472000,0.0,0.0
1983-03-10,0.0,5.018902451159006,4.857946395874023,4.857946395874023,326400,0.0,0.0
1983-03-11,0.0,4.887211799621582,4.857947058306483,4.887211799621582,252800,0.0,0.0
1983-03-14,0.0,4.857946205139161,4.6823577880859375,4.6823577880859375,204000,0.0,0.0
1983-03-15,0.0,4.653093732320345,4.536034770500965,4.5652995109558105,329600,0.0,0.0
1983-03-16,0.0,4.623828699634333,4.565299222423772,4.594563961029053,114400,0.0,0.0
1983-03-17,0.0,4.579931211471558,4.521401739120484,4.536034107208252,33600,0.0,0.0
1983-03-18,0.0,4.550667353366551,4.448240756988525,4.448240756988525,118400,0.0,0.0
1983-03-21,0.0,4.609196621638078,4.389711068226741,4.5652995109558105,374400,0.0,0.0
1983-03-22,0.0,4.7408881187438965,4.594564411375258,4.7408881187438965,596000,0.0,0.0
1983-03-23,0.0,4.7994176415493,4.696991045540625,4.784785270690918,464000,0.0,0.0
1983-03-24,0.0,4.887212203770149,4.770153228829547,4.799417972564697,385600,0.0,0.0
1983-03-25,0.0,4.94574060784765,4.857946395874023,4.857946395874023,269600,0.0,0.0
1983-03-28,0.0,4.843313108590933,4.755518913269043,4.755518913269043,51200,0.0,0.0
1983-03-29,0.0,5.033535208020892,4.828682030950274,4.916476249694824,212000,0.0,0.0
1983-03-30,0.0,4.960373359067099,4.887211510113308,4.916476249694824,600800,0.0,0.0
1983-03-31,0.0,5.033535957336426,4.945741725522418,5.033535957336426,153600,0.0,0.0
1983-04-04,0.0,5.033535506197079,4.887211799621582,4.887211799621582,300800,0.0,0.0
1983-04-05,0.0,4.989638245995366,4.887211654435343,4.901844024658203,128800,0.0,0.0
1983-04-06,0.0,4.90184379346443,4.799417206735322,4.828681945800781,369600,0.0,0.0
1983-04-07,0.0,4.828682641805329,4.711623668670654,4.711623668670654,368800,0.0,0.0
1983-04-08,0.0,4.784785230954489,4.682358635796441,4.7408881187438965,519200,0.0,0.0
1983-04-11,0.0,4.916476267247113,4.740887829131144,4.770152568817139,91200,0.0,0.0
1983-04-12,0.0,4.857947460034999,4.770153228829547,4.799417972564697,137600,0.0,0.0
1983-04-13,0.0,4.828681945800781,4.740887728604403,4.828681945800781,178400,0.0,0.0
1983-04-14,0.0,5.194491825320505,4.857947284525092,5.150594711303711,349600,0.0,0.0
1983-04-15,0.0,5.5895651908631026,5.1505941025754245,5.501770973205566,798400,0.0,0.0
1983-04-18,0.0,5.443243420813695,5.282287298155225,5.311552047729492,106400,0.0,0.0
1983-04-19,0.0,5.384711696677012,5.311549852972162,5.340814590454102,208800,0.0,0.0
1983-04-20,0.0,5.443240928649903,5.2969172477722175,5.413976192474365,236000,0.0,0.0
1983-04-21,0.0,5.413977966628262,5.238389492034913,5.238389492034912,149600,0.0,0.0
1983-04-22,0.0,5.179859227337137,5.004270778952827,5.077432632446289,168000,0.0,0.0
1983-04-25,0.0,5.179859376367117,4.975006180691581,5.062800407409668,261600,0.0,0.0
1983-04-26,0.0,5.487138893515031,5.106697263564655,5.472506523132324,302400,0.0,0.0
1983-04-27,0.0,5.58956371369909,5.355445861816405,5.355445861816406,220000,0.0,0.0
1983-04-28,0.0,5.50177118052607,5.384712219238281,5.384712219238281,108800,0.0,0.0
1983-04-29,0.0,5.384712219238281,5.2969179982724395,5.384712219238281,106400,0.0,0.0
1983-05-02,0.0,5.355447675721447,5.062800261747597,5.077432632446289,260800,0.0,0.0
1983-05-03,0.0,5.077432778529349,4.887211953973495,5.062800407409668,356000,0.0,0.0
1983-05-04,0.0,5.501771263897737,5.44324178236691,5.472506523132324,251200,0.0,0.0
1983-05-05,0.0,5.560300121568654,5.340814590454102,5.340814590454102,352000,0.0,0.0
1983-05-06,0.0,5.794419364635007,5.413977689179172,5.69199275970459,930400,0.0,0.0
1983-05-09,0.0,5.706624321101867,5.5310358804525785,5.677359580993652,99200,0.0,0.0
1983-05-10,0.0,5.721256256103516,5.589564935630545,5.721256256103516,362400,0.0,0.0
1983-05-11,0.0,5.691991865946984,5.589565277099609,5.589565277099609,454400,0.0,0.0
1983-05-12,0.0,5.662727273355319,5.545668311632212,5.574933052062988,325600,0.0,0.0
1983-05-13,0.0,5.852949142456055,5.589566431045532,5.852949142456055,464800,0.0,0.0
1983-05-16,0.0,5.794416992031798,5.706622795182831,5.73588752746582,194400,0.0,0.0
1983-05-17,0.0,5.852949589265685,5.735890597480371,5.809052467346191,61600,0.0,0.0
1983-05-18,0.0,5.970006275646792,5.809050224097491,5.940741539001465,89600,0.0,0.0
1983-05-19,0.0,6.013904157251415,5.911477565765381,5.911477565765381,94400,0.0,0.0
1983-05-20,0.0,5.882213223519638,5.706624769086216,5.823683738708496,571200,0.0,0.0
1983-05-23,0.0,6.043168544769287,5.735888788255594,6.043168544769287,342400,0.0,0.0
1983-05-24,0.0,6.306550502777099,6.013903147659832,6.3065505027771,688800,0.0,0.0
1983-05-25,0.0,6.599200248718262,6.438244145090986,6.599200248718262,557600,0.0,0.0
1983-05-26,0.0,6.77478763768961,6.6138315599043285,6.657728672027588,386400,0.0,0.0
1983-05-27,0.0,6.730890086644602,6.613831128616,6.701625347137451,188800,0.0,0.0
1983-05-31,0.0,6.643097635876438,6.452876778461474,6.526038646697998,294400,0.0,0.0
1983-06-01,0.0,6.526038646697998,6.452876778461474,6.526038646697998,116800,0.0,0.0
1983-06-02,0.0,6.526038646697998,6.408979657519559,6.526038646697998,321600,0.0,0.0
1983-06-03,0.0,6.555300469323151,6.452873899489977,6.482138633728027,179200,0.0,0.0
1983-06-06,0.0,6.657728672027587,6.482140223534552,6.657728672027588,396800,0.0,0.0
1983-06-07,0.0,6.701625114508286,6.62846326828003,6.628463268280029,286400,0.0,0.0
1983-06-08,0.0,6.774787902832031,6.628464190027883,6.774787902832031,185600,0.0,0.0
1983-06-09,0.0,6.760153770446777,6.67235956563578,6.760153770446777,596800,0.0,0.0
1983-06-10,0.0,7.7258917773783455,6.730890563625073,7.228391170501709,1407200,0.0,0.0
1983-06-13,0.0,7.22839119808733,6.99427326454604,7.082067489624023,255200,0.0,0.0
1983-06-14,0.0,7.477141857147217,7.125964940177485,7.477141857147217,239200,0.0,0.0
1983-06-15,0.0,7.579566478729248,7.418610433814147,7.579566478729248,500000,0.0,0.0
1983-06-16,0.0,8.047804945991153,7.667363257635207,7.9892754554748535,367200,0.0,0.0
1983-06-17,0.0,7.989275054786595,7.696627616882324,7.696627616882324,84800,0.0,0.0
1983-06-20,0.0,7.784420754969466,7.564935207366943,7.564935207366943,289600,0.0,0.0
1983-06-21,0.0,7.477140191101259,7.257654666900635,7.257654666900635,652000,0.0,0.0
1983-06-22,0.0,7.579567534450427,7.286920139297901,7.521038055419922,213600,0.0,0.0
1983-06-23,0.0,7.696625420485684,7.564934111009693,7.579566478729248,128800,0.0,0.0
1983-06-24,0.0,7.696627616882324,7.4332449227684805,7.696627616882324,125600,0.0,0.0
1983-06-27,0.0,7.72589123202669,7.521038055419922,7.521038055419922,200000,0.0,0.0
1983-06-28,0.0,7.550304161282035,7.403980437226182,7.4332451820373535,172000,0.0,0.0
1983-06-29,0.0,7.374714958190919,7.082067539215088,7.316185474395752,401600,0.0,0.0
1983-06-30,0.0,7.433245182037353,7.272289085575914,7.4332451820373535,220000,0.0,0.0
1983-07-01,0.0,7.462508156454774,7.389346311783649,7.4186110496521,160000,0.0,0.0
1983-07-05,0.0,7.447875787520549,7.389346311783649,7.4186110496521,102400,0.0,0.0
1983-07-06,0.0,7.418611483914511,7.374714374542236,7.374714374542236,178400,0.0,0.0
1983-07-07,0.0,7.345448876580884,7.257654666900635,7.257654666900635,192800,0.0,0.0
1983-07-08,0.0,7.228392595027779,6.994274616241455,6.994274616241455,100800,0.0,0.0
1983-07-11,0.0,7.008905849536927,6.877214507896359,6.965008735656738,928800,0.0,0.0
1983-07-12,0.0,6.9650069150057705,6.760153770446777,6.760153770446777,407200,0.0,0.0
1983-07-13,0.0,6.965007592857135,6.628463108328324,6.9357428550720215,432000,0.0,0.0
1983-07-14,0.0,6.9357434563014815,6.701625533725904,6.730890274047852,116000,0.0,0.0
1983-07-15,0.0,6.6723626584422835,6.438244670426765,6.452877044677734,135200,0.0,0.0
1983-07-18,0.0,6.496772101561947,6.350448405580822,6.467507362365723,190400,0.0,0.0
1983-07-19,0.0,6.701625158912257,6.496771988115812,6.672360420227051,242400,0.0,0.0
1983-07-20,0.0,7.286920547485352,6.730890465548718,7.286920547485352,191200,0.0,0.0
1983-07-21,0.0,7.96000862121582,7.813684933325823,7.96000862121582,1130400,0.0,0.0
1983-07-22,0.0,8.047802925109863,7.901479235562411,8.047802925109863,312000,0.0,0.0
1983-07-25,0.0,7.960007315057751,7.6673599872982745,7.799051284790039,530400,0.0,0.0
1983-07-26,0.0,8.194126521839815,7.799052564536824,7.96000862121582,795200,0.0,0.0
1983-07-27,0.0,8.018541072472043,7.594202220096698,7.623466968536377,182400,0.0,0.0
1983-07-28,0.0,7.638097635269165,7.316185474395753,7.316185474395752,220000,0.0,0.0
1983-07-29,0.0,7.199125840036493,6.818684230603671,6.950375556945801,400000,0.0,0.0
1983-08-01,0.0,7.08206676181994,6.321183556004574,6.672360420227051,224000,0.0,2.0
1983-08-02,0.0,7.023539363589745,6.78942138480342,6.994274616241455,182800,0.0,0.0
1983-08-03,0.0,7.140597158989298,6.994273446714927,7.111332416534424,60400,0.0,0.0
1983-08-04,0.0,7.316185474395753,6.877214345932007,7.316185474395752,496000,0.0,0.0
1983-08-05,0.0,7.579566478729248,7.316183859777266,7.579566478729248,428800,0.0,0.0
1983-08-08,0.0,7.550303409576417,7.316185474395753,7.316185474395752,283200,0.0,0.0
1983-08-09,0.0,7.286920297145844,6.994272895654043,7.023537635803223,168800,0.0,0.0
1983-08-10,0.0,7.082066543997591,6.877213379501793,6.9357428550720215,217600,0.0,0.0
1983-08-11,0.0,6.906478329708701,6.555301465486225,6.672360420227051,241600,0.0,0.0
1983-08-12,0.0,7.140597820281982,6.701626642805631,7.140597820281982,245200,0.0,0.0
1983-08-15,0.0,7.608832700185508,7.199126324021673,7.286920547485352,280000,0.0,0.0
1983-08-16,0.0,7.345450029794471,7.228391065176233,7.286920547485352,80800,0.0,0.0
1983-08-17,0.0,7.286920547485352,7.199126324021673,7.286920547485352,135200,0.0,0.0
1983-08-18,0.0,7.286920547485352,7.199126324021673,7.286920547485352,141600,0.0,0.0
1983-08-19,0.0,7.257656800942343,7.140597820281982,7.140597820281982,133200,0.0,0.0
1983-08-22,0.0,7.4039797000885015,7.19912650680542,7.316185474395752,362000,0.0,0.0
1983-08-23,0.0,7.286919403460717,7.169860457220385,7.257654666900635,156800,0.0,0.0
1983-08-24,0.0,7.2576551939311775,6.672360420227051,6.672360420227051,420000,0.0,0.0
1983-08-25,0.0,6.61383165507556,6.26265475303615,6.408978462219238,1114800,0.0,0.0
1983-08-26,0.0,6.613832770453559,6.262655809190538,6.584568023681641,381200,0.0,0.0
1983-08-29,0.0,6.760153770446777,6.613830095761783,6.760153770446777,712000,0.0,0.0
1983-08-30,0.0,6.877213954925536,6.672360773289457,6.877213954925537,362400,0.0,0.0
1983-08-31,0.0,7.521038824692369,7.374715112149716,7.491774082183838,402400,0.0,0.0
1983-09-01,0.0,7.462509926848523,7.286921457981499,7.4332451820373535,160000,0.0,0.0
1983-09-02,0.0,7.608833052217961,7.4332445971667775,7.491774082183838,178800,0.0,0.0
1983-09-06,0.0,7.5503038630766035,7.257656426523247,7.462509632110596,120000,0.0,0.0
1983-09-07,0.0,7.725893020629884,7.403980811436972,7.725893020629883,196400,0.0,0.0
1983-09-08,0.0,7.784421848253605,7.608833385511043,7.696627616882324,269600,0.0,0.0
1983-09-09,0.0,7.667362800011269,7.550303825965295,7.608833312988281,428800,0.0,0.0
1983-09-12,0.0,7.842950992286206,7.374715112149716,7.491774082183838,236400,0.0,0.0
1983-09-13,0.0,7.374716331769233,6.906480374196583,6.994274616241455,232000,0.0,0.0
1983-09-14,0.0,7.374714374542236,6.994272759982517,7.374714374542236,171200,0.0,0.0
1983-09-15,0.0,7.316185395244645,7.22839117050171,7.228391170501709,241600,0.0,0.0
1983-09-16,0.0,7.199126643899046,7.082067674079549,7.111332416534424,29600,0.0,0.0
1983-09-19,0.0,7.199125577965561,6.965007672991071,7.16986083984375,482400,0.0,0.0
1983-09-20,0.0,7.345450216293336,7.140597023010255,7.316185474395752,462400,0.0,0.0
1983-09-21,0.0,7.725893020629884,7.374716065146707,7.725893020629883,876400,0.0,0.0
1983-09-22,0.0,8.633097648620605,7.725890777070644,8.633097648620605,637200,0.0,0.0
1983-09-23,0.0,8.545302963256836,8.369714546203614,8.486773490905762,350000,0.0,0.0
1983-09-26,0.0,9.013540019159732,8.457509953042734,8.750157356262207,352800,0.0,0.0
1983-09-27,0.0,8.691628972144976,8.545305252075195,8.545305252075195,396000,0.0,0.0
1983-09-28,0.0,8.98427656032895,8.603834881878539,8.720893859863281,270800,0.0,0.0
1983-09-29,0.0,8.779423348855653,8.720893859863281,8.720893859863281,149600,0.0,0.0
1983-09-30,0.0,8.603832435607911,8.31118507385254,8.486773490905762,542800,0.0,0.0
1983-10-03,0.0,8.398979762562535,8.252656073319285,8.340450286865234,163600,0.0,0.0
1983-10-04,0.0,8.603834740103107,8.223393067921677,8.545305252075195,169200,0.0,0.0
1983-10-05,0.0,8.603832435607911,8.428244018554688,8.486773490905762,286800,0.0,0.0
1983-10-06,0.0,9.013542175292969,8.603835712779652,9.013542175292969,340400,0.0,0.0
1983-10-07,0.0,9.101334706733102,8.89648151397705,8.89648151397705,338400,0.0,0.0
1983-10-10,0.0,9.21839295103908,8.837951337186674,9.159863471984863,327600,0.0,0.0
1983-10-11,0.0,9.101331887881997,8.984272956848145,8.984272956848145,38000,0.0,0.0
1983-10-12,0.0,9.072070793817508,8.720893859863281,8.720893859863281,206800,0.0,0.0
1983-10-13,0.0,8.779423204186845,8.486775764047282,8.545305252075195,95200,0.0,0.0
1983-10-14,0.0,8.63309598304856,8.31118392944336,8.31118392944336,308000,0.0,0.0
1983-10-17,0.0,8.369715042114258,7.901479235562411,8.047802925109863,1486000,0.0,0.0
1983-10-18,0.0,8.22339178587644,7.6673617362976065,7.667361736297607,367200,0.0,0.0
1983-10-19,0.0,7.4917746716596945,7.199127223547987,7.4332451820373535,856800,0.0,0.0
1983-10-20,0.0,7.696626475749124,7.491773299588501,7.667361736297607,154000,0.0,0.0
1983-10-21,0.0,7.667362377166748,7.257655990600586,7.316185474395752,712000,0.0,0.0
1983-10-24,0.0,7.345448876580884,7.082066247540135,7.257654666900635,360400,0.0,0.0
1983-10-25,0.0,7.345449924468994,7.257655702264185,7.345449924468994,316400,0.0,0.0
1983-10-26,0.0,7.433244733487145,6.81868512953742,6.906479358673096,742800,0.0,0.0
1983-10-27,0.0,7.082067244042654,6.730890355908308,6.8186845779418945,331600,0.0,0.0
1983-10-28,0.0,7.608831214168356,7.140595447142612,7.579566478729248,752800,0.0,0.0
1983-10-31,0.0,7.725892287034255,7.316185877873348,7.608833312988281,640800,0.0,0.0
1983-11-01,0.0,7.608831505621633,7.199125193780468,7.257654666900635,299600,0.0,0.0
1983-11-02,0.0,7.550303936004639,7.199127008748609,7.550303936004639,662800,0.0,0.0
1983-11-03,0.0,7.842949967635305,7.550302580783241,7.784420490264893,462400,0.0,0.0
1983-11-04,0.0,7.784420490264893,7.608832058153654,7.784420490264893,190000,0.0,0.0
1983-11-07,0.0,8.135600691256316,7.725894181624703,8.077071189880371,562400,0.0,0.0
1983-11-08,0.0,8.194129832469633,7.960011837256215,8.01854133605957,307600,0.0,0.0
1983-11-09,0.0,8.077067571527818,7.784420195747824,7.96000862121582,591200,0.0,0.0
1983-11-10,0.0,8.428242858027069,8.047801340130015,8.31118392944336,302800,0.0,0.0
1983-11-11,0.0,8.428243250279992,8.281919582740409,8.36971378326416,145600,0.0,0.0
1983-11-14,0.0,8.457512199878693,8.281923711299896,8.428247451782227,42400,0.0,0.0
1983-11-15,0.0,8.428242858027069,8.252654465151505,8.31118392944336,117200,0.0,0.0
1983-11-16,0.0,8.720892532451733,8.36971565195032,8.662363052368164,456400,0.0,0.0
1983-11-17,0.0,8.896482326840395,8.720893859863281,8.720893859863281,322400,0.0,0.0
1983-11-18,0.0,8.837951951644746,8.720892985397795,8.808687210083008,96800,0.0,0.0
1983-11-21,0.0,8.428247451782227,8.311188459396362,8.428247451782227,396400,0.0,0.0
1983-11-22,0.0,8.662363636250399,8.545304668192962,8.60383415222168,492800,0.0,0.0
1983-11-23,0.0,8.633097665351734,8.223391335470636,8.340450286865234,184000,0.0,0.0
1983-11-25,0.0,8.252659797668457,8.077071291335086,8.252659797668457,164800,0.0,0.0
1983-11-28,0.0,8.25266101892046,8.135601997375488,8.135601997375488,88400,0.0,0.0
1983-11-29,0.0,8.340449128099667,8.077066524054414,8.164860725402832,1980000,0.0,0.0
1983-11-30,0.0,8.28192454872402,8.13560079344621,8.252659797668457,299600,0.0,0.0
1983-12-01,0.0,8.25266101892046,8.135601997375488,8.135601997375488,174800,0.0,0.0
1983-12-02,0.0,8.486773490905762,8.135596656799317,8.486773490905762,274400,0.0,0.0
1983-12-05,0.0,8.837952088336555,8.486775184164243,8.60383415222168,477200,0.0,0.0
1983-12-06,0.0,8.574566917819576,8.281919582740409,8.36971378326416,170800,0.0,0.0
1983-12-07,0.0,8.545302963256836,8.281920337677002,8.486773490905762,112800,0.0,0.0
1983-12-08,0.0,8.603830786312328,8.457507133483887,8.457507133483887,78000,0.0,0.0
1983-12-09,0.0,8.60383415222168,8.545304668192962,8.60383415222168,296400,0.0,0.0
1983-12-12,0.0,8.633100688457489,8.369717955589294,8.428247451782227,289600,0.0,0.0
1983-12-13,0.0,8.545307308224077,8.223395046612895,8.252659797668457,352800,0.0,0.0
1983-12-14,0.0,8.223391736027136,8.018538561108311,8.106332778930664,162000,0.0,0.0
1983-12-15,0.0,8.077067571527818,7.842949670903823,7.96000862121582,247600,0.0,0.0
1983-12-16,0.0,8.22339277948652,7.901480606624058,8.194128036499023,130000,0.0,0.0
1983-12-19,0.0,8.194126996753019,8.047803300382428,8.106332778930664,83200,0.0,0.0
1983-12-20,0.0,8.36971378326416,8.19412538221666,8.36971378326416,125200,0.0,0.0
1983-12-21,0.0,8.662363924298967,8.194128036499023,8.194128036499023,528000,0.0,0.0
1983-12-22,0.0,8.398982048034668,8.194128827350896,8.398982048034668,135600,0.0,0.0
1983-12-23,0.0,8.5160382270813,8.340449810028076,8.486773490905762,46000,0.0,0.0
1983-12-27,0.0,8.545303451805784,8.281920811167934,8.340450286865234,321200,0.0,0.0
1983-12-28,0.0,8.311189299779581,8.194130295557335,8.252659797668457,120800,0.0,0.0
1983-12-29,0.0,8.398978595665278,8.135595991620027,8.164860725402832,287600,0.0,0.0
1983-12-30,0.0,8.428247451782227,8.194129467010498,8.428247451782227,624000,0.0,0.0
1984-01-03,0.0,8.603834740103107,8.42824627601937,8.545305252075195,435200,0.0,0.0
1984-01-04,0.0,8.662363052368164,8.311186171866753,8.662363052368164,267200,0.0,0.0
1984-01-05,0.0,9.101333048477425,8.662362001123208,8.867215156555176,637600,0.0,0.0
1984-01-06,0.0,8.98427706762077,8.779423844580556,8.955012321472168,312400,0.0,0.0
1984-01-09,0.0,9.218395406549627,8.92574793332583,9.013542175292969,439200,0.0,0.0
1984-01-10,0.0,9.130599021911621,9.042804800547087,9.130599021911621,381200,0.0,0.0
1984-01-11,0.0,9.159862712749,8.984274290140393,9.042803764343262,155200,0.0,0.0
1984-01-12,0.0,9.130597975647564,8.955009553038957,9.042803764343262,165200,0.0,0.0
1984-01-13,0.0,9.130599448555394,8.837952030332465,8.89648151397705,225600,0.0,0.0
1984-01-16,0.0,8.955009748114914,8.837950797159165,8.925745010375977,154000,0.0,0.0
1984-01-17,0.0,9.101336052215178,8.925747575323566,8.955012321472168,128000,0.0,0.0
1984-01-18,0.0,9.072071669937728,8.95501268064821,9.013542175292969,199200,0.0,0.0
1984-01-19,0.0,9.013540103735513,8.83795166015625,8.83795166015625,61600,0.0,0.0
1984-01-20,0.0,8.779420052374993,8.311184316248326,8.36971378326416,123200,0.0,0.0
1984-01-23,0.0,8.194131508147974,7.901483954285546,8.135601997375488,563200,0.0,0.0
1984-01-24,0.0,8.077070834862925,7.7551585914444745,8.01854133605957,492400,0.0,0.0
1984-01-25,0.0,8.252658210583586,7.842951774597168,7.842951774597168,154000,0.0,0.0
1984-01-26,0.0,7.930745219811798,7.374715112149716,7.491774082183838,360000,0.0,0.0
1984-01-27,0.0,7.608831505621633,6.965007301299803,7.257654666900635,449600,0.0,0.0
1984-01-30,0.0,7.433244389935959,6.9650085228533785,7.082067489624023,292800,0.0,0.0
1984-01-31,0.0,7.374714688556951,7.0820672802808815,7.199126243591309,249600,0.0,0.0
1984-02-01,0.0,7.3454497774442045,7.023537635803223,7.023537635803223,196400,0.0,0.0
1984-02-02,0.0,6.96500955778977,6.613832605296168,6.789421081542969,542000,0.0,0.0
1984-02-03,0.0,7.052801726119858,6.37971276470593,6.555301189422607,389600,0.0,0.0
1984-02-06,0.0,6.730890970314498,6.438243536822563,6.613831996917725,785200,0.0,0.0
1984-02-07,0.0,6.730889614139284,6.438242239611489,6.555301189422607,428400,0.0,0.0
1984-02-08,0.0,6.613831058346847,6.4089778839732725,6.467507362365723,262400,0.0,0.0
1984-02-09,0.0,6.555301579954397,6.145595231207247,6.467507362365723,555600,0.0,0.0
1984-02-10,0.0,6.701625158912257,6.526036726801019,6.672360420227051,250400,0.0,0.0
1984-02-13,0.0,6.730890086644602,6.5553016496017,6.701625347137451,217200,0.0,0.0
1984-02-14,0.0,7.023537635803223,6.555301793416342,7.023537635803223,290000,0.0,0.0
1984-02-15,0.0,7.374714906550636,7.082067489624023,7.082067489624023,357600,0.0,0.0
1984-02-16,0.0,7.16986204608012,6.906479358673096,6.906479358673096,456400,0.0,0.0
1984-02-17,0.0,7.111332178115846,6.730890538957384,6.847949504852295,86000,0.0,0.0
1984-02-21,0.0,6.965007807079115,6.613830942856638,6.672360420227051,89600,0.0,0.0
1984-02-22,0.0,6.789420457012885,6.613831996917725,6.613831996917725,74400,0.0,0.0
1984-02-23,0.0,6.760155014369799,6.496772351472274,6.730890274047852,145600,0.0,0.0
1984-02-24,0.0,7.082067489624023,6.6138316225414435,7.082067489624023,280800,0.0,0.0
1984-02-27,0.0,7.4332441702121645,7.023537798625667,7.199126243591309,576400,0.0,0.0
1984-02-28,0.0,6.965008196623429,6.526037091794222,6.730890274047852,585200,0.0,0.0
1984-02-29,0.0,6.847949169777535,6.3211838490254175,6.496772289276123,852800,0.0,0.0
1984-03-01,0.0,6.818686367656691,6.321185645552984,6.643097877502441,433200,0.0,0.0
1984-03-02,0.0,6.8479479752577745,6.70162430057278,6.760153770446777,265600,0.0,0.0
1984-03-05,0.0,6.877212710194774,6.760153770446777,6.760153770446777,126000,0.0,0.0
1984-03-06,0.0,6.906480065707503,6.789421081542969,6.789421081542969,42000,0.0,0.0
1984-03-07,0.0,6.672360342199152,6.3211834820834065,6.438242435455322,536000,0.0,0.0
1984-03-08,0.0,6.496771821228591,6.321183393627818,6.350448131561279,366800,0.0,0.0
1984-03-09,0.0,6.204125219046787,6.057801511050401,6.17486047744751,296400,0.0,0.0
1984-03-12,0.0,6.5553011894226065,6.174859602536474,6.555301189422607,1104400,0.0,0.0
1984-03-13,0.0,6.906480065707503,6.730891589460702,6.789421081542969,336000,0.0,0.0
1984-03-14,0.0,6.789420457012885,6.555302510219337,6.613831996917725,289200,0.0,0.0
1984-03-15,0.0,6.672360139233725,6.467506977064269,6.555301189422607,386800,0.0,0.0
1984-03-16,0.0,6.8772153196663695,6.701626843419569,6.789421081542969,638400,0.0,0.0
1984-03-19,0.0,6.789421081542969,6.584567859255035,6.789421081542969,359200,0.0,0.0
1984-03-20,0.0,6.789421081542969,6.672362097378435,6.789421081542969,126800,0.0,0.0
1984-03-21,0.0,6.906478987799751,6.730890538957384,6.847949504852295,141600,0.0,0.0
1984-03-22,0.0,6.906480612733816,6.643097877502442,6.643097877502441,88000,0.0,0.0
1984-03-23,0.0,6.555301388827236,6.350448220426386,6.438242435455322,174800,0.0,0.0
1984-03-26,0.0,6.526037429565708,6.3504489785460025,6.408978462219238,50000,0.0,0.0
1984-03-27,0.0,6.672360139233725,6.262653814894812,6.555301189422607,293600,0.0,0.0
1984-03-28,0.0,7.0820674366421175,6.643096314536201,6.847949504852295,257200,0.0,0.0
1984-03-29,0.0,7.140596019567819,6.818683903931565,6.9357428550720215,244400,0.0,0.0
1984-03-30,0.0,6.994274616241455,6.965009868893164,6.994274616241455,72400,0.0,0.0
1984-04-02,0.0,7.052803147155626,6.555302510219337,6.613831996917725,495600,0.0,0.0
1984-04-03,0.0,6.70162508054213,6.379712958769364,6.438242435455322,313600,0.0,0.0
1984-04-04,0.0,6.526037029317908,6.350448589067201,6.496772289276123,71200,0.0,0.0
1984-04-05,0.0,6.555300000687721,6.145593750644738,6.2333879470825195,698400,0.0,0.0
1984-04-06,0.0,6.2626547304171964,5.970007313107982,6.028536796569824,680000,0.0,0.0
1984-04-09,0.0,6.145595873103423,5.970007419586182,5.970007419586182,586800,0.0,0.0
1984-04-10,0.0,6.14559576349351,5.999272054838904,6.028536796569824,186400,0.0,0.0
1984-04-11,0.0,6.233390179233274,5.999272238229207,6.057801723480225,184400,0.0,0.0
1984-04-12,0.0,6.08706521987915,5.735888380270738,6.08706521987915,392400,0.0,0.0
1984-04-13,0.0,6.204125031970796,6.028536587669736,6.145595550537109,802000,0.0,0.0
1984-04-16,0.0,6.057799582578698,5.73588752746582,5.73588752746582,1014800,0.0,0.0
1984-04-17,0.0,6.204125246955353,5.73588937926061,6.028536796569824,790000,0.0,0.0
1984-04-18,0.0,6.204125031970796,6.087066069103423,6.145595550537109,107600,0.0,0.0
1984-04-19,0.0,6.204125031970796,6.05780132838658,6.145595550537109,330800,0.0,0.0
1984-04-23,0.0,6.32118399483817,6.1163308098202664,6.145595550537109,376800,0.0,0.0
1984-04-24,0.0,6.321183204650879,6.145594782299466,6.321183204650879,325200,0.0,0.0
1984-04-25,0.0,6.29191944384462,6.145595735848233,6.17486047744751,71200,0.0,0.0
1984-04-26,0.0,6.496772289276123,6.233389628900064,6.496772289276123,320800,0.0,0.0
1984-04-27,0.0,6.613831996917725,6.526037766870144,6.613831996917725,333200,0.0,0.0
1984-04-30,0.0,6.8186843051660535,6.613831128616,6.701625347137451,198000,0.0,0.0
1984-05-01,0.0,7.111332416534423,6.730890764621059,7.111332416534424,410400,0.0,0.0
1984-05-02,0.0,7.345450216293336,7.082067539215088,7.316185474395752,714000,0.0,0.0
1984-05-03,0.0,7.433245271932883,7.140597820281982,7.140597820281982,429600,0.0,0.0
1984-05-04,0.0,7.257655556996664,6.818684454758962,7.023537635803223,977200,0.0,0.0
1984-05-07,0.0,6.994273022009067,6.818684577941894,6.8186845779418945,628400,0.0,0.0
1984-05-08,0.0,6.789421081542969,6.701626843419569,6.789421081542969,140400,0.0,0.0
1984-05-09,0.0,6.906478715979535,6.672360793403957,6.730890274047852,84400,0.0,0.0
1984-05-10,0.0,6.789418505383777,6.643094830698781,6.760153770446777,181600,0.0,0.0
1984-05-11,0.0,6.789418505383777,6.555300625887784,6.760153770446777,132800,0.0,0.0
1984-05-14,0.0,6.760154351592063,6.5553011894226065,6.555301189422607,86000,0.0,0.0
1984-05-15,0.0,6.701625347137451,6.5553016496017,6.701625347137451,147600,0.0,0.0
1984-05-16,0.0,6.730889614139284,6.5553011894226065,6.555301189422607,205600,0.0,0.0
1984-05-17,0.0,6.6138331956952525,6.2626562118530265,6.262656211853027,144800,0.0,0.0
1984-05-18,0.0,6.2919206619262695,6.233391167396723,6.2919206619262695,239600,0.0,0.0
1984-05-21,0.0,6.291920960506546,6.204126714545989,6.262656211853027,178400,0.0,0.0
1984-05-22,0.0,6.204125031970796,6.087066069103423,6.145595550537109,355200,0.0,0.0
1984-05-23,0.0,6.174859429781254,6.028535746611082,6.08706521987915,270000,0.0,0.0
1984-05-24,0.0,6.1455937794276645,5.618828598333865,5.73588752746582,981600,0.0,0.0
1984-05-25,0.0,5.970008125305176,5.794419651031494,5.852949142456055,331600,0.0,0.0
1984-05-29,0.0,6.087067108154297,5.852949142456055,5.852949142456055,276400,0.0,0.0
1984-05-30,0.0,6.116331021762589,5.53103618714416,6.028536796569824,453200,0.0,0.0
1984-05-31,0.0,6.087066466105733,5.970007495603699,6.057801723480225,253200,0.0,0.0
1984-06-01,0.0,6.35044813156128,6.233389179827431,6.350448131561279,239200,0.0,0.0
1984-06-04,0.0,6.643097635876438,6.438244404814169,6.526038646697998,293600,0.0,0.0
1984-06-05,0.0,6.584565926875387,6.37971276470593,6.555301189422607,218400,0.0,0.0
1984-06-06,0.0,6.7016248766865045,6.496771714517048,6.555301189422607,543600,0.0,0.0
1984-06-07,0.0,6.613830664328166,6.467506977064269,6.555301189422607,193200,0.0,0.0
1984-06-08,0.0,6.584568141287218,6.496773899403388,6.526038646697998,151600,0.0,0.0
1984-06-11,0.0,6.526036364060861,6.233388993475172,6.321183204650879,104000,0.0,0.0
1984-06-12,0.0,6.3797126787680165,6.204124256416604,6.321183204650879,74800,0.0,0.0
1984-06-13,0.0,6.3797126787680165,6.233388993475172,6.321183204650879,122400,0.0,0.0
1984-06-14,0.0,6.291919472148118,6.028536796569825,6.028536796569824,792800,0.0,0.0
1984-06-15,0.0,6.08706521987915,5.9114768000749445,6.08706521987915,108800,0.0,0.0
1984-06-18,0.0,6.321182143520302,6.028534822061029,6.2333879470825195,351600,0.0,0.0
1984-06-19,0.0,6.321183204650879,6.087065308182328,6.321183204650879,184400,0.0,0.0
1984-06-20,0.0,6.438242435455321,6.087065575339577,6.438242435455322,280400,0.0,0.0
1984-06-21,0.0,6.672362263997395,6.321185302734374,6.584568023681641,446400,0.0,0.0
1984-06-22,0.0,6.555301579954397,6.438242623169497,6.467507362365723,350400,0.0,0.0
1984-06-25,0.0,6.526036840758172,6.4089778839732725,6.467507362365723,98000,0.0,0.0
1984-06-26,0.0,6.467506889943723,6.262653730533741,6.321183204650879,132000,0.0,0.0
1984-06-27,0.0,6.379713859198228,6.145595919411137,6.20412540435791,132400,0.0,0.0
1984-06-28,0.0,6.379714012145996,6.145596066746143,6.379714012145996,156400,0.0,0.0
1984-06-29,0.0,6.408978462219238,6.26265475303615,6.408978462219238,190400,0.0,0.0
1984-07-02,0.0,6.438243344145,6.11633117693775,6.20412540435791,105200,0.0,0.0
1984-07-03,0.0,6.233390179233274,6.057801723480224,6.057801723480225,102400,0.0,0.0
1984-07-05,0.0,6.0578023624420165,5.794419651031494,5.852949142456055,184800,0.0,0.0
1984-07-06,0.0,5.970008125305176,5.677360668182373,5.852949142456055,160000,0.0,0.0
1984-07-09,0.0,6.204125031970796,5.911477624802362,6.145595550537109,284800,0.0,0.0
1984-07-10,0.0,6.174859429781254,6.028535746611082,6.08706521987915,184400,0.0,0.0
1984-07-11,0.0,6.087067108154297,5.852949142456055,5.852949142456055,22800,0.0,0.0
1984-07-12,0.0,5.852948481114067,5.677360026680645,5.823683738708496,153200,0.0,0.0
1984-07-13,0.0,6.057801267888286,5.8529480849162185,5.911477565765381,132400,0.0,0.0
1984-07-16,0.0,5.970008175189678,5.560301731794308,5.706625461578369,177200,0.0,0.0
1984-07-17,0.0,5.823683281534725,5.677359580993652,5.677359580993652,586000,0.0,0.0
1984-07-18,0.0,5.7651550042001825,5.560301780700684,5.560301780700684,114800,0.0,0.0
1984-07-19,0.0,5.618829854329427,5.179858771959941,5.267652988433838,633600,0.0,0.0
1984-07-20,0.0,5.384712540701534,5.092065120011233,5.2091240882873535,724800,0.0,0.0
1984-07-23,0.0,5.150594060561236,4.975005626678467,4.975005626678467,219600,0.0,0.0
1984-07-24,0.0,5.150594933088436,5.033535957336426,5.033535957336426,240000,0.0,0.0
1984-07-25,0.0,5.384711943732367,4.975005600187513,5.267652988433838,486400,0.0,0.0
1984-07-26,0.0,5.823683738708497,5.326183117813801,5.823683738708496,567200,0.0,0.0
1984-07-27,0.0,6.145595363452674,5.970006924496884,6.116330623626709,393600,0.0,0.0
1984-07-30,0.0,6.145595489162029,5.911477565765381,5.911477565765381,191200,0.0,0.0
1984-07-31,0.0,5.9700068573453535,5.852947899358189,5.8822126388549805,234400,0.0,0.0
1984-08-01,0.0,6.35044813156128,5.970006538426272,6.350448131561279,548000,0.0,0.0
1984-08-02,0.0,6.526036840758172,6.321183666384597,6.467507362365723,579200,0.0,0.0
1984-08-03,0.0,7.111332448590703,6.818685022722772,6.965008735656738,1183200,0.0,0.0
1984-08-06,0.0,7.257655725246523,7.023537798625667,7.199126243591309,1798400,0.0,0.0
1984-08-07,0.0,7.374714878406603,7.02353797943486,7.228391170501709,660000,0.0,0.0
1984-08-08,0.0,7.433245182037353,7.199127223547987,7.4332451820373535,839600,0.0,0.0
1984-08-09,0.0,7.696625806362692,7.22839001586154,7.638096332550049,569600,0.0,0.0
1984-08-10,0.0,8.252658453854648,7.725893020629884,7.725893020629883,785600,0.0,0.0
1984-08-13,0.0,7.667361752996185,7.403979097358912,7.521038055419922,209600,0.0,0.0
1984-08-14,0.0,7.550302812031338,7.316184895379203,7.374714374542236,243600,0.0,0.0
1984-08-15,0.0,7.4917746716596945,7.199127223547987,7.4332451820373535,188400,0.0,0.0
1984-08-16,0.0,7.784421507269145,7.4332445971667775,7.491774082183838,157200,0.0,0.0
1984-08-17,0.0,7.638097715943227,7.374715036083115,7.403979778289795,165600,0.0,0.0
1984-08-20,0.0,7.403979405938867,7.345449924468994,7.345449924468994,47600,0.0,0.0
1984-08-21,0.0,7.784422513210413,7.316186572566178,7.725893020629883,390400,0.0,0.0
1984-08-22,0.0,7.72589263014906,7.433245182037353,7.4332451820373535,292800,0.0,0.0
1984-08-23,0.0,7.842951774597168,7.433245338610749,7.842951774597168,332400,0.0,0.0
1984-08-24,0.0,7.989273661061337,7.784420490264893,7.784420490264893,296800,0.0,0.0
1984-08-27,0.0,7.725892287034255,7.550303825965295,7.608833312988281,166400,0.0,0.0
1984-08-28,0.0,7.725893020629884,7.608834035468824,7.725893020629883,141200,0.0,0.0
1984-08-29,0.0,7.813685433555195,7.6673617362976065,7.667361736297607,105600,0.0,0.0
1984-08-30,0.0,7.725890155924793,7.550301743290139,7.579566478729248,208000,0.0,0.0
1984-08-31,0.0,7.638097794726492,7.374715112149716,7.491774082183838,127600,0.0,0.0
1984-09-04,0.0,7.491773628143675,7.345449924468994,7.345449924468994,193200,0.0,0.0
1984-09-05,0.0,7.28692046607413,7.0820672802808815,7.199126243591309,290800,0.0,0.0
1984-09-06,0.0,7.491774375765932,7.257656426523247,7.462509632110596,184000,0.0,0.0
1984-09-07,0.0,7.550304161282035,7.433245182037353,7.4332451820373535,207600,0.0,0.0
1984-09-10,0.0,7.374714374542236,7.169861197471619,7.374714374542236,167200,0.0,0.0
1984-09-11,0.0,7.4917725593813005,7.257654666900635,7.257654666900635,602000,0.0,0.0
1984-09-12,0.0,7.5503038630766035,7.286921170178582,7.462509632110596,525200,0.0,0.0
1984-09-13,0.0,7.579566478729248,7.316183859777266,7.579566478729248,714000,0.0,0.0
1984-09-14,0.0,7.842950173006712,7.638096996846089,7.667361736297607,323200,0.0,0.0
1984-09-17,0.0,7.696625806362692,7.550302121831082,7.638096332550049,336400,0.0,0.0
1984-09-18,0.0,7.667362377166748,7.257655990600586,7.316185474395752,148000,0.0,0.0
1984-09-19,0.0,7.257655885484484,6.7894200219048395,6.847949504852295,539200,0.0,0.0
1984-09-20,0.0,6.994273478243531,6.78942028013598,6.965008735656738,465200,0.0,0.0
1984-09-21,0.0,7.082067136561617,6.847949214691811,6.877213954925537,191600,0.0,0.0
1984-09-24,0.0,6.847949943711272,6.526037766870144,6.613831996917725,220800,0.0,0.0
1984-09-25,0.0,6.613830664328166,6.496771714517048,6.555301189422607,312000,0.0,0.0
1984-09-26,0.0,6.730889614139284,6.467506977064269,6.555301189422607,492400,0.0,0.0
1984-09-27,0.0,6.672361283932092,6.204125404357909,6.20412540435791,637600,0.0,0.0
1984-09-28,0.0,6.262654513404483,5.794418661934989,6.145595550537109,430400,0.0,0.0
1984-10-01,0.0,6.291919631778069,6.145595919411137,6.20412540435791,154000,0.0,0.0
1984-10-02,0.0,6.262653639683356,6.08706521987915,6.08706521987915,277200,0.0,0.0
1984-10-03,0.0,6.08706642035863,5.823683738708497,5.823683738708496,430000,0.0,0.0
1984-10-04,0.0,6.028535748937447,5.794417855774827,5.940741539001465,530800,0.0,0.0
1984-10-05,0.0,5.970007751927231,5.618830825343276,5.794419288635254,641200,0.0,0.0
1984-10-08,0.0,5.85294919136243,5.618831223707932,5.706625461578369,337200,0.0,0.0
1984-10-09,0.0,5.82368403251725,5.735889800871261,5.794419288635254,256800,0.0,0.0
1984-10-10,0.0,5.852949142456055,5.5310369396209715,5.852949142456055,497200,0.0,0.0
1984-10-11,0.0,5.970007419586182,5.794418966068941,5.970007419586182,450000,0.0,0.0
1984-10-12,0.0,6.350449116724842,5.940742722097433,6.20412540435791,564400,0.0,0.0
1984-10-15,0.0,6.584566127170215,6.262654005397449,6.438242435455322,617200,0.0,0.0
1984-10-16,0.0,6.613832770453559,6.438244289822048,6.584568023681641,450400,0.0,0.0
1984-10-17,0.0,6.76015463628267,6.526036726801019,6.672360420227051,636000,0.0,0.0
1984-10-18,0.0,6.789418505383777,6.613830095761783,6.760153770446777,958000,0.0,0.0
1984-10-19,0.0,7.140596019567819,6.906478117286907,6.9357428550720215,1050800,0.0,0.0
1984-10-22,0.0,6.994274928190997,6.2626562118530265,6.262656211853027,520400,0.0,0.0
1984-10-23,0.0,6.262654450860354,5.794418604067056,5.911477565765381,952400,0.0,0.0
1984-10-24,0.0,6.262654513404483,5.794418661934989,6.145595550537109,762800,0.0,0.0
1984-10-25,0.0,6.204124168809411,5.852947329065482,5.940741539001465,712000,0.0,0.0
1984-10-26,0.0,5.794416992031798,5.560299133767887,5.73588752746582,978000,0.0,0.0
1984-10-29,0.0,5.765154953491993,5.677360715621557,5.706625461578369,204800,0.0,0.0
1984-10-30,0.0,6.087065222228102,5.64809417254819,5.940741539001465,489200,0.0,0.0
1984-10-31,0.0,6.057802795782322,5.85294956114234,5.999273300170898,933200,0.0,0.0
1984-11-01,0.0,6.14559469314722,5.999271009977047,6.08706521987915,520400,0.0,0.0
1984-11-02,0.0,6.087067108154297,5.677360668182373,5.852949142456055,1126800,0.0,0.0
1984-11-05,0.0,5.940742117848562,5.794418420364607,5.8822126388549805,92000,0.0,0.0
1984-11-06,0.0,6.087066280031668,5.852948346184296,6.028536796569824,432400,0.0,0.0
1984-11-07,0.0,6.087066466105733,5.970007495603699,6.057801723480225,120800,0.0,0.0
1984-11-08,0.0,6.02853804797661,5.940743804559475,5.999273300170898,124800,0.0,0.0
1984-11-09,0.0,6.233389582930569,6.057801143974779,6.116330623626709,618800,0.0,0.0
1984-11-12,0.0,6.116331853866577,5.765154905319214,5.852949142456055,349600,0.0,0.0
1984-11-13,0.0,5.852948776399246,5.735889800871261,5.794419288635254,96800,0.0,0.0
1984-11-14,0.0,5.794419288635254,5.735889800871261,5.794419288635254,226400,0.0,0.0
1984-11-15,0.0,5.765152259748809,5.706622795182831,5.73588752746582,198400,0.0,0.0
1984-11-16,0.0,5.7066247540135535,5.326183103745983,5.443242073059082,535200,0.0,0.0
1984-11-19,0.0,5.501770401000977,5.355446720123291,5.413976192474365,1189200,0.0,0.0
1984-11-20,0.0,5.67736076555754,5.4139780496296135,5.560301780700684,452400,0.0,0.0
1984-11-21,0.0,5.648096019343326,5.472507542058041,5.560301780700684,634800,0.0,0.0
1984-11-23,0.0,5.794419288635254,5.618830825343276,5.794419288635254,270800,0.0,0.0
1984-11-26,0.0,5.970007751927231,5.794419288635254,5.794419288635254,426800,0.0,0.0
1984-11-27,0.0,5.823684445405617,5.706625461578369,5.706625461578369,260000,0.0,0.0
1984-11-28,0.0,5.765154838562012,5.648095857068367,5.765154838562012,377600,0.0,0.0
1984-11-29,0.0,5.765154953491993,5.706625461578369,5.706625461578369,117600,0.0,0.0
1984-11-30,0.0,5.735889496341828,5.443242073059082,5.443242073059082,398400,0.0,0.0
1984-12-03,0.0,5.560300745428564,5.3847123008360835,5.472506523132324,233200,0.0,0.0
1984-12-04,0.0,5.5895651155047945,5.267652988433838,5.267652988433838,295200,0.0,0.0
1984-12-05,0.0,5.267652021135603,5.092063620431083,5.121328353881836,566000,0.0,0.0
1984-12-06,0.0,5.443241699882176,5.150594296662704,5.384712219238281,384400,0.0,0.0
1984-12-07,0.0,5.706624235782324,5.38471209940486,5.589565277099609,584800,0.0,0.0
1984-12-10,0.0,5.531035137176514,5.355446720123291,5.413976192474365,821600,0.0,0.0
1984-12-11,0.0,5.560300160968114,5.443241210210891,5.531035423278809,331200,0.0,0.0
1984-12-12,0.0,5.706623554229736,5.413976192474365,5.413976192474365,396800,0.0,0.0
1984-12-13,0.0,5.4432416146631395,5.296917915344238,5.296917915344238,987200,0.0,0.0
1984-12-14,0.0,5.501771263897737,5.296918078539843,5.472506523132324,557600,0.0,0.0
1984-12-17,0.0,5.589565277099609,5.443241578746217,5.589565277099609,1009200,0.0,0.0
1984-12-18,0.0,6.291917411374374,5.765152232747683,6.2333879470825195,1028000,0.0,0.0
1984-12-19,0.0,6.613830772962439,6.321183393627818,6.350448131561279,905200,0.0,0.0
1984-12-20,0.0,6.4382447037741395,6.17486196589247,6.262656211853027,428000,0.0,0.0
1984-12-21,0.0,6.3211831129514255,5.999271009977047,6.08706521987915,272800,0.0,0.0
1984-12-24,0.0,6.204124166415288,6.08706521987915,6.08706521987915,159600,0.0,0.0
1984-12-26,0.0,6.14559469314722,5.999271009977047,6.08706521987915,330800,0.0,0.0
1984-12-27,0.0,6.08706521987915,5.999271009977047,6.08706521987915,90800,0.0,0.0
1984-12-28,0.0,6.145597039199457,5.940743804559475,5.999273300170898,84000,0.0,0.0
1984-12-31,0.0,6.08706521987915,5.940741536708979,6.08706521987915,212000,0.0,0.0
1985-01-02,0.0,6.057802795782322,5.940743804559475,5.999273300170898,184800,0.0,0.0
1985-01-03,0.0,6.057801646344802,5.911477935080435,5.970007419586182,208400,0.0,0.0
1985-01-04,0.0,6.02853804797661,5.940743804559475,5.999273300170898,263600,0.0,0.0
1985-01-07,0.0,5.99927101229212,5.911476802356137,5.940741539001465,244800,0.0,0.0
1985-01-08,0.0,5.911478633880615,5.794419651031494,5.852949142456055,334800,0.0,0.0
1985-01-09,0.0,5.970007046614543,5.7651538636424755,5.911477565765381,447200,0.0,0.0
1985-01-10,0.0,6.087066466105733,5.76515429722514,6.057801723480225,989600,0.0,0.0
1985-01-11,0.0,6.262654889304683,6.11633117693775,6.20412540435791,680000,0.0,0.0
1985-01-14,0.0,6.526038646697998,6.17486167916268,6.526038646697998,703200,0.0,0.0
1985-01-15,0.0,6.760155713663692,6.555302510219337,6.613831996917725,794400,0.0,0.0
1985-01-16,0.0,6.701626226965304,6.379714050124177,6.613831996917725,580400,0.0,0.0
1985-01-17,0.0,6.701627130465657,6.496773899403388,6.526038646697998,329600,0.0,0.0
1985-01-18,0.0,6.672362625861483,6.496774135707234,6.643097877502441,642800,0.0,0.0
1985-01-21,0.0,6.818684577941894,6.613831393196858,6.8186845779418945,269600,0.0,0.0
1985-01-22,0.0,7.257656800942343,6.906479858961261,7.140597820281982,993200,0.0,0.0
1985-01-23,0.0,7.462509262703152,7.023538129602967,7.403979778289795,1312000,0.0,0.0
1985-01-24,0.0,7.638099057903848,6.847950879500002,6.994274616241455,1599600,0.0,0.0
1985-01-25,0.0,7.199125577965561,6.994272411112882,7.16986083984375,689600,0.0,0.0
1985-01-28,0.0,7.228392595027779,6.847950879500002,6.994274616241455,324000,0.0,0.0
1985-01-29,0.0,7.052802375952403,6.965008155504863,7.023537635803223,567600,0.0,0.0
1985-01-30,0.0,7.257656800942343,7.0820683299518015,7.140597820281982,1019200,0.0,0.0
1985-01-31,0.0,7.140597191177496,6.877214507896359,6.965008735656738,284400,0.0,0.0
1985-02-01,0.0,6.877214246326023,6.730890538957384,6.847949504852295,808400,0.0,0.0
1985-02-04,0.0,7.023539363589745,6.78942138480342,6.994274616241455,370400,0.0,0.0
1985-02-05,0.0,7.082068541954304,6.789421081542969,6.789421081542969,743600,0.0,0.0
1985-02-06,0.0,6.818683826497622,6.496771714517048,6.555301189422607,1922000,0.0,0.0
1985-02-07,0.0,6.526037429565708,6.145595785689681,6.408978462219238,2742400,0.0,0.0
1985-02-08,0.0,6.5553017693596916,6.40897806915077,6.496772289276123,740000,0.0,0.0
1985-02-11,0.0,6.730891757541232,6.555303276909722,6.584568023681641,276800,0.0,0.0
1985-02-12,0.0,6.847949504852296,6.613831573062473,6.847949504852295,205600,0.0,0.0
1985-02-13,0.0,7.023538220830324,6.847949765309566,6.965008735656738,741600,0.0,0.0
1985-02-14,0.0,6.965008470747207,6.730890538957384,6.847949504852295,365200,0.0,0.0
1985-02-15,0.0,6.847950573625236,6.701626843419569,6.789421081542969,148800,0.0,0.0
1985-02-19,0.0,6.730889897597463,6.5845662041714315,6.672360420227051,294000,0.0,0.0
1985-02-20,0.0,6.672361483616111,6.496773023520951,6.613831996917725,802000,0.0,0.0
1985-02-21,0.0,6.643095401780945,6.496771714517048,6.555301189422607,424800,0.0,0.0
1985-02-22,0.0,6.613830664328166,6.496771714517048,6.555301189422607,65200,0.0,0.0
1985-02-25,0.0,6.555302471195886,6.291919782621052,6.379714012145996,154400,0.0,0.0
1985-02-26,0.0,6.555303393992608,6.379714910224949,6.526038646697998,224400,0.0,0.0
1985-02-27,0.0,6.672360536739297,6.438242623169497,6.467507362365723,378400,0.0,0.0
1985-02-28,0.0,6.526037029317908,6.40897806915077,6.496772289276123,101600,0.0,0.0
1985-03-01,0.0,6.701627010769314,6.496773783365885,6.584568023681641,366800,0.0,0.0
1985-03-04,0.0,6.52603757156516,6.087066434464364,6.20412540435791,210000,0.0,0.0
1985-03-05,0.0,6.14559576349351,5.794418862722453,6.028536796569824,882800,0.0,0.0
1985-03-06,0.0,6.087066008312867,5.911477565765381,5.911477565765381,832800,0.0,0.0
1985-03-07,0.0,5.85294919136243,5.706625461578369,5.706625461578369,1132400,0.0,0.0
1985-03-08,0.0,5.852948481114067,5.794418996302927,5.823683738708496,210800,0.0,0.0
1985-03-11,0.0,5.677359408520638,5.501770973205567,5.501770973205566,1098800,0.0,0.0
1985-03-12,0.0,5.5310359208480175,5.384712219238281,5.384712219238281,1160800,0.0,0.0
1985-03-13,0.0,5.443241421381632,5.209123510784573,5.267652988433838,439200,0.0,0.0
1985-03-14,0.0,5.50177118052607,5.179859036984651,5.384712219238281,1395200,0.0,0.0
1985-03-15,0.0,5.589566526914898,5.384713303415399,5.560301780700684,386800,0.0,0.0
1985-03-18,0.0,5.589565784700455,5.384712588402532,5.443242073059082,175200,0.0,0.0
1985-03-19,0.0,5.735889061210082,5.443241660127935,5.677359580993652,772400,0.0,0.0
1985-03-20,0.0,5.823684445405617,5.648095969664745,5.706625461578369,704800,0.0,0.0
1985-03-21,0.0,5.706625511771755,5.472507542058041,5.560301780700684,212000,0.0,0.0
1985-03-22,0.0,5.618828445184426,5.355445861816405,5.355445861816406,208000,0.0,0.0
1985-03-25,0.0,5.355449021517575,5.267654775263189,5.326184272766113,384400,0.0,0.0
1985-03-26,0.0,5.296918314494444,5.092065120011233,5.2091240882873535,1116000,0.0,0.0
1985-03-27,0.0,5.443243267771963,5.296919524014651,5.326184272766113,286800,0.0,0.0
1985-03-28,0.0,5.472506440204123,5.326182738594387,5.384712219238281,476000,0.0,0.0
1985-03-29,0.0,5.501770973205567,5.413976755548031,5.501770973205566,517200,0.0,0.0
1985-04-01,0.0,5.5895651908631026,5.472506233986389,5.501770973205566,221600,0.0,0.0
1985-04-02,0.0,5.5017695192430836,5.355445861816405,5.355445861816406,132000,0.0,0.0
1985-04-03,0.0,5.384712134935579,5.209123695752897,5.296917915344238,328000,0.0,0.0
1985-04-04,0.0,5.384710593301741,5.150592741419057,5.355445861816406,625200,0.0,0.0
1985-04-08,0.0,5.326183056563473,5.150594604149293,5.2091240882873535,195600,0.0,0.0
1985-04-09,0.0,5.3261837293315875,5.150595254738238,5.238389492034912,220800,0.0,0.0
1985-04-10,0.0,5.326183056563473,5.150594604149293,5.2091240882873535,430400,0.0,0.0
1985-04-11,0.0,5.589565277099609,5.238388401051466,5.589565277099609,308800,0.0,0.0
1985-04-12,0.0,5.589566526914898,5.472507542058041,5.560301780700684,225200,0.0,0.0
1985-04-15,0.0,5.58956489865742,5.443241210210891,5.531035423278809,184000,0.0,0.0
1985-04-16,0.0,5.794419583935423,5.501772130201311,5.765154838562012,246800,0.0,0.0
1985-04-17,0.0,5.940742117848562,5.823683159861399,5.8822126388549805,352000,0.0,0.0
1985-04-18,0.0,5.911478304492377,5.618830863675923,5.648095607757568,242800,0.0,0.0
1985-04-19,0.0,5.618829636346726,5.413976472521585,5.531035423278809,297200,0.0,0.0
1985-04-22,0.0,5.531036300043906,5.413977330730807,5.443242073059082,48800,0.0,0.0
1985-04-23,0.0,5.501770973205567,5.355447277109674,5.501770973205566,224800,0.0,0.0
1985-04-24,0.0,5.706623554229736,5.384711456298828,5.413976192474365,276800,0.0,0.0
1985-04-25,0.0,5.560301695456053,5.179860000503796,5.238389492034912,1698000,0.0,0.0
1985-04-26,0.0,5.238389492034913,5.179860000503796,5.238389492034912,1170800,0.0,0.0
1985-04-29,0.0,5.238386714525816,5.150592523779573,5.17985725402832,146000,0.0,0.0
1985-04-30,0.0,5.179859376367117,4.9164766962128565,5.062800407409668,1021600,0.0,0.0
1985-05-01,0.0,5.092065331358347,4.711623668670654,4.711623668670654,660800,0.0,0.0
1985-05-02,0.0,4.8872118261125355,4.682358635796441,4.7408881187438965,452400,0.0,0.0
1985-05-03,0.0,5.062800407409668,4.711623500537321,5.062800407409668,1004000,0.0,0.0
1985-05-06,0.0,5.121330977880467,4.945742487210279,5.004271984100342,282000,0.0,0.0
1985-05-07,0.0,5.004270380193537,4.828681945800781,4.828681945800781,614000,0.0,0.0
1985-05-08,0.0,5.004271984100342,4.799418744985123,5.004271984100342,885600,0.0,0.0
1985-05-09,0.0,5.443242073059082,4.975006195806688,5.443242073059082,942000,0.0,0.0
1985-05-10,0.0,5.589565277099609,5.472506318416895,5.589565277099609,648000,0.0,0.0
1985-05-13,0.0,5.735889653364817,5.531036451458931,5.618830680847168,346400,0.0,0.0
1985-05-14,0.0,5.618829636346726,5.413976472521585,5.531035423278809,450000,0.0,0.0
1985-05-15,0.0,5.618831273129112,5.501772288272256,5.560301780700684,656800,0.0,0.0
1985-05-16,0.0,5.735890257985968,5.443242795843827,5.560301780700684,127600,0.0,0.0
1985-05-17,0.0,5.706625461578369,5.501772239880684,5.706625461578369,409200,0.0,0.0
1985-05-20,0.0,5.765154838562012,5.560301620948133,5.765154838562012,616400,0.0,0.0
1985-05-21,0.0,5.852946456597776,5.73588752746582,5.73588752746582,671600,0.0,0.0
1985-05-22,0.0,5.765153801318296,5.618830100777223,5.677359580993652,301600,0.0,0.0
1985-05-23,0.0,5.706624321101867,5.618830100777223,5.677359580993652,1026800,0.0,0.0
1985-05-24,0.0,5.618829930082281,5.501770973205567,5.501770973205566,225600,0.0,0.0
1985-05-28,0.0,5.501770401000977,5.326181983947754,5.413976192474365,52400,0.0,0.0
1985-05-29,0.0,5.413976192474365,5.2969172477722175,5.413976192474365,298800,0.0,0.0
1985-05-30,0.0,5.443243267771963,5.296919524014651,5.326184272766113,447600,0.0,0.0
1985-05-31,0.0,5.326182494444005,4.975005626678467,4.975005626678467,211600,0.0,0.0
1985-06-03,0.0,4.9750060235668805,4.7994175756762845,4.887211799621582,606000,0.0,0.0
1985-06-04,0.0,4.916475870523108,4.799416921224939,4.857946395874023,309200,0.0,0.0
1985-06-05,0.0,4.9164769475053,4.799417972564697,4.799417972564697,898400,0.0,0.0
1985-06-06,0.0,5.150593373967313,4.770151817935637,5.092063903808594,690800,0.0,0.0
1985-06-07,0.0,5.150594060561236,4.975005626678467,4.975005626678467,353200,0.0,0.0
1985-06-10,0.0,5.2091240882873535,4.916476667597053,5.2091240882873535,621200,0.0,0.0
1985-06-11,0.0,5.4139785190205005,5.209125277760265,5.326184272766113,379200,0.0,0.0
1985-06-12,0.0,5.355446519522831,5.092063903808594,5.092063903808594,606000,0.0,0.0
1985-06-13,0.0,5.062799947602408,4.916476249694824,4.916476249694824,1303200,0.0,0.0
1985-06-14,0.0,5.150594711303712,5.004270997914402,5.150594711303711,158400,0.0,0.0
1985-06-17,0.0,5.209122844126032,5.033534433649874,5.092063903808594,360400,0.0,0.0
1985-06-18,0.0,5.062799843619851,4.975005626678467,4.975005626678467,81600,0.0,0.0
1985-06-19,0.0,5.15059308733259,4.975004686628069,5.121328353881836,216800,0.0,0.0
1985-06-20,0.0,5.121328638887953,5.033534433649874,5.092063903808594,85600,0.0,0.0
1985-06-21,0.0,5.267652314284752,5.033534433649874,5.092063903808594,173200,0.0,0.0
1985-06-24,0.0,5.267653572425414,5.033535635873173,5.2091240882873535,80400,0.0,0.0
1985-06-25,0.0,5.560300661169965,5.209123777306599,5.384712219238281,737600,0.0,0.0
1985-06-26,0.0,5.501771557715631,5.326183103745983,5.443242073059082,300800,0.0,0.0
1985-06-27,0.0,5.852949142456055,5.501772193908692,5.852949142456055,1118800,0.0,0.0
1985-06-28,0.0,5.8236831046165305,5.44324149476721,5.501770973205566,842800,0.0,0.0
1985-07-01,0.0,5.560300745428564,5.326182819305256,5.472506523132324,469200,0.0,0.0
1985-07-02,0.0,5.531035423278809,5.4725059479001965,5.531035423278809,631200,0.0,0.0
1985-07-03,0.0,5.531036004663151,5.3847123008360835,5.472506523132324,411600,0.0,0.0
1985-07-05,0.0,5.472506523132323,5.4139770416014965,5.472506523132324,77200,0.0,0.0
1985-07-08,0.0,5.472506160206265,5.238388249609206,5.267652988433838,323200,0.0,0.0
1985-07-09,0.0,5.209122844126032,5.033534433649874,5.092063903808594,565200,0.0,0.0
1985-07-10,0.0,5.2091240882873535,5.092065120011233,5.2091240882873535,267200,0.0,0.0
1985-07-11,0.0,5.267653572425414,5.179859346218323,5.2091240882873535,239600,0.0,0.0
1985-07-12,0.0,5.2091240882873535,5.062800377942203,5.2091240882873535,214400,0.0,0.0
1985-07-15,0.0,5.238389492034913,5.033536271676005,5.238389492034912,263600,0.0,0.0
1985-07-16,0.0,5.384712219238281,5.179859036984651,5.384712219238281,373600,0.0,0.0
1985-07-17,0.0,5.531036004663151,5.4139770416014965,5.472506523132324,1117600,0.0,0.0
1985-07-18,0.0,5.648094374036032,5.413976472521585,5.531035423278809,869600,0.0,0.0
1985-07-19,0.0,5.765153801318296,5.5310358804525785,5.677359580993652,908000,0.0,0.0
1985-07-22,0.0,5.706624910235405,5.531036451458931,5.618830680847168,710400,0.0,0.0
1985-07-23,0.0,5.794419583935423,5.560301620948133,5.765154838562012,917200,0.0,0.0
1985-07-24,0.0,5.82368403251725,5.735889800871261,5.794419288635254,600800,0.0,0.0
1985-07-25,0.0,5.999272871017456,5.823684396743775,5.852949142456055,340400,0.0,0.0
1985-07-26,0.0,5.940743008045235,5.794419288635254,5.794419288635254,193600,0.0,0.0
1985-07-29,0.0,5.852946456597776,5.677358062899843,5.73588752746582,188800,0.0,0.0
1985-07-30,0.0,5.735888975453002,5.5603005374289305,5.589565277099609,326400,0.0,0.0
1985-07-31,0.0,5.765153801318296,5.589565360669008,5.677359580993652,306800,0.0,0.0
1985-08-01,0.0,5.8236817243147865,5.706622795182831,5.73588752746582,427200,0.0,0.0
1985-08-02,0.0,5.706624910235405,5.618830680847168,5.618830680847168,69200,0.0,0.0
1985-08-05,0.0,5.589565486193978,5.44324178236691,5.472506523132324,162800,0.0,0.0
1985-08-06,0.0,5.501772203924936,5.238389492034913,5.238389492034912,297600,0.0,0.0
1985-08-07,0.0,5.326182655208019,5.209123695752897,5.296917915344238,84400,0.0,0.0
1985-08-08,0.0,5.501772765274887,5.296919524014651,5.326184272766113,478800,0.0,0.0
1985-08-09,0.0,5.355449021517575,5.209125277760265,5.326184272766113,242000,0.0,0.0
1985-08-12,0.0,5.326183056563473,5.2091240882873535,5.2091240882873535,195600,0.0,0.0
1985-08-13,0.0,5.355447798632504,5.2091240882873535,5.2091240882873535,143200,0.0,0.0
1985-08-14,0.0,5.296918314494444,5.179859346218323,5.2091240882873535,137600,0.0,0.0
1985-08-15,0.0,5.267651444774563,5.17985725402832,5.17985725402832,278000,0.0,0.0
1985-08-16,0.0,5.267654237800471,5.179860000503796,5.238389492034912,54400,0.0,0.0
1985-08-19,0.0,5.472506440204123,5.2969179982724395,5.384712219238281,235600,0.0,0.0
1985-08-20,0.0,5.618831273129112,5.384713303415399,5.560301780700684,456000,0.0,0.0
1985-08-21,0.0,5.618829636346726,5.531035423278809,5.531035423278809,411600,0.0,0.0
1985-08-22,0.0,5.589565486193978,5.3847123008360835,5.472506523132324,198800,0.0,0.0
1985-08-23,0.0,5.501770973205567,5.384712016328852,5.501770973205566,24000,0.0,0.0
1985-08-26,0.0,5.50177118052607,5.355447478916334,5.384712219238281,117600,0.0,0.0
1985-08-27,0.0,5.443241699882176,5.326182738594387,5.384712219238281,171600,0.0,0.0
1985-08-28,0.0,5.560299873352051,5.384711456298828,5.413976192474365,152800,0.0,0.0
1985-08-29,0.0,5.384710593301741,5.296916398845735,5.355445861816406,366400,0.0,0.0
1985-08-30,0.0,5.384710593301741,5.296916398845735,5.355445861816406,116000,0.0,0.0
1985-09-03,0.0,5.326184272766113,5.267654775263189,5.326184272766113,119200,0.0,0.0
1985-09-04,0.0,5.384712219238281,5.326182738594387,5.384712219238281,33600,0.0,0.0
1985-09-05,0.0,5.384710954938616,5.033534153529576,5.121328353881836,472400,0.0,0.0
1985-09-06,0.0,5.179859453981574,5.092065225947987,5.150594711303711,87600,0.0,0.0
1985-09-09,0.0,5.17985725402832,5.150592523779573,5.17985725402832,159600,0.0,0.0
1985-09-10,0.0,5.1213301891504335,5.033535957336426,5.033535957336426,114000,0.0,0.0
1985-09-11,0.0,5.0920646871839255,4.8579467705317905,4.916476249694824,242800,0.0,0.0
1985-09-12,0.0,4.9750053451721925,4.828681658549481,4.857946395874023,202000,0.0,0.0
1985-09-13,0.0,5.004270365658928,4.85794667075662,4.975005626678467,114400,0.0,0.0
1985-09-16,0.0,4.94574060784765,4.828681658549481,4.857946395874023,226000,0.0,0.0
1985-09-17,0.0,4.975005728857858,4.828682030950274,4.916476249694824,260400,0.0,0.0
1985-09-18,0.0,5.150594634127755,4.887211953973495,5.062800407409668,205200,0.0,0.0
1985-09-19,0.0,5.179859453981574,5.004270997914402,5.150594711303711,237200,0.0,0.0
1985-09-20,0.0,5.20912442096444,4.916476981584416,5.033535957336426,156400,0.0,0.0
1985-09-23,0.0,5.23838728768485,5.092063620431083,5.121328353881836,608000,0.0,0.0
1985-09-24,0.0,5.179857820783343,5.092063620431083,5.121328353881836,66000,0.0,0.0
1985-09-25,0.0,5.062799947602408,4.916476249694824,4.916476249694824,162000,0.0,0.0
1985-09-26,0.0,4.8872114239317,4.828681945800781,4.828681945800781,308000,0.0,0.0
1985-09-30,0.0,4.857946787875123,4.740887829131144,4.770152568817139,263600,0.0,0.0
1985-10-01,0.0,4.975005626678467,4.711622975854312,4.975005626678467,345200,0.0,0.0
1985-10-02,0.0,4.975005252451837,4.594563674323167,4.623828411102295,912400,0.0,0.0
1985-10-03,0.0,4.68235847277519,4.5652995109558105,4.5652995109558105,358400,0.0,0.0
1985-10-04,0.0,4.5653000661771586,4.243387882023641,4.272652626037598,1222800,0.0,0.0
1985-10-07,0.0,4.477505498810818,4.243387564232474,4.448240756988525,369600,0.0,0.0
1985-10-08,0.0,4.506771662556534,4.067800396723105,4.1263298988342285,1212400,0.0,0.0
1985-10-09,0.0,4.3019179701805115,4.126329481601715,4.214123725891113,573600,0.0,0.0
1985-10-10,0.0,4.214124775618958,4.0092714879152584,4.067800998687744,264400,0.0,0.0
1985-10-11,0.0,4.272651092155829,4.067797957600413,4.18485689163208,529600,0.0,0.0
1985-10-14,0.0,4.30191707611084,4.155593366039043,4.30191707611084,564800,0.0,0.0
1985-10-15,0.0,4.389711380004883,4.301917152404785,4.389711380004883,446000,0.0,0.0
1985-10-16,0.0,4.594564251410655,4.389711068226741,4.5652995109558105,351200,0.0,0.0
1985-10-17,0.0,4.682358176844895,4.594563961029053,4.594563961029053,441200,0.0,0.0
1985-10-18,0.0,4.59456446609999,4.38971127334394,4.448240756988525,886800,0.0,0.0
1985-10-21,0.0,4.448241163420198,4.3311821854354555,4.360446929931641,246000,0.0,0.0
1985-10-22,0.0,4.477505311271212,4.331181608288493,4.418975830078125,68800,0.0,0.0
1985-10-23,0.0,4.448240570674669,4.331181608288493,4.418975830078125,264800,0.0,0.0
1985-10-24,0.0,4.6238289918655004,4.389711068226741,4.5652995109558105,243600,0.0,0.0
1985-10-25,0.0,4.5652995109558105,4.506770030046121,4.5652995109558105,71600,0.0,0.0
1985-10-28,0.0,4.65309476852417,4.506771033664919,4.65309476852417,187200,0.0,0.0
1985-10-29,0.0,4.887211527561117,4.65309361007316,4.770152568817139,199600,0.0,0.0
1985-10-30,0.0,4.8579463053353225,4.594563674323167,4.623828411102295,419600,0.0,0.0
1985-10-31,0.0,4.653093732320345,4.5652995109558105,4.5652995109558105,94400,0.0,0.0
1985-11-01,0.0,4.6238289918655004,4.5652995109558105,4.5652995109558105,68000,0.0,0.0
1985-11-04,0.0,4.594564251410655,4.506770030046121,4.5652995109558105,119600,0.0,0.0
1985-11-05,0.0,4.594564251410655,4.506770030046121,4.5652995109558105,150400,0.0,0.0
1985-11-06,0.0,4.740887260437012,4.594563579559327,4.6823577880859375,150000,0.0,0.0
1985-11-07,0.0,4.9164769475053,4.682358997624095,4.799417972564697,392800,0.0,0.0
1985-11-08,0.0,4.799416732788086,4.594563579559327,4.6823577880859375,120800,0.0,0.0
1985-11-11,0.0,4.828682048189128,4.682358349759155,4.770152568817139,218000,0.0,0.0
1985-11-12,0.0,4.945740699768066,4.828681748294266,4.945740699768066,232000,0.0,0.0
1985-11-13,0.0,4.9164769475053,4.799417972564697,4.799417972564697,84000,0.0,0.0
1985-11-14,0.0,4.887211799621582,4.7408880930460855,4.887211799621582,269200,0.0,0.0
1985-11-15,0.0,4.887210941314698,4.6823577880859375,4.6823577880859375,156800,0.0,0.0
1985-11-18,0.0,4.857947460034999,4.682358997624095,4.799417972564697,381200,0.0,0.0
1985-11-19,0.0,5.092063903808594,4.9164754933324355,5.092063903808594,628400,0.0,0.0
1985-11-20,0.0,5.326182466083103,5.0627998166614105,5.267652988433838,448000,0.0,0.0
1985-11-21,0.0,5.29691772725847,5.209123510784573,5.267652988433838,300800,0.0,0.0
1985-11-22,0.0,5.326184272766113,5.267654775263189,5.326184272766113,1166000,0.0,0.0
1985-11-25,0.0,5.296918314494444,5.092065120011233,5.2091240882873535,354000,0.0,0.0
1985-11-26,0.0,5.2091241966594355,5.150594711303712,5.150594711303711,93200,0.0,0.0
1985-11-27,0.0,5.2091240882873535,5.092065120011233,5.2091240882873535,156000,0.0,0.0
1985-11-29,0.0,5.179859376367117,5.033535665170306,5.062800407409668,261200,0.0,0.0
1985-12-02,0.0,5.09206544521243,5.0042712133984235,5.033535957336426,497600,0.0,0.0
1985-12-03,0.0,5.179857820783343,5.062798886980329,5.121328353881836,308400,0.0,0.0
1985-12-04,0.0,5.443242073059082,5.150594649776336,5.443242073059082,782800,0.0,0.0
1985-12-05,0.0,5.589564609527589,5.384711456298828,5.413976192474365,1402000,0.0,0.0
1985-12-06,0.0,5.531036004663151,5.296918078539843,5.472506523132324,514400,0.0,0.0
1985-12-09,0.0,5.64809542397658,5.443242222070694,5.618830680847168,665600,0.0,0.0
1985-12-10,0.0,5.648094374036032,5.501770685589502,5.531035423278809,731600,0.0,0.0
1985-12-11,0.0,5.8236843293088345,5.589566366321544,5.765154838562012,452000,0.0,0.0
1985-12-12,0.0,5.852948776399246,5.7651545447532575,5.794419288635254,1044800,0.0,0.0
1985-12-13,0.0,5.970007046614543,5.706624382793313,5.911477565765381,814400,0.0,0.0
1985-12-16,0.0,5.911477013239785,5.531035423278809,5.531035423278809,476400,0.0,0.0
1985-12-17,0.0,5.648093176669761,5.32618113033107,5.355445861816406,393600,0.0,0.0
1985-12-18,0.0,5.413976682557,5.267652988433838,5.267652988433838,183600,0.0,0.0
1985-12-19,0.0,5.384712540701534,5.2091240882873535,5.2091240882873535,407600,0.0,0.0
1985-12-20,0.0,5.326182466083103,5.209123510784573,5.267652988433838,236800,0.0,0.0
1985-12-23,0.0,5.3261837293315875,5.150595254738238,5.238389492034912,174800,0.0,0.0
1985-12-24,0.0,5.267654237800471,5.179860000503796,5.238389492034912,98400,0.0,0.0
1985-12-26,0.0,5.29691772725847,5.209123510784573,5.267652988433838,111200,0.0,0.0
1985-12-27,0.0,5.4139785190205005,5.209125277760265,5.326184272766113,309200,0.0,0.0
1985-12-30,0.0,5.4139769595602285,5.2969179982724395,5.384712219238281,205600,0.0,0.0
1985-12-31,0.0,5.443240928649903,5.384711456298828,5.413976192474365,205600,0.0,0.0
1986-01-02,0.0,5.501770973205567,5.296917798671317,5.501770973205566,222800,0.0,0.0
1986-01-03,0.0,5.560300661169965,5.326182738594387,5.384712219238281,327600,0.0,0.0
1986-01-06,0.0,5.355449021517575,5.267654775263189,5.326184272766113,114800,0.0,0.0
1986-01-07,0.0,5.384710593301741,5.296916398845735,5.355445861816406,129200,0.0,0.0
1986-01-08,0.0,5.384711943732367,5.150594033135308,5.267652988433838,1119200,0.0,0.0
1986-01-09,0.0,5.179857820783343,5.033534153529576,5.121328353881836,223200,0.0,0.0
1986-01-10,0.0,5.150593373967313,5.092063903808594,5.092063903808594,204800,0.0,0.0
1986-01-13,0.0,5.121329891888393,5.062800407409668,5.062800407409668,71200,0.0,0.0
1986-01-14,0.0,5.092066229435435,5.004271984100342,5.004271984100342,117600,0.0,0.0
1986-01-15,0.0,5.150594634127755,5.004270922930943,5.062800407409668,198800,0.0,0.0
1986-01-16,0.0,5.267654237800471,5.1213305089726795,5.238389492034912,358400,0.0,0.0
1986-01-17,0.0,5.443241699882176,5.209123777306599,5.384712219238281,931600,0.0,0.0
1986-01-20,0.0,5.384713220862704,5.238389492034913,5.238389492034912,381600,0.0,0.0
1986-01-21,0.0,5.267654237800471,5.179860000503796,5.238389492034912,61200,0.0,0.0
1986-01-22,0.0,5.238388939337297,5.121329968625849,5.150594711303711,250000,0.0,0.0
1986-01-23,0.0,5.150594711303712,5.033535740592264,5.150594711303711,188000,0.0,0.0
1986-01-24,0.0,5.238389492034913,5.033536271676005,5.238389492034912,326000,0.0,0.0
1986-01-27,0.0,5.209122554234096,5.121328353881836,5.121328353881836,148800,0.0,0.0
1986-01-28,0.0,5.150594634127755,5.033535665170306,5.062800407409668,327200,0.0,0.0
1986-01-29,0.0,5.267653572425414,5.150594604149293,5.2091240882873535,236400,0.0,0.0
1986-01-30,0.0,5.296918983566029,5.209124746269355,5.238389492034912,184400,0.0,0.0
1986-01-31,0.0,5.3261837293315875,5.238389492034913,5.238389492034912,48000,0.0,0.0
1986-02-03,0.0,5.326183167370884,5.150594711303712,5.150594711303711,137200,0.0,0.0
1986-02-04,0.0,5.238388830356383,5.150594604149293,5.2091240882873535,468800,0.0,0.0
1986-02-05,0.0,5.267654237800471,5.150595254738238,5.238389492034912,428800,0.0,0.0
1986-02-06,0.0,5.531036004663151,5.267653337774429,5.472506523132324,327200,0.0,0.0
1986-02-07,0.0,5.560300451643924,5.384712016328852,5.501770973205566,355200,0.0,0.0
1986-02-10,0.0,5.823683738708497,5.501771572247223,5.823683738708496,404400,0.0,0.0
1986-02-11,0.0,6.204124843104605,5.794418485541093,6.116330623626709,1435600,0.0,0.0
1986-02-12,0.0,6.408976339958084,6.174858482790666,6.2333879470825195,668000,0.0,0.0
1986-02-13,0.0,6.262654322756535,5.911477444844953,6.116330623626709,496800,0.0,0.0
1986-02-14,0.0,6.350450156455817,6.145596925602403,6.2919206619262695,360800,0.0,0.0
1986-02-18,0.0,6.379715206467102,6.204126714545989,6.262656211853027,244400,0.0,0.0
1986-02-19,0.0,6.350448735555013,6.145595550537109,6.145595550537109,334000,0.0,0.0
1986-02-20,0.0,6.204125404357909,5.940742722097433,6.20412540435791,108400,0.0,0.0
1986-02-21,0.0,6.204125219046787,6.087066252649678,6.17486047744751,203600,0.0,0.0
1986-02-24,0.0,6.204124166415288,6.08706521987915,6.08706521987915,64400,0.0,0.0
1986-02-25,0.0,6.087066280031668,5.9407425713770605,6.028536796569824,67600,0.0,0.0
1986-02-26,0.0,6.08706521987915,5.9114768000749445,6.08706521987915,683600,0.0,0.0
1986-02-27,0.0,6.174860291253953,6.05780132838658,6.145595550537109,608400,0.0,0.0
1986-02-28,0.0,6.14559576349351,5.999272054838904,6.028536796569824,1360000,0.0,0.0
1986-03-03,0.0,6.028536336338935,5.852947899358189,5.8822126388549805,117600,0.0,0.0
1986-03-04,0.0,5.911478565429068,5.7358900931886,5.765154838562012,763200,0.0,0.0
1986-03-05,0.0,5.765154396494229,5.560301194588343,5.618830680847168,316800,0.0,0.0
1986-03-06,0.0,5.76515458408415,5.618830863675923,5.648095607757568,346000,0.0,0.0
1986-03-07,0.0,5.735888975453002,5.501771058087574,5.589565277099609,817200,0.0,0.0
1986-03-10,0.0,5.823684445405617,5.560301731794308,5.706625461578369,337200,0.0,0.0
1986-03-11,0.0,5.852948481114067,5.735889511491786,5.823683738708496,612400,0.0,0.0
1986-03-12,0.0,6.057801075835727,5.765153680867817,5.8822126388549805,575600,0.0,0.0
1986-03-13,0.0,5.911477965925208,5.794418996302927,5.823683738708496,154800,0.0,0.0
1986-03-14,0.0,5.940742306189962,5.823683344491637,5.911477565765381,338400,0.0,0.0
1986-03-17,0.0,5.882213520281242,5.7651545447532575,5.794419288635254,796400,0.0,0.0
1986-03-18,0.0,5.911477965925208,5.735889511491786,5.823683738708496,999200,0.0,0.0
1986-03-19,0.0,5.911478264163239,5.794419288635254,5.794419288635254,86400,0.0,0.0
1986-03-20,0.0,5.823683281534725,5.677359580993652,5.677359580993652,737600,0.0,0.0
1986-03-21,0.0,5.852949074682246,5.677360602441778,5.765154838562012,1198000,0.0,0.0
1986-03-24,0.0,5.735889061210082,5.618830100777223,5.677359580993652,208400,0.0,0.0
1986-03-25,0.0,5.677359622457753,5.384712219238281,5.384712219238281,744000,0.0,0.0
1986-03-26,0.0,5.4432416146631395,5.092064736297775,5.296917915344238,654800,0.0,0.0
1986-03-27,0.0,5.618829930082281,5.326182537890496,5.501770973205566,923200,0.0,0.0
1986-03-31,0.0,5.852948481114067,5.589565799463934,5.823683738708496,808000,0.0,0.0
1986-04-01,0.0,5.882213820055656,5.706625347815189,5.765154838562012,173600,0.0,0.0
1986-04-02,0.0,5.765154953491993,5.677360715621557,5.706625461578369,67200,0.0,0.0
1986-04-03,0.0,5.765153801318296,5.501771140344364,5.677359580993652,1037200,0.0,0.0
1986-04-04,0.0,5.735889653364817,5.618830680847168,5.618830680847168,223600,0.0,0.0
1986-04-07,0.0,5.765154953491993,5.560301731794308,5.706625461578369,241600,0.0,0.0
1986-04-08,0.0,5.852948776399246,5.648095569225273,5.794419288635254,380400,0.0,0.0
1986-04-09,0.0,5.911477965925208,5.794418996302927,5.823683738708496,514800,0.0,0.0
1986-04-10,0.0,5.940741539001464,5.8236825924201545,5.940741539001465,96400,0.0,0.0
1986-04-11,0.0,6.057801723480224,5.882213267727174,6.057801723480225,307200,0.0,0.0
1986-04-14,0.0,6.321185709160065,6.145597217238952,6.262656211853027,566800,0.0,0.0
1986-04-15,0.0,6.526037029317908,6.233389628900064,6.496772289276123,588400,0.0,0.0
1986-04-16,0.0,6.55530110111943,6.321183204650879,6.321183204650879,948800,0.0,0.0
1986-04-17,0.0,6.350448927043174,6.116330994248956,6.17486047744751,120800,0.0,0.0
1986-04-18,0.0,6.379715206467102,6.17486196589247,6.262656211853027,742800,0.0,0.0
1986-04-21,0.0,6.321185409191043,6.204126420131949,6.2919206619262695,48400,0.0,0.0
1986-04-22,0.0,6.526038640044456,6.2919206619262695,6.2919206619262695,431600,0.0,0.0
1986-04-23,0.0,6.321182143520302,6.174858482790666,6.2333879470825195,89600,0.0,0.0
1986-04-24,0.0,6.408978755320978,6.204125553096106,6.379714012145996,420000,0.0,0.0
1986-04-25,0.0,6.789421251085069,6.438244289822048,6.584568023681641,1055600,0.0,0.0
1986-04-28,0.0,6.90647879997548,6.643096133874721,6.8186845779418945,578400,0.0,0.0
1986-04-29,0.0,6.93574277630874,6.496771714517048,6.555301189422607,905600,0.0,0.0
1986-04-30,0.0,6.8479495897685005,6.408978462219238,6.408978462219238,937600,0.0,0.0
1986-05-01,0.0,6.438243204055856,6.321184236709385,6.408978462219238,524000,0.0,0.0
1986-05-02,0.0,6.496771912141279,6.408977697112343,6.438242435455322,138800,0.0,0.0
1986-05-05,0.0,6.496772289276123,6.4382428091925545,6.496772289276123,185200,0.0,0.0
1986-05-06,0.0,6.672362625861483,6.584568380784359,6.643097877502441,63200,0.0,0.0
1986-05-07,0.0,6.701625158912257,6.643095681541844,6.672360420227051,280000,0.0,0.0
1986-05-08,0.0,6.643095989485045,6.4382428091925545,6.496772289276123,611200,0.0,0.0
1986-05-09,0.0,6.496772984845923,6.379714012145996,6.379714012145996,425200,0.0,0.0
1986-05-12,0.0,6.350450156455817,6.204126420131949,6.2919206619262695,525600,0.0,0.0
1986-05-13,0.0,6.321185409191043,6.262655914661496,6.2919206619262695,308400,0.0,0.0
1986-05-14,0.0,6.291919631778069,6.174860661884523,6.20412540435791,290000,0.0,0.0
1986-05-15,0.0,6.3211838024084654,6.116330623626709,6.116330623626709,314000,0.0,0.0
1986-05-16,0.0,6.08706521987915,5.999271009977047,6.08706521987915,303600,0.0,0.0
1986-05-19,0.0,6.028536904091928,5.940742677333308,5.970007419586182,387200,0.0,0.0
1986-05-20,0.0,6.057801646344802,5.911477935080435,5.970007419586182,323600,0.0,0.0
1986-05-21,0.0,6.08706521987915,6.028535746611082,6.08706521987915,346800,0.0,0.0
1986-05-22,0.0,6.0870675435880335,5.970008552365187,5.999273300170898,573200,0.0,0.0
1986-05-23,0.0,6.028535748937447,5.940741539001464,5.940741539001465,771600,0.0,0.0
1986-05-27,0.0,6.057801723480224,5.911478010352682,6.057801723480225,516400,0.0,0.0
1986-05-28,0.0,6.028536796569825,5.9407425713770605,6.028536796569824,1119600,0.0,0.0
1986-05-29,0.0,6.526036650484258,6.028536098653619,6.438242435455322,730000,0.0,0.0
1986-05-30,0.0,6.584566509401476,6.350448589067201,6.496772289276123,944800,0.0,0.0
1986-06-02,0.0,6.526036650484258,6.438242435455321,6.438242435455322,648800,0.0,0.0
1986-06-03,0.0,6.438243498495959,6.204125553096106,6.379714012145996,741600,0.0,0.0
1986-06-04,0.0,6.379715206467102,6.204126714545989,6.262656211853027,128800,0.0,0.0
1986-06-05,0.0,6.291919631778069,6.145595919411137,6.20412540435791,307600,0.0,0.0
1986-06-06,0.0,6.233389582930569,6.116330623626709,6.116330623626709,156800,0.0,0.0
1986-06-09,0.0,6.116330554829308,5.852947899358189,5.8822126388549805,826000,0.0,0.0
1986-06-10,0.0,5.882211188880764,5.677358062899843,5.73588752746582,205600,0.0,0.0
1986-06-11,0.0,5.911478112141291,5.589565937717755,5.618830680847168,2976800,0.0,0.0
1986-06-12,0.0,5.765153715123681,5.589565277099609,5.589565277099609,1210400,0.0,0.0
1986-06-13,0.0,5.677359496111645,5.589565277099609,5.589565277099609,106400,0.0,0.0
1986-06-16,0.0,5.67736076555754,5.531037034486469,5.560301780700684,274000,0.0,0.0
1986-06-17,0.0,5.531036004663151,5.4139770416014965,5.472506523132324,406800,0.0,0.0
1986-06-18,0.0,5.472506440204123,5.238388517628546,5.384712219238281,1043200,0.0,0.0
1986-06-19,0.0,5.326182655208019,5.209123695752897,5.296917915344238,399600,0.0,0.0
1986-06-20,0.0,5.355447395071798,5.267653175480458,5.296917915344238,131600,0.0,0.0
1986-06-23,0.0,5.443243267771963,5.296919524014651,5.326184272766113,53200,0.0,0.0
1986-06-24,0.0,5.501770194919629,5.092063903808594,5.092063903808594,194800,0.0,0.0
1986-06-25,0.0,5.238389492034913,5.033536271676005,5.238389492034912,421200,0.0,0.0
1986-06-26,0.0,5.267652314284752,5.092063903808594,5.092063903808594,227200,0.0,0.0
1986-06-27,0.0,5.150594166346958,4.8579467705317905,4.916476249694824,398000,0.0,0.0
1986-06-30,0.0,5.150594711303712,4.916476769880815,5.150594711303711,447600,0.0,0.0
1986-07-01,0.0,5.326182655208019,5.150594216025336,5.296917915344238,434800,0.0,0.0
1986-07-02,0.0,5.472508016523425,5.267654775263189,5.326184272766113,314000,0.0,0.0
1986-07-03,0.0,5.413976192474365,5.2969172477722175,5.413976192474365,102000,0.0,0.0
1986-07-07,0.0,5.326183087563928,4.975006180691581,5.062800407409668,153200,0.0,0.0
1986-07-08,0.0,5.121329126978766,4.916475961899616,4.945740699768066,134400,0.0,0.0
1986-07-09,0.0,5.033534913373416,4.916475961899616,4.945740699768066,250800,0.0,0.0
1986-07-10,0.0,5.033535208020892,4.8579467705317905,4.916476249694824,602000,0.0,0.0
1986-07-11,0.0,4.916476567586264,4.682358635796441,4.7408881187438965,421200,0.0,0.0
1986-07-14,0.0,4.711623433389161,4.360446531521647,4.448240756988525,1021200,0.0,0.0
1986-07-15,0.0,4.418974554035026,4.15559196472168,4.15559196472168,1972000,0.0,0.0
1986-07-16,0.0,4.770153622222103,4.09706446080426,4.477506160736084,2746000,0.0,0.0
1986-07-17,0.0,4.594565145330491,4.477506160736084,4.477506160736084,439600,0.0,0.0
1986-07-18,0.0,4.506770240633111,4.4189760151662325,4.448240756988525,509200,0.0,0.0
1986-07-21,0.0,4.47750560760498,4.389711380004883,4.389711380004883,167200,0.0,0.0
1986-07-22,0.0,4.5652995109558105,4.389711068226741,4.5652995109558105,199200,0.0,0.0
1986-07-23,0.0,4.653093732320345,4.536034770500965,4.5652995109558105,180000,0.0,0.0
1986-07-24,0.0,4.68235847277519,4.536034770500965,4.5652995109558105,656400,0.0,0.0
1986-07-25,0.0,4.623829207922283,4.448240756988525,4.448240756988525,387200,0.0,0.0
1986-07-28,0.0,4.506770240633111,4.38971127334394,4.448240756988525,105600,0.0,0.0
1986-07-29,0.0,4.565299724277697,4.38971127334394,4.448240756988525,285200,0.0,0.0
1986-07-30,0.0,4.565299724277697,4.331181789699354,4.448240756988525,735200,0.0,0.0
1986-07-31,0.0,4.506770350138346,4.389711380004883,4.389711380004883,124800,0.0,0.0
1986-08-01,0.0,4.418976122538249,4.360446637471517,4.389711380004883,115200,0.0,0.0
1986-08-04,0.0,4.4482408650716145,4.331181894938151,4.389711380004883,208800,0.0,0.0
1986-08-05,0.0,4.594564251410655,4.418975808681585,4.5652995109558105,234400,0.0,0.0
1986-08-06,0.0,4.565300141404939,4.3019174409392695,4.360446929931641,202800,0.0,0.0
1986-08-07,0.0,4.389711380004883,4.331181894938151,4.389711380004883,128800,0.0,0.0
1986-08-08,0.0,4.506771087646484,4.360447351034585,4.506771087646484,243200,0.0,0.0
1986-08-11,0.0,4.5652995109558105,4.448240549136431,4.5652995109558105,121600,0.0,0.0
1986-08-12,0.0,4.6823577880859375,4.536034107208252,4.6823577880859375,81600,0.0,0.0
1986-08-13,0.0,4.623829891479093,4.477506160736084,4.477506160736084,370400,0.0,0.0
1986-08-14,0.0,4.536035396908754,4.360446929931641,4.360446929931641,115600,0.0,0.0
1986-08-15,0.0,4.477506160736084,4.331182429993075,4.477506160736084,146000,0.0,0.0
1986-08-18,0.0,4.506770652412568,4.360446929931641,4.360446929931641,143200,0.0,0.0
1986-08-19,0.0,4.536034107208252,4.389710426330566,4.536034107208252,136000,0.0,0.0
1986-08-20,0.0,4.711622524261474,4.536034107208252,4.6823577880859375,296800,0.0,0.0
1986-08-21,0.0,4.6823577880859375,4.594563579559327,4.6823577880859375,66000,0.0,0.0
1986-08-22,0.0,4.945740699768066,4.6823580589520155,4.945740699768066,363200,0.0,0.0
1986-08-25,0.0,5.004270082496735,4.799416921224939,4.857946395874023,334400,0.0,0.0
1986-08-26,0.0,4.857947460034999,4.711623741359246,4.799417972564697,110000,0.0,0.0
1986-08-27,0.0,4.945741282251781,4.7994175756762845,4.887211799621582,400000,0.0,0.0
1986-08-28,0.0,4.945741282251781,4.857947058306483,4.887211799621582,310000,0.0,0.0
1986-08-29,0.0,4.975005728857858,4.916476249694824,4.916476249694824,367200,0.0,0.0
1986-09-02,0.0,4.945741006933107,4.770152568817139,4.770152568817139,133200,0.0,0.0
1986-09-03,0.0,4.799416732788086,4.6823577880859375,4.6823577880859375,47200,0.0,0.0
1986-09-04,0.0,5.062800407409668,4.6823587582979584,5.062800407409668,378400,0.0,0.0
1986-09-05,0.0,5.267653682015159,5.004270997914402,5.150594711303711,399200,0.0,0.0
1986-09-08,0.0,5.150594634127755,5.004270922930943,5.062800407409668,391600,0.0,0.0
1986-09-09,0.0,5.062799947602408,4.68235833304269,4.916476249694824,2223600,0.0,0.0
1986-09-10,0.0,4.916475870523108,4.770152183900397,4.857946395874023,487200,0.0,0.0
1986-09-11,0.0,4.828683250355271,4.62383002155232,4.65309476852417,474000,0.0,0.0
1986-09-12,0.0,4.653093051910401,4.536034107208252,4.536034107208252,374800,0.0,0.0
1986-09-15,0.0,4.682357884660552,4.565298937544038,4.623828411102295,124000,0.0,0.0
1986-09-16,0.0,4.5652995109558105,4.536034770500965,4.5652995109558105,108800,0.0,0.0
1986-09-17,0.0,4.53603595495224,4.214123725891113,4.214123725891113,124400,0.0,0.0
1986-09-18,0.0,4.418976346107378,4.272652626037598,4.272652626037598,164800,0.0,0.0
1986-09-19,0.0,4.389711302153919,4.272652334096481,4.30191707611084,80000,0.0,0.0
1986-09-22,0.0,4.418975830078125,4.331181608288493,4.418975830078125,916800,0.0,0.0
1986-09-23,0.0,4.4482408650716145,4.331181894938151,4.389711380004883,410000,0.0,0.0
1986-09-24,0.0,4.3897110062676505,4.331181526184082,4.331181526184082,338000,0.0,0.0
1986-09-25,0.0,4.3311809539794925,4.15559253692627,4.243386745452881,328800,0.0,0.0
1986-09-26,0.0,4.3019184051676005,4.1263298988342285,4.1263298988342285,242800,0.0,0.0
1986-09-29,0.0,4.0970649162348165,3.8629469210213987,4.009270668029785,403600,0.0,0.0
1986-09-30,0.0,4.155594597692075,3.892211841500324,4.0385355949401855,272800,0.0,0.0
1986-10-01,0.0,4.155594597692075,4.009270844252214,4.0385355949401855,245200,0.0,0.0
1986-10-02,0.0,4.038535298241509,3.8629468070136177,3.9507410526275635,263600,0.0,0.0
1986-10-03,0.0,4.009270668029785,3.892211670423076,4.009270668029785,160400,0.0,0.0
1986-10-06,0.0,4.0385355949401855,3.9507413428762685,4.0385355949401855,102400,0.0,0.0
1986-10-07,0.0,4.0385355949401855,3.980006093564241,4.0385355949401855,40400,0.0,0.0
1986-10-08,0.0,4.038533938558478,3.8922102451324463,3.8922102451324463,206400,0.0,0.0
1986-10-09,0.0,3.950739722502859,3.86294550644724,3.8922102451324463,330800,0.0,0.0
1986-10-10,0.0,3.9214756876923316,3.7458872240643166,3.7751519680023193,294400,0.0,0.0
1986-10-13,0.0,3.77515178360045,3.6580928135663275,3.745887041091919,206800,0.0,0.0
1986-10-14,0.0,3.804416656494141,3.7166224259596605,3.8044166564941406,58000,0.0,0.0
1986-10-15,0.0,3.8336808681488033,3.6580924314396976,3.8336808681488037,587200,0.0,0.0
1986-10-16,0.0,3.921476002895471,3.804417017734412,3.8629465103149414,125600,0.0,0.0
1986-10-17,0.0,3.8922102451324463,3.804416029076827,3.8922102451324463,65200,0.0,0.0
1986-10-20,0.0,4.038533785763909,3.8336806227179134,3.98000431060791,134000,0.0,0.0
1986-10-21,0.0,3.9214749838176526,3.86294550644724,3.8922102451324463,76400,0.0,0.0
1986-10-22,0.0,3.950740374051608,3.804416656494141,3.8044166564941406,55600,0.0,0.0
1986-10-23,0.0,3.8336814000056343,3.7166224259596605,3.8044166564941406,280400,0.0,0.0
1986-10-24,0.0,3.8922103470518383,3.7458866497942505,3.8336808681488037,640800,0.0,0.0
1986-10-27,0.0,3.8629461435171275,3.745887169471154,3.8044166564941406,244000,0.0,0.0
1986-10-28,0.0,3.862946510314942,3.745887525153883,3.8629465103149414,665200,0.0,0.0
1986-10-29,0.0,3.862945607600321,3.804416128697286,3.8336808681488037,80000,0.0,0.0
1986-10-30,0.0,3.9800054954760005,3.862946510314942,3.8629465103149414,235600,0.0,0.0
1986-10-31,0.0,3.950739722502859,3.86294550644724,3.8922102451324463,345600,0.0,0.0
1986-11-03,0.0,3.9214749838176526,3.86294550644724,3.8922102451324463,301200,0.0,0.0
1986-11-04,0.0,3.862945607600321,3.775151389245768,3.8336808681488037,777600,0.0,0.0
1986-11-05,0.0,3.9800053781537867,3.8629463964433812,3.921475887298584,779200,0.0,0.0
1986-11-06,0.0,4.155594649889791,3.9214766414452953,4.1263298988342285,710000,0.0,0.0
1986-11-07,0.0,4.506771087646484,4.097064625133168,4.506771087646484,576800,0.0,0.0
1986-11-10,0.0,4.418976418924012,4.3019174409392695,4.360446929931641,161600,0.0,0.0
1986-11-11,0.0,4.448240756988525,4.331181789699354,4.448240756988525,274400,0.0,0.0
1986-11-12,0.0,4.56530039918189,4.389711922290278,4.477506160736084,233600,0.0,0.0
1986-11-13,0.0,4.536036356635716,4.0385355949401855,4.0385355949401855,712000,0.0,0.0
1986-11-14,0.0,4.126327998497906,3.8629453602959125,3.98000431060791,174800,0.0,0.0
1986-11-17,0.0,3.9214756876923316,3.7751519680023193,3.7751519680023193,402400,0.0,0.0
1986-11-18,0.0,3.8629461998163266,3.7458872240643166,3.7751519680023193,90000,0.0,0.0
1986-11-19,0.0,3.8044168254521886,3.658093101396335,3.7166225910186768,458000,0.0,0.0
1986-11-20,0.0,4.097064018249512,3.7458871023995535,4.097064018249512,395600,0.0,0.0
1986-11-21,0.0,4.067800345628158,3.9214765921882964,4.0385355949401855,118400,0.0,0.0
1986-11-24,0.0,4.009269048185909,3.892210097873912,3.98000431060791,85200,0.0,0.0
1986-11-25,0.0,4.1555935042245045,4.009269789287022,4.097064018249512,121200,0.0,0.0
1986-11-26,0.0,4.155594597692075,3.980006093564241,4.0385355949401855,149600,0.0,0.0
1986-11-28,0.0,4.067799734346795,3.862946510314942,3.8629465103149414,97600,0.0,0.0
1986-12-01,0.0,4.009270668029785,3.7166231740130122,4.009270668029785,238800,0.0,0.0
1986-12-02,0.0,4.1263298988342285,4.038535645667543,4.1263298988342285,406800,0.0,0.0
1986-12-03,0.0,4.184859400945353,4.038535645667543,4.1263298988342285,248000,0.0,0.0
1986-12-04,0.0,4.214121625139996,4.09706269110833,4.18485689163208,356800,0.0,0.0
1986-12-05,0.0,4.2141214290135345,4.126327232575752,4.15559196472168,236400,0.0,0.0
1986-12-08,0.0,4.184859164439849,4.009270668029785,4.009270668029785,278000,0.0,0.0
1986-12-09,0.0,4.038535298241509,3.9214763040895817,3.9507410526275635,158800,0.0,0.0
1986-12-10,0.0,4.184859400945353,3.9214766414452953,4.1263298988342285,240000,0.0,0.0
1986-12-11,0.0,4.155592736075906,3.9507395730299106,3.98000431060791,168400,0.0,0.0
1986-12-12,0.0,4.0092691998732715,3.8922102451324463,3.8922102451324463,176000,0.0,0.0
1986-12-15,0.0,4.1263298988342285,3.9214766414452953,4.1263298988342285,470800,0.0,0.0
1986-12-16,0.0,4.272651092155829,4.155592158124163,4.18485689163208,1441600,0.0,0.0
1986-12-17,0.0,4.214124775618958,4.038536243301501,4.067800998687744,569200,0.0,0.0
1986-12-18,0.0,4.0678000467794915,3.9507410526275635,3.9507410526275635,215600,0.0,0.0
1986-12-19,0.0,3.98000431060791,3.892210097873912,3.98000431060791,144400,0.0,0.0
1986-12-22,0.0,3.9800053781537867,3.775152160160577,3.921475887298584,644400,0.0,0.0
1986-12-23,0.0,3.921475086503356,3.8336808681488033,3.8336808681488037,121200,0.0,0.0
1986-12-24,0.0,3.8922109437543293,3.7458872240643166,3.7751519680023193,176000,0.0,0.0
1986-12-26,0.0,3.8336808681488033,3.775151389245768,3.8336808681488037,16000,0.0,0.0
1986-12-29,0.0,3.8922103470518383,3.804416128697286,3.8336808681488037,153600,0.0,0.0
1986-12-30,0.0,3.8922103470518383,3.804416128697286,3.8336808681488037,84400,0.0,0.0
1986-12-31,0.0,3.921475086503356,3.8336808681488033,3.8336808681488037,102400,0.0,0.0
1987-01-02,0.0,4.0385348690089895,3.8629463964433812,3.921475887298584,118800,0.0,0.0
1987-01-05,0.0,3.9800058011655457,3.8922115555516,3.9507410526275635,227200,0.0,0.0
1987-01-06,0.0,3.9214749838176526,3.86294550644724,3.8922102451324463,304800,0.0,0.0
1987-01-07,0.0,3.9214749838176526,3.8336807677620333,3.8922102451324463,1280400,0.0,0.0
1987-01-08,0.0,4.1263287612370085,3.9214755603245326,4.097064018249512,1406000,0.0,0.0
1987-01-09,0.0,4.184859400945353,4.038535645667543,4.1263298988342285,728400,0.0,0.0
1987-01-12,0.0,4.3311818181251995,4.067799139995964,4.30191707611084,720000,0.0,0.0
1987-01-13,0.0,4.301917370051553,4.155593649981773,4.272652626037598,630400,0.0,0.0
1987-01-14,0.0,4.56530039918189,4.331182429993075,4.477506160736084,3126800,0.0,0.0
1987-01-15,0.0,4.770151996612549,4.477504634857178,4.6823577880859375,2660400,0.0,0.0
1987-01-16,0.0,4.74088900943972,4.56530052760862,4.65309476852417,689200,0.0,0.0
1987-01-19,0.0,4.740888411954323,4.594564695535979,4.711623668670654,368800,0.0,0.0
1987-01-20,0.0,4.770151996612549,4.653093051910401,4.6823577880859375,643200,0.0,0.0
1987-01-21,0.0,4.68235951549602,4.56530052760862,4.65309476852417,558800,0.0,0.0
1987-01-22,0.0,4.945740699768066,4.740887534688915,4.945740699768066,499600,0.0,0.0
1987-01-23,0.0,5.033535844791009,4.565299952252311,4.711623668670654,525200,0.0,0.0
1987-01-26,0.0,4.6823586915668685,4.38971127334394,4.448240756988525,584800,0.0,0.0
1987-01-27,0.0,4.565299533060844,4.301916867691949,4.418975830078125,546800,0.0,0.0
1987-01-28,0.0,4.565299724277697,4.360446531521647,4.448240756988525,297200,0.0,0.0
1987-01-29,0.0,4.565300582291244,4.4482415930017245,4.506771087646484,607600,0.0,0.0
1987-01-30,0.0,4.594563961029053,4.44824026800265,4.594563961029053,567600,0.0,0.0
1987-02-02,0.0,5.062800701274428,4.623829542204391,5.033535957336426,686800,0.0,0.0
1987-02-03,0.0,5.443240928649903,5.209123039245606,5.413976192474365,1396400,0.0,0.0
1987-02-04,0.0,5.735889653364817,5.413977478941281,5.618830680847168,2173600,0.0,0.0
1987-02-05,0.0,5.67736076555754,5.501772288272256,5.560301780700684,715600,0.0,0.0
1987-02-06,0.0,5.677359496111645,5.5603005374289305,5.589565277099609,392000,0.0,0.0
1987-02-09,0.0,5.443243267771963,5.296919524014651,5.326184272766113,298400,0.0,0.0
1987-02-10,0.0,5.384712134935579,5.179858955889117,5.296917915344238,310800,0.0,0.0
1987-02-11,0.0,5.501771263897737,5.238388597009016,5.472506523132324,268000,0.0,0.0
1987-02-12,0.0,5.618830226959391,5.3847123008360835,5.472506523132324,505600,0.0,0.0
1987-02-13,0.0,5.618831273129112,5.472507542058041,5.560301780700684,119600,0.0,0.0
1987-02-17,0.0,5.5895651908631026,5.44324149476721,5.501770973205566,448000,0.0,0.0
1987-02-18,0.0,5.56030104237218,5.443242073059082,5.443242073059082,476800,0.0,0.0
1987-02-19,0.0,5.472506815387356,5.355447846074258,5.443242073059082,88400,0.0,0.0
1987-02-20,0.0,5.501770899030897,5.267652988433838,5.267652988433838,199200,0.0,0.0
1987-02-23,0.0,5.296918983566029,5.1213305089726795,5.238389492034912,426400,0.0,0.0
1987-02-24,0.0,5.2091241966594355,5.121329968625849,5.150594711303711,342400,0.0,0.0
1987-02-25,0.0,5.4139785190205005,5.1505957802573406,5.326184272766113,366400,0.0,0.0
1987-02-26,0.0,5.355445861816405,5.267651667360399,5.355445861816406,173200,0.0,0.0
1987-02-27,0.0,5.706625095920859,5.4139776551044045,5.648095607757568,861600,0.0,0.0
1987-03-02,0.0,5.735888975453002,5.589565277099609,5.589565277099609,447600,0.0,0.0
1987-03-03,0.0,5.560300661169965,5.355447478916334,5.384712219238281,276400,0.0,0.0
1987-03-04,0.0,5.472506523132323,5.35544756007067,5.472506523132324,210800,0.0,0.0
1987-03-05,0.0,5.56030104237218,5.443242073059082,5.443242073059082,279600,0.0,0.0
1987-03-06,0.0,5.501771263897737,5.44324178236691,5.472506523132324,305600,0.0,0.0
1987-03-09,0.0,5.443240056272413,5.32618113033107,5.355445861816406,104400,0.0,0.0
1987-03-10,0.0,5.355447395071798,5.267653175480458,5.296917915344238,94000,0.0,0.0
1987-03-11,5.267653175480458,5.355447395071798,5.267653175480458,5.296917915344238,134000,0.0,0.0
1987-03-12,5.267653572425414,5.267653572425414,5.2091240882873535,5.2091240882873535,48800,0.0,0.0
1987-03-13,5.2091240882873535,5.2091240882873535,5.092065120011233,5.2091240882873535,412400,0.0,0.0
1987-03-16,5.17985725402832,5.17985725402832,5.092063063282078,5.17985725402832,198800,0.0,0.0
1987-03-17,5.179859533905983,5.618830680847168,5.15059479077657,5.618830680847168,482800,0.0,0.0
1987-03-18,5.618830680847168,5.794419139623642,5.618830680847168,5.618830680847168,870800,0.0,0.0
1987-03-19,5.677359895798767,6.028536796569825,5.677359895798767,6.028536796569824,1842000,0.0,0.0
1987-03-20,6.057801691990978,6.204125404357909,6.057801691990978,6.20412540435791,773600,0.0,0.0
1987-03-23,6.204124166415288,6.204124166415288,6.08706521987915,6.08706521987915,257200,0.0,0.0
1987-03-24,5.970007419586182,6.087066388597675,5.970007419586182,5.970007419586182,400000,0.0,0.0
1987-03-25,5.970007751927231,5.999272495809227,5.794419288635254,5.794419288635254,1154400,0.0,0.0
1987-03-26,5.794419288635254,5.882213520281242,5.794419288635254,5.794419288635254,112400,0.0,0.0
1987-03-27,5.794416992031798,5.882211188880764,5.73588752746582,5.73588752746582,724000,0.0,0.0
1987-03-30,5.618829636346726,5.618829636346726,5.4725059479001965,5.531035423278809,112000,0.0,0.0
1987-03-31,5.501770685589502,5.6773591117253375,5.501770685589502,5.531035423278809,679200,0.0,0.0
1987-04-01,5.531036451458931,5.618830680847168,5.443242222070694,5.618830680847168,388400,0.0,0.0
1987-04-02,5.589565277099609,5.589565277099609,5.5310357977582525,5.589565277099609,141200,0.0,0.0
1987-04-03,5.589565937717755,5.618830680847168,5.501771708329518,5.618830680847168,554000,0.0,0.0
1987-04-06,5.618830680847168,5.677360167105992,5.589565937717755,5.618830680847168,334000,0.0,0.0
1987-04-07,5.618829636346726,5.618829636346726,5.501770685589502,5.531035423278809,178000,0.0,0.0
1987-04-08,5.531035712424745,5.618829930082281,5.501770973205567,5.501770973205566,227200,0.0,0.0
1987-04-09,5.501771508977654,5.531036251046684,5.179859346218323,5.2091240882873535,548800,0.0,0.0
1987-04-10,5.209123777306599,5.384712219238281,5.150594296662704,5.384712219238281,948400,0.0,0.0
1987-04-13,5.384711943732367,5.384711943732367,5.267652988433838,5.267652988433838,249600,0.0,0.0
1987-04-14,5.238388860845841,5.238388860845841,4.975006180691581,5.062800407409668,533600,0.0,0.0
1987-04-15,5.150594296662704,5.50177118052607,5.150594296662704,5.384712219238281,882000,0.0,0.0
1987-04-16,5.501771025396698,5.911477378351772,5.501771025396698,5.8822126388549805,1328400,0.0,0.0
1987-04-20,5.823683281534725,5.823683281534725,5.677359580993652,5.677359580993652,1136000,0.0,0.0
1987-04-21,5.677359642368732,6.028536527463705,5.618830161519569,5.911477565765381,416400,0.0,0.0
1987-04-22,5.911478264163239,5.970007751927231,5.794419288635254,5.794419288635254,583600,0.0,0.0
1987-04-23,5.794416992031798,5.8236817243147865,5.73588752746582,5.73588752746582,110400,0.0,0.0
1987-04-24,5.735889061210082,5.735889061210082,5.618830100777223,5.677359580993652,419600,0.0,0.0
1987-04-27,5.618831273129112,5.618831273129112,5.472507542058041,5.560301780700684,266000,0.0,0.0
1987-04-28,5.560301685333252,5.911478633880615,5.560301685333252,5.852949142456055,438400,0.0,0.0
1987-04-29,5.911477624802362,6.262654513404483,5.911477624802362,6.145595550537109,607600,0.0,0.0
1987-04-30,6.145594782299466,6.3797126787680165,6.145594782299466,6.321183204650879,952400,0.0,0.0
1987-05-01,6.321184563425789,6.730890970314498,6.291919820076596,6.613831996917725,1901200,0.0,0.0
1987-05-04,6.613832888581828,6.789421372349487,6.526038646697998,6.526038646697998,644000,0.0,0.0
1987-05-05,6.672360773289457,6.877213954925536,6.672360773289457,6.877213954925537,1289600,0.0,0.0
1987-05-06,6.789419754691746,6.789419754691746,6.701625533725904,6.730890274047852,247200,0.0,0.0
1987-05-07,6.701627374220525,6.701627374220525,6.643097877502442,6.643097877502441,364800,0.0,0.0
1987-05-08,6.672360420227051,6.789419374967876,6.672360420227051,6.672360420227051,772800,0.0,0.0
1987-05-11,6.672360536739297,6.847948971916647,6.467507362365722,6.467507362365723,685600,0.0,0.0
1987-05-12,6.467506889943723,6.467506889943723,6.29191846759231,6.321183204650879,135200,0.0,0.0
1987-05-13,6.291917411374374,6.291917411374374,6.204123214936593,6.2333879470825195,256000,0.0,0.0
1987-05-14,6.233390146831296,6.321184374251455,6.204125404357909,6.20412540435791,612000,0.0,0.0
1987-05-15,6.204125389980911,6.204125389980911,5.823683738708497,5.823683738708496,335200,0.0,0.0
1987-05-18,5.8236825924201545,5.940741539001464,5.735888382484172,5.940741539001465,1107200,0.0,0.0
1987-05-19,5.940743008045235,6.145596215219208,5.735889800871261,5.794419288635254,432800,0.0,0.0
1987-05-20,5.794420065530917,5.999273300170898,5.735890569919493,5.999273300170898,228000,0.0,0.0
1987-05-21,5.999272054838904,6.057801538300747,5.970007313107982,6.028536796569824,881200,0.0,0.0
1987-05-22,6.028536527463705,6.145595489162029,5.882212825340799,5.911477565765381,546000,0.0,0.0
1987-05-26,5.970007286252569,6.17486047744751,5.970007286252569,6.17486047744751,700400,0.0,0.0
1987-05-27,6.174860527526298,6.438243204055856,6.116331043853062,6.408978462219238,631200,0.0,0.0
1987-05-28,6.408977772060194,6.701625158912257,6.379713033374987,6.672360420227051,1440000,0.0,0.0
1987-05-29,6.7601556434469705,7.082067816944446,6.7601556434469705,6.906479358673096,4343600,0.0,0.0
1987-06-01,6.847949044673204,6.847949044673204,6.643095868123151,6.701625347137451,179200,0.0,0.0
1987-06-02,6.672360342199152,6.672360342199152,6.438242435455321,6.438242435455322,643600,0.0,0.0
1987-06-03,6.438243204055856,6.643096396912178,6.408978462219238,6.408978462219238,318400,0.0,0.0
1987-06-04,6.40897995512062,6.4382447037741395,6.2626562118530265,6.262656211853027,358400,0.0,0.0
1987-06-05,6.262652679228448,6.291917411374374,6.204123214936593,6.2333879470825195,240400,0.0,0.0
1987-06-08,6.233389267054471,6.438242435455321,6.174859790368513,6.438242435455322,503200,0.0,0.0
1987-06-09,6.555303276909722,6.730891757541232,6.555303276909722,6.584568023681641,744800,0.0,0.0
1987-06-10,6.584565926875387,6.643095401780945,6.5553011894226065,6.555301189422607,222400,0.0,0.0
1987-06-11,6.555303276909722,6.643097517225477,6.496773783365885,6.584568023681641,382400,0.0,0.0
1987-06-12,6.584565926875387,6.613830664328166,6.438242239611489,6.555301189422607,198000,0.0,0.0
1987-06-15,6.555302171402325,6.584566913238943,6.37971372038262,6.408978462219238,41200,0.0,0.0
1987-06-16,6.3797126787680165,6.3797126787680165,6.233388993475172,6.321183204650879,422000,0.0,0.0
1987-06-17,6.29191846759231,6.3797126787680165,6.233388993475172,6.321183204650879,177200,0.0,0.0
1987-06-18,6.2919190625825,6.2919190625825,6.028536404148814,6.116330623626709,330800,0.0,0.0
1987-06-19,6.087066069103423,6.174860291253953,6.087066069103423,6.145595550537109,142000,0.0,0.0
1987-06-22,6.08706521987915,6.174859429781254,6.028535746611082,6.08706521987915,554800,0.0,0.0
1987-06-23,6.14559469314722,6.14559469314722,6.057800483245116,6.08706521987915,188400,0.0,0.0
1987-06-24,5.970007106236049,6.204125031970796,5.911477624802362,6.145595550537109,369200,0.0,0.0
1987-06-25,6.145593750644738,6.262652679228448,6.057799554206956,6.2333879470825195,437600,0.0,0.0
1987-06-26,6.204125404357909,6.233390146831296,6.11633117693775,6.20412540435791,258400,0.0,0.0
1987-06-29,6.204125404357909,6.204125404357909,6.145595919411137,6.20412540435791,239200,0.0,0.0
1987-06-30,6.204125031970796,6.262654513404483,6.145595550537109,6.145595550537109,527600,0.0,0.0
1987-07-01,6.204124166415288,6.233388903049322,6.08706521987915,6.08706521987915,381600,0.0,0.0
1987-07-02,6.087066069103423,6.145595550537109,6.05780132838658,6.145595550537109,347200,0.0,0.0
1987-07-06,6.145595489162029,6.145595489162029,5.8529480849162185,5.911477565765381,919200,0.0,0.0
1987-07-07,5.911478010352682,6.145595951356749,5.911478010352682,6.057801723480225,1039200,0.0,0.0
1987-07-08,5.970007313107982,6.087066280031668,5.8822130879152175,6.028536796569824,328000,0.0,0.0
1987-07-09,5.999272207044205,6.262654889304683,5.999272207044205,6.20412540435791,91600,0.0,0.0
1987-07-10,6.174858482790666,6.262652679228448,6.174858482790666,6.2333879470825195,96800,0.0,0.0
1987-07-13,6.204125553096106,6.379714012145996,6.204125553096106,6.379714012145996,425200,0.0,0.0
1987-07-14,6.555303632425317,6.672362625861483,6.526038884066276,6.643097877502441,970400,0.0,0.0
1987-07-15,6.672362263997395,6.672362263997395,6.584568023681641,6.584568023681641,121600,0.0,0.0
1987-07-16,6.672362263997395,6.672362263997395,6.584568023681641,6.584568023681641,444800,0.0,0.0
1987-07-17,6.613831996917725,6.672361483616111,6.613831996917725,6.613831996917725,484800,0.0,0.0
1987-07-20,6.584566319150622,6.584566319150622,6.4089778839732725,6.467507362365723,218400,0.0,0.0
1987-07-21,6.40897806915077,6.496772289276123,6.40897806915077,6.496772289276123,114400,0.0,0.0
1987-07-22,6.496771912141279,6.496771912141279,6.438242435455321,6.438242435455322,126400,0.0,0.0
1987-07-23,6.5260377280209045,6.5260377280209045,6.321184525796033,6.379714012145996,162000,0.0,0.0
1987-07-24,6.438242152885154,6.438242152885154,6.204124256416604,6.321183204650879,211200,0.0,0.0
1987-07-27,6.379713668642451,6.379713668642451,6.145595735848233,6.17486047744751,113200,0.0,0.0
1987-07-28,6.233390296271088,6.379714012145996,6.145596066746143,6.379714012145996,953600,0.0,0.0
1987-07-29,6.379713329108986,6.496772289276123,6.379713329108986,6.496772289276123,114400,0.0,0.0
1987-07-30,6.496772351472274,6.730890274047852,6.496772351472274,6.730890274047852,134400,0.0,0.0
1987-07-31,6.701625347137451,6.730890086644602,6.672360607630301,6.701625347137451,78000,0.0,0.0
1987-08-03,6.672361483616111,6.672361483616111,6.613831996917725,6.613831996917725,220400,0.0,0.0
1987-08-04,6.643095797543072,6.643095797543072,6.262654187992148,6.467507362365723,1104000,0.0,0.0
1987-08-05,6.760155507075933,7.169861901444172,6.760155507075933,7.111332416534424,944400,0.0,0.0
1987-08-06,7.199126657098533,7.579568309709431,7.169861914590002,7.491774082183838,1874800,0.0,0.0
1987-08-07,7.52103738492476,7.725890543269014,7.491772648018438,7.638096332550049,444000,0.0,0.0
1987-08-10,7.667363014363001,7.90148096900004,7.638098270033372,7.87221622467041,583600,0.0,0.0
1987-08-11,7.9600090825600756,8.135597518204783,7.901479604011839,8.106332778930664,1385200,0.0,0.0
1987-08-12,7.960011602331091,7.989276350869074,7.7844231111032,7.901482105255127,345200,0.0,0.0
1987-08-13,7.842950741749889,7.901480224897276,7.725891775455115,7.755156517028809,324000,0.0,0.0
1987-08-14,7.784422283741965,7.901481265452371,7.7258927928867625,7.842951774597168,348000,0.0,0.0
1987-08-17,7.872216004591722,8.018539722149189,7.608833312988282,7.608833312988281,224000,0.0,0.0
1987-08-18,7.5503038630766035,7.5503038630766035,7.374715401144589,7.462509632110596,256000,0.0,0.0
1987-08-19,7.521039192066636,7.608833423880643,7.433244960252629,7.550303936004639,227600,0.0,0.0
1987-08-20,7.66736330203156,8.018540247162775,7.66736330203156,7.842951774597168,315600,0.0,0.0
1987-08-21,7.901479146059821,7.989273358793819,7.872214408481822,7.96000862121582,383600,0.0,0.0
1987-08-24,7.901479445005718,7.96000892237613,7.755155751579686,7.784420490264893,78000,0.0,0.0
1987-08-25,7.755155954652159,7.755155954652159,7.521038039040019,7.667361736297607,382400,0.0,0.0
1987-08-26,7.69662909264112,8.077070834862925,7.638099593837765,8.01854133605957,727600,0.0,0.0
1987-08-27,7.842949967635305,7.872214706320511,7.72589101289448,7.784420490264893,364800,0.0,0.0
1987-08-28,7.784422513210413,7.813687259500678,7.725893020629884,7.725893020629883,364400,0.0,0.0
1987-08-31,7.696626929308144,7.81368589401245,7.667362188132068,7.813685894012451,113600,0.0,0.0
1987-09-01,7.784420711057195,7.813685450572448,7.521038055419922,7.521038055419922,126000,0.0,0.0
1987-09-02,7.403979114123753,7.491773332868304,7.316184895379203,7.374714374542236,295600,0.0,0.0
1987-09-03,7.4917737355672696,7.4917737355672696,7.257655806330792,7.286920547485352,273600,0.0,0.0
1987-09-04,7.286921546107433,7.286921546107433,7.1113330751168915,7.140597820281982,141200,0.0,0.0
1987-09-08,7.082067489624023,7.111332231316685,6.906479039468056,7.082067489624023,625200,0.0,0.0
1987-09-09,7.111330984100219,7.257654666900635,7.082066247540135,7.257654666900635,238400,0.0,0.0
1987-09-10,7.316185627132655,7.491774082183839,7.316185627132655,7.491774082183838,716800,0.0,0.0
1987-09-11,7.46251008403835,7.842951774597168,7.46251008403835,7.842951774597168,384000,0.0,0.0
1987-09-14,7.725893020629884,7.725893020629884,7.52103979659803,7.725893020629883,227600,0.0,0.0
1987-09-15,7.66736106945637,7.66736106945637,7.550302121831082,7.638096332550049,146800,0.0,0.0
1987-09-16,7.550302121831082,7.696625806362692,7.52103738492476,7.638096332550049,543200,0.0,0.0
1987-09-17,7.667363528049354,7.755157766920148,7.667363528049354,7.725893020629883,260000,0.0,0.0
1987-09-18,7.696626274209273,7.784420490264893,7.638096796838861,7.784420490264893,348000,0.0,0.0
1987-09-21,7.725890543269014,7.725890543269014,7.608831595643727,7.638096332550049,360800,0.0,0.0
1987-09-22,7.696625806362692,7.696625806362692,7.52103738492476,7.638096332550049,562800,0.0,0.0
1987-09-23,7.63809878175909,7.784422513210413,7.63809878175909,7.725893020629883,617600,0.0,0.0
1987-09-24,7.755156411660297,7.930744858716757,7.755156411660297,7.813685894012451,235200,0.0,0.0
1987-09-25,7.872215376364604,7.901480117540681,7.784421152836374,7.813685894012451,423600,0.0,0.0
1987-09-28,7.813685386189485,8.194126996753019,7.784420646915367,8.106332778930664,549200,0.0,0.0
1987-09-29,8.07706786433709,8.07706786433709,7.930744171142578,7.930744171142578,209200,0.0,0.0
1987-09-30,7.930743883637821,7.989273358793819,7.930743883637821,7.96000862121582,117600,0.0,0.0
1987-10-01,7.960012187128482,8.077071189880371,7.901482685752537,8.077071189880371,500800,0.0,0.0
1987-10-02,8.018538561108311,8.135597518204783,8.018538561108311,8.106332778930664,451200,0.0,0.0
1987-10-05,8.164864718914032,8.54530644416809,7.930746734142304,8.428247451782227,1022000,0.0,0.0
1987-10-06,8.281920828385786,8.281920828385786,7.989273449290883,8.047802925109863,367200,0.0,0.0
1987-10-07,7.989275501735174,7.989275501735174,7.7258927928867625,7.842951774597168,532400,0.0,0.0
1987-10-08,7.755156764760614,7.813686249777676,7.403979854658247,7.491774082183838,568400,0.0,0.0
1987-10-09,7.4917746716596945,7.550304161282035,7.433245182037353,7.4332451820373535,101200,0.0,0.0
1987-10-12,7.403979114123753,7.43324385370527,7.316184895379203,7.374714374542236,109600,0.0,0.0
1987-10-13,7.433244888455261,7.491774375765932,7.433244888455261,7.462509632110596,209600,0.0,0.0
1987-10-14,7.403979874458633,7.4332446170454265,6.965008735656737,6.965008735656738,293200,0.0,0.0
1987-10-15,6.906477445131773,6.9650069150057705,6.730889035509779,6.760153770446777,1087600,0.0,0.0
1987-10-16,6.7601563355018355,6.906480065707503,6.730891589460702,6.789421081542969,695600,0.0,0.0
1987-10-19,5.384710954938616,5.794417223249163,5.092063620431083,5.121328353881836,1332400,0.0,0.0
1987-10-20,5.121330153651354,5.501771822208312,4.126328866656234,4.799417972564697,1125200,0.0,0.0
1987-10-21,4.916476711150138,5.531036300043906,4.916476711150138,5.443242073059082,1213200,0.0,0.0
1987-10-22,5.033536672592163,5.267654657363892,4.214123725891113,4.214123725891113,449600,0.0,0.0
1987-10-23,4.097064018249512,4.243387733186994,4.067799275262015,4.097064018249512,601200,0.0,0.0
1987-10-26,3.980004660288493,4.184857841332754,3.4532393376032515,3.5117688179016113,1577600,0.0,0.0
1987-10-27,3.8044157528108165,3.8629452259309827,3.453238914089818,3.6288273334503174,1283600,0.0,0.0
1987-10-28,3.5995631217956543,3.6873573442784755,3.4532394176576195,3.5995631217956543,818000,0.0,0.0
1987-10-29,3.4825037717819214,4.1848574736539055,3.4825037717819214,3.98000431060791,706400,0.0,0.0
1987-10-30,4.389710516869267,4.682357884660552,4.331181043311011,4.623828411102295,980000,0.0,0.0
1987-11-02,4.6823577880859375,4.6823577880859375,4.243386745452881,4.243386745452881,988400,0.0,0.0
1987-11-03,4.3019179701805115,4.3019179701805115,4.038535237312317,4.214123725891113,880400,0.0,0.0
1987-11-04,4.15559196472168,4.301915625451317,4.097062500429826,4.15559196472168,773600,0.0,0.0
1987-11-05,4.184858462954527,4.418976418924012,4.184858462954527,4.360446929931641,384400,0.0,0.0
1987-11-06,4.331183101819909,4.331183101819909,4.0385355949401855,4.0385355949401855,1755200,0.0,0.0
1987-11-09,4.038534044309427,4.067798783760944,3.804416128697286,3.8336808681488037,878000,0.0,0.0
1987-11-10,3.7458870410919194,3.8922107536345725,3.687357556074858,3.745887041091919,910400,0.0,0.0
1987-11-11,3.7751515667612963,3.83368104841651,3.5117688993128335,3.5995631217956543,1106000,0.0,0.0
1987-11-12,3.745887525153883,3.862946510314942,3.6873580325733535,3.8629465103149414,1398400,0.0,0.0
1987-11-13,3.9214748354519116,4.038533785763909,3.8336806227179134,3.98000431060791,1105600,0.0,0.0
1987-11-16,4.038534044309427,4.038534044309427,3.804416128697286,3.8336808681488037,838800,0.0,0.0
1987-11-17,3.745887525153883,3.862946510314942,3.6873580325733535,3.8629465103149414,362000,0.0,0.0
1987-11-18,3.8629460819696977,3.9214755680601474,3.453239679336548,3.453239679336548,1240400,0.0,0.0
1987-11-19,3.453239324930552,3.4825040649723364,3.1605919245127088,3.2483861446380615,1291200,0.0,0.0
1987-11-20,3.2191216845472317,3.4825043678283687,3.1313274567868525,3.482504367828369,532400,0.0,0.0
1987-11-23,3.3947094409696517,3.6288273334503174,3.3947094409696517,3.6288273334503174,153200,0.0,0.0
1987-11-24,3.6873573442784755,3.6873573442784755,3.5117688993128335,3.5995631217956543,458000,0.0,0.0
1987-11-25,3.5702982981999716,3.5702982981999716,3.3947098573048913,3.5117688179016113,811200,0.0,0.0
1987-11-27,3.4532393376032515,3.5410335580507915,3.4239745974540714,3.5117688179016113,740000,0.0,0.0
1987-11-30,3.453239625241576,3.4825043678283687,3.189856941960439,3.482504367828369,209200,0.0,0.0
1987-12-01,3.423975286812618,3.5117695249360183,3.3947105407714844,3.3947105407714844,494000,0.0,0.0
1987-12-02,3.3947105407714844,3.4532400328537514,3.3947105407714844,3.3947105407714844,348800,0.0,0.0
1987-12-03,3.4532393376032515,3.687357258796692,3.3947098573048913,3.5117688179016113,1130000,0.0,0.0
1987-12-04,3.453239679336548,3.5702986515174477,3.423974936291323,3.453239679336548,333600,0.0,0.0
1987-12-07,3.5117691654269976,3.5117691654269976,3.3947101932460977,3.453239679336548,230000,0.0,0.0
1987-12-08,3.4532392706189836,3.687357187271118,3.4532392706189836,3.687357187271118,206400,0.0,0.0
1987-12-09,3.6288284004711713,3.6288284004711713,3.5117694198108107,3.570298910140991,326800,0.0,0.0
1987-12-10,3.5702990170182853,3.5702990170182853,3.3947105407714844,3.3947105407714844,505200,0.0,0.0
1987-12-11,3.4532400328537514,3.5117695249360183,3.3361810486892174,3.3947105407714844,108800,0.0,0.0
1987-12-14,3.482504358515144,3.8044165261089806,3.453239616006613,3.745887041091919,832000,0.0,0.0
1987-12-15,3.8044165261089806,3.921475496143103,3.687357556074858,3.745887041091919,540800,0.0,0.0
1987-12-16,3.7458880880604624,4.1263298470041025,3.7458880880604624,4.0385355949401855,752800,0.0,0.0
1987-12-17,4.0970644806370595,4.155593973217589,3.833681764024677,3.8629465103149414,1006000,0.0,0.0
1987-12-18,3.921475887298584,3.921475887298584,3.7458874147329757,3.921475887298584,534400,0.0,0.0
1987-12-21,3.9214749838176526,3.9214749838176526,3.804416029076827,3.8922102451324463,1508400,0.0,0.0
1987-12-22,3.9214749838176526,3.9214749838176526,3.7751512903916207,3.8922102451324463,632000,0.0,0.0
1987-12-23,3.8336823401243794,4.0385355949401855,3.8336823401243794,4.0385355949401855,499200,0.0,0.0
1987-12-24,3.980006093564241,4.0385355949401855,3.980006093564241,4.0385355949401855,239200,0.0,0.0
1987-12-28,3.9214748354519116,3.98000431060791,3.892210097873912,3.98000431060791,834800,0.0,0.0
1987-12-29,3.9214756305401144,3.9214756305401144,3.6873576824481673,3.8044166564941406,283200,0.0,0.0
1987-12-30,3.804417017734412,3.9800054954760005,3.7751522714441474,3.8629465103149414,850000,0.0,0.0
1987-12-31,3.8044167119403216,3.8922109437543293,3.7458872240643166,3.7751519680023193,362000,0.0,0.0
1988-01-04,3.8336806227179134,4.009269048185909,3.8336806227179134,3.98000431060791,234000,0.0,0.0
1988-01-05,3.9214748354519116,4.155592736075906,3.9214748354519116,3.98000431060791,592800,0.0,0.0
1988-01-06,4.038535417431462,4.038535417431462,3.892211670423076,4.009270668029785,239600,0.0,0.0
1988-01-07,4.009269048185909,4.038533785763909,3.9214748354519116,3.98000431060791,716800,0.0,0.0
1988-01-08,4.038534466177225,4.038534466177225,3.6580928135663275,3.745887041091919,716000,0.0,0.0
1988-01-11,3.6873576619983774,3.6873576619983774,3.1605922817128946,3.3069159984588623,2851600,0.0,0.0
1988-01-12,3.306915287618284,3.306915287618284,3.072797391149733,3.1605916023254395,1248800,0.0,0.0
1988-01-13,3.1605928545800324,3.189857603233551,3.072798608619476,3.1313281059265137,622800,0.0,0.0
1988-01-14,3.219121076442577,3.219121076442577,3.1313268652668707,3.1605916023254395,309200,0.0,0.0
1988-01-15,3.2191212177276607,3.3069154327565973,3.1605917410417033,3.219121217727661,914800,0.0,0.0
1988-01-18,3.1605916449001854,3.2776505947113033,3.1020621699946265,3.2776505947113037,124400,0.0,0.0
1988-01-19,3.189857603233551,3.189857603233551,3.1313281059265132,3.1313281059265137,169600,0.0,0.0
1988-01-20,3.1605921633103313,3.1605921633103313,2.9264742252873437,2.985003709793091,842000,0.0,0.0
1988-01-21,2.9850031366715064,3.043532609939575,2.9264736634034376,3.043532609939575,188400,0.0,0.0
1988-01-22,3.1020627021789546,3.1313274446523414,3.043533217232182,3.102062702178955,581600,0.0,0.0
1988-01-25,3.1313281059265132,3.1605928545800324,3.072798608619476,3.1313281059265137,232000,0.0,0.0
1988-01-26,3.1020626234776767,3.1020626234776767,2.985003656553991,3.014268398284912,976800,0.0,0.0
1988-01-27,3.102062083207644,3.131326819841678,3.043532609939575,3.043532609939575,167600,0.0,0.0
1988-01-28,3.043532609939575,3.102062083207644,2.9557384000374722,3.043532609939575,260800,0.0,0.0
1988-01-29,3.0727977445810146,3.0727977445810146,2.9264740424581093,2.9557387828826904,300000,0.0,0.0
1988-02-01,2.92647401082147,2.9850034910378995,2.8094150503886115,2.838679790496826,370800,0.0,0.0
1988-02-02,2.8972089267694034,3.043532609939575,2.8386794535013347,3.043532609939575,880400,0.0,0.0
1988-02-03,3.014268452045964,3.0435331942988375,2.9557389675402175,2.985003709793091,876400,0.0,0.0
1988-02-04,2.9557384000374722,3.043532609939575,2.9557384000374722,3.043532609939575,151200,0.0,0.0
1988-02-05,3.043533140015834,3.043533140015834,2.9557389148230695,3.014268398284912,855200,0.0,0.0
1988-02-08,2.9557387828826904,2.9850035233072716,2.897209302033528,2.9557387828826904,353600,0.0,0.0
1988-02-09,2.9557389148230695,3.1020626234776767,2.9557389148230695,3.014268398284912,1348400,0.0,0.0
1988-02-10,3.014268547023108,3.189857006072998,2.9850038038481266,3.189857006072998,787200,0.0,0.0
1988-02-11,3.2191210297437816,3.2191210297437816,3.014267873305541,3.043532609939575,836000,0.0,0.0
1988-02-12,3.0435335540771487,3.0435335540771487,2.9264745712280273,2.9264745712280273,3743200,0.0,0.0
1988-02-16,2.9850031366715064,3.102062083207644,2.9264736634034376,3.043532609939575,805600,0.0,0.0
1988-02-17,3.102062776548053,3.2483864924229615,3.102062776548053,3.189857006072998,329600,0.0,0.0
1988-02-18,3.2483861446380615,3.3361803647634147,3.2191214045962773,3.2483861446380615,906800,0.0,0.0
1988-02-19,3.2191212177276607,3.2483859560706394,3.189856479384682,3.219121217727661,271200,0.0,0.0
1988-02-22,3.18985731848355,3.423975286812618,3.18985731848355,3.3947105407714844,1716400,0.0,0.0
1988-02-23,3.3947100109524198,3.4825042353736033,3.3947100109524198,3.4239747524261475,1029600,0.0,0.0
1988-02-24,3.4825040777524316,3.658092518647512,3.4532393376032515,3.5117688179016113,1428000,0.0,0.0
1988-02-25,3.4532393579897676,3.570298319277556,3.3069156563800313,3.365445137023926,761200,0.0,0.0
1988-02-26,3.423974752426148,3.423974752426148,3.365445269478692,3.4239747524261475,147200,0.0,0.0
1988-02-29,3.4532393579897676,3.4532393579897676,3.3069156563800313,3.365445137023926,201200,0.0,0.0
1988-03-01,3.3947105407714844,3.4532400328537514,3.3361810486892174,3.3947105407714844,633600,0.0,0.0
1988-03-02,3.3947101932460977,3.453239679336548,3.306915964110423,3.453239679336548,362800,0.0,0.0
1988-03-03,3.628827778498332,3.628827778498332,3.5117688179016113,3.5117688179016113,865200,0.0,0.0
1988-03-04,3.5702978603301507,3.6580920700104005,3.5702978603301507,3.6288273334503174,1029600,0.0,0.0
1988-03-07,3.5995636117739935,3.8044168254521886,3.5995636117739935,3.7166225910186768,1040400,0.0,0.0
1988-03-08,3.7458872240643166,3.8922109437543293,3.7458872240643166,3.7751519680023193,1456800,0.0,0.0
1988-03-09,3.7751519129826474,3.8336814000056343,3.745887169471154,3.8044166564941406,436800,0.0,0.0
1988-03-10,3.8629461435171275,4.0092698610745945,3.804416656494141,3.8044166564941406,1286800,0.0,0.0
1988-03-11,3.8044167119403216,3.8044167119403216,3.687357736188312,3.7751519680023193,617200,0.0,0.0
1988-03-14,3.6873576824481673,3.804416656494141,3.6873576824481673,3.8044166564941406,176800,0.0,0.0
1988-03-15,3.804416145597185,3.804416145597185,3.687357187271118,3.687357187271118,300400,0.0,0.0
1988-03-16,3.6873574790954593,3.6873574790954593,3.5702985115051273,3.658092737197876,742800,0.0,0.0
1988-03-17,3.7166224801263144,3.8044167119403216,3.6580929922503094,3.7751519680023193,326000,0.0,0.0
1988-03-18,3.687357846207506,3.8044168254521886,3.658093101396335,3.7166225910186768,497600,0.0,0.0
1988-03-21,3.7166225910186763,3.7166225910186763,3.5995636117739935,3.7166225910186768,127200,0.0,0.0
1988-03-22,3.716621926852635,3.716621926852635,3.687357187271118,3.687357187271118,248000,0.0,0.0
1988-03-23,3.745886666434152,3.833680885178702,3.6580924476896013,3.687357187271118,238000,0.0,0.0
1988-03-24,3.6288279698899957,3.6288279698899957,3.5117690031193507,3.5410337448120117,222800,0.0,0.0
1988-03-25,3.5410335580507915,3.5995630383491517,3.4825040777524316,3.5117688179016113,456800,0.0,0.0
1988-03-28,3.4825042614266892,3.5410337448120117,3.4825042614266892,3.5410337448120117,762000,0.0,0.0
1988-03-29,3.628827778498332,3.628827778498332,3.5117688179016113,3.5117688179016113,249200,0.0,0.0
1988-03-30,3.5410335580507915,3.5702982981999716,3.4825040777524316,3.5117688179016113,501600,0.0,0.0
1988-03-31,3.5117691010236745,3.77515178360045,3.5117691010236745,3.745887041091919,912400,0.0,0.0
1988-04-04,3.6580927371978764,3.716622220993042,3.59956325340271,3.658092737197876,206000,0.0,0.0
1988-04-05,3.687357187271118,3.687357187271118,3.6288277081080844,3.687357187271118,230800,0.0,0.0
1988-04-06,3.628828071057797,3.7458870410919194,3.5995633285492663,3.745887041091919,756000,0.0,0.0
1988-04-07,3.745886666434152,3.745886666434152,3.6580924476896013,3.687357187271118,162400,0.0,0.0
1988-04-08,3.7166222985833888,3.862946011126042,3.6580928135663275,3.745887041091919,397600,0.0,0.0
1988-04-11,3.862945607600321,3.862945607600321,3.804416128697286,3.8336808681488037,191600,0.0,0.0
1988-04-12,3.8629461435171275,3.892210887028621,3.7166224259596605,3.8044166564941406,75600,0.0,0.0
1988-04-13,3.804416656494141,3.8336814000056343,3.745887169471154,3.8044166564941406,106800,0.0,0.0
1988-04-14,3.7458862796906502,3.7458862796906502,3.5410331237700676,3.6288273334503174,321200,0.0,0.0
1988-04-15,3.541033853001955,3.541033853001955,3.39471014006799,3.482504367828369,1172400,0.0,0.0
1988-04-18,3.4239747780413667,3.5410337448120117,3.4239747780413667,3.5410337448120117,429600,0.0,0.0
1988-04-19,3.5117688993128335,3.6288278626232615,3.5117688993128335,3.5995631217956543,203600,0.0,0.0
1988-04-20,3.5702982981999716,3.5702982981999716,3.5117688179016113,3.5117688179016113,865600,0.0,0.0
1988-04-21,3.5117688993128335,3.6288278626232615,3.5117688993128335,3.5995631217956543,765600,0.0,0.0
1988-04-22,3.6580927371978764,3.6580927371978764,3.541033769607544,3.658092737197876,422400,0.0,0.0
1988-04-25,3.687357187271118,3.716621926852635,3.6580924476896013,3.687357187271118,413200,0.0,0.0
1988-04-26,3.687357187271118,3.745886666434152,3.687357187271118,3.687357187271118,231600,0.0,0.0
1988-04-27,3.716622778863618,3.862946510314942,3.6873580325733535,3.8629465103149414,348800,0.0,0.0
1988-04-28,3.892211670423076,4.038535417431462,3.8629469210213987,4.009270668029785,836400,0.0,0.0
1988-04-29,3.950739722502859,3.950739722502859,3.86294550644724,3.8922102451324463,635600,0.0,0.0
1988-05-02,3.8922102451324463,3.9214749838176526,3.8922102451324463,3.8922102451324463,191200,0.0,0.0
1988-05-03,3.950739722502859,3.980004461188065,3.8336807677620333,3.8922102451324463,209600,0.0,0.0
1988-05-04,3.862945624760219,3.862945624760219,3.6288277081080844,3.687357187271118,318400,0.0,0.0
1988-05-05,3.716621926852635,3.716621926852635,3.6580924476896013,3.687357187271118,62400,0.0,0.0
1988-05-06,3.6580926034508683,3.7166220851060823,3.5117688993128335,3.5995631217956543,247200,0.0,0.0
1988-05-09,3.5117688179016113,3.5995630383491517,3.4532393376032515,3.5117688179016113,258400,0.0,0.0
1988-05-10,3.5117688179016113,3.5702982981999716,3.4825040777524316,3.5117688179016113,468400,0.0,0.0
1988-05-11,3.4532393376032515,3.5117688179016113,3.3947098573048913,3.5117688179016113,358000,0.0,0.0
1988-05-12,3.453238914089818,3.6288273334503174,3.453238914089818,3.6288273334503174,436800,0.0,0.0
1988-05-13,3.6580927371978764,3.716622220993042,3.5702985115051273,3.658092737197876,173200,0.0,0.0
1988-05-16,3.6873574790954593,3.6873574790954593,3.541033769607544,3.658092737197876,50000,0.0,0.0
1988-05-17,3.7166220851060823,3.7166220851060823,3.5995631217956543,3.5995631217956543,156000,0.0,0.0
1988-05-18,3.5702986515174477,3.5702986515174477,3.423974936291323,3.453239679336548,648800,0.0,0.0
1988-05-19,3.4532393376032515,3.5117688179016113,3.4532393376032515,3.5117688179016113,80000,0.0,0.0
1988-05-20,3.570298595588748,3.570298595588748,3.4825043678283687,3.482504367828369,114000,0.0,0.0
1988-05-23,3.4825046746457207,3.570298910140991,3.4532399294806306,3.570298910140991,51200,0.0,0.0
1988-05-24,3.5117694198108107,3.570298910140991,3.4825046746457207,3.570298910140991,182800,0.0,0.0
1988-05-25,3.570298486504673,3.599563228197334,3.4825042614266892,3.5410337448120117,92800,0.0,0.0
1988-05-26,3.5117690031193507,3.570298486504673,3.4825042614266892,3.5410337448120117,109600,0.0,0.0
1988-05-27,3.541033853001955,3.541033853001955,3.453239625241576,3.482504367828369,14800,0.0,0.0
1988-05-31,3.5117694198108107,3.570298910140991,3.5117694198108107,3.570298910140991,228000,0.0,0.0
1988-06-01,3.628828248312307,3.8336814558783243,3.570298760436302,3.7751519680023193,390400,0.0,0.0
1988-06-02,3.833681570263359,3.833681570263359,3.658093101396335,3.7166225910186768,142800,0.0,0.0
1988-06-03,3.775151406015669,3.775151406015669,3.6288277081080844,3.687357187271118,136800,0.0,0.0
1988-06-06,3.6288277081080844,3.687357187271118,3.6288277081080844,3.687357187271118,54800,0.0,0.0
1988-06-07,3.687357187271118,3.716621926852635,3.6288277081080844,3.687357187271118,1832400,0.0,0.0
1988-06-08,3.7166222985833888,3.8336812686175112,3.7166222985833888,3.745887041091919,644400,0.0,0.0
1988-06-09,3.775151389245768,3.8922103470518383,3.7458866497942505,3.8336808681488037,552400,0.0,0.0
1988-06-10,3.8336808681488033,3.8922103470518383,3.804416128697286,3.8336808681488037,234800,0.0,0.0
1988-06-13,3.8044168254521886,3.86294631507453,3.7166225910186763,3.7166225910186768,173600,0.0,0.0
1988-06-14,3.7166224259596605,3.8336814000056343,3.7166224259596605,3.8044166564941406,416800,0.0,0.0
1988-06-15,3.7458873358298472,3.7751520806410177,3.7166225910186763,3.7166225910186768,104000,0.0,0.0
1988-06-16,3.7751519680023193,3.7751519680023193,3.7166224801263144,3.7751519680023193,54800,0.0,0.0
1988-06-17,3.7751510162507333,3.7751510162507333,3.6288273334503174,3.6288273334503174,142800,0.0,0.0
1988-06-20,3.5995630383491517,3.628827778498332,3.5117688179016113,3.5117688179016113,536400,0.0,0.0
1988-06-21,3.5995629685265675,3.687357187271118,3.570298228945051,3.687357187271118,160400,0.0,0.0
1988-06-22,3.745887525153883,3.921476002895471,3.716622778863618,3.8629465103149414,1088400,0.0,0.0
1988-06-23,3.804416029076827,3.980004461188065,3.804416029076827,3.8922102451324463,652000,0.0,0.0
1988-06-24,3.8629463964433812,3.921475887298584,3.8044169055881785,3.921475887298584,746800,0.0,0.0
1988-06-27,3.8922103470518383,3.8922103470518383,3.8336808681488033,3.8336808681488037,266400,0.0,0.0
1988-06-28,3.8336807677620333,3.8922102451324463,3.7458865517064144,3.8922102451324463,424400,0.0,0.0
1988-06-29,3.9214772217565304,4.097065754073987,3.9214772217565304,4.067800998687744,548000,0.0,0.0
1988-06-30,4.009270894611981,4.155594649889791,4.009270894611981,4.1263298988342285,730800,0.0,0.0
1988-07-01,4.126329665636494,4.126329665636494,3.9800059186281076,4.009270668029785,238800,0.0,0.0
1988-07-05,4.038535417431462,4.038535417431462,3.9214764198247534,4.009270668029785,128400,0.0,0.0
1988-07-06,3.9800054954760005,4.009270241766266,3.862946510314942,3.8629465103149414,777200,0.0,0.0
1988-07-07,3.833681764024677,3.862946510314942,3.745887525153883,3.8629465103149414,849600,0.0,0.0
1988-07-08,3.804416128697286,3.8922103470518383,3.804416128697286,3.8336808681488037,116000,0.0,0.0
1988-07-11,3.833680885178702,3.9214751039232527,3.6580924476896013,3.687357187271118,561600,0.0,0.0
1988-07-12,3.687357846207506,3.7166225910186763,3.687357846207506,3.7166225910186768,116800,0.0,0.0
1988-07-13,3.7166225910186763,3.7458873358298472,3.658093101396335,3.7166225910186768,246800,0.0,0.0
1988-07-14,3.7458873358298472,3.7458873358298472,3.7166225910186763,3.7166225910186768,332800,0.0,0.0
1988-07-15,3.8336814000056343,3.8629461435171275,3.7751519129826474,3.8044166564941406,333600,0.0,0.0
1988-07-18,3.8044168254521886,3.8044168254521886,3.687357846207506,3.7166225910186768,293600,0.0,0.0
1988-07-19,3.6580928135663275,3.77515178360045,3.6580928135663275,3.745887041091919,610800,0.0,0.0
1988-07-20,3.804416128697286,3.8336808681488033,3.716621910342733,3.8336808681488037,106000,0.0,0.0
1988-07-21,3.8044165261089806,3.8044165261089806,3.7166222985833888,3.745887041091919,220800,0.0,0.0
1988-07-22,3.6873576824481673,3.804416656494141,3.6873576824481673,3.8044166564941406,329600,0.0,0.0
1988-07-25,3.8044167119403216,3.8044167119403216,3.7166224801263144,3.7751519680023193,216400,0.0,0.0
1988-07-26,3.7458865517064144,3.950739722502859,3.7458865517064144,3.8922102451324463,204000,0.0,0.0
1988-07-27,3.9507411692264305,4.009270668029785,3.892211670423076,4.009270668029785,1338800,0.0,0.0
1988-07-28,3.9800058011655457,3.9800058011655457,3.8629468070136177,3.9507410526275635,584000,0.0,0.0
1988-07-29,3.9507410526275635,4.009270549703528,3.9214763040895817,3.9507410526275635,1272000,0.0,0.0
1988-08-01,3.9507410526275635,4.009270549703528,3.9214763040895817,3.9507410526275635,178000,0.0,0.0
1988-08-02,4.009270549703528,4.009270549703528,3.8922115555516,3.9507410526275635,241600,0.0,0.0
1988-08-03,3.950740749185736,3.950740749185736,3.804417017734412,3.8629465103149414,67200,0.0,0.0
1988-08-04,3.921475086503356,3.921475086503356,3.804416128697286,3.8336808681488037,61600,0.0,0.0
1988-08-05,3.8336808681488033,3.8336808681488033,3.804416128697286,3.8336808681488037,70800,0.0,0.0
1988-08-08,3.8922112566052065,3.921476002895471,3.804417017734412,3.8629465103149414,111600,0.0,0.0
1988-08-09,3.8044165261089806,3.8044165261089806,3.7458870410919194,3.745887041091919,187600,0.0,0.0
1988-08-10,3.687357187271118,3.716621926852635,3.5995629685265675,3.687357187271118,290000,0.0,0.0
1988-08-11,3.6580927371978764,3.6580927371978764,3.5702985115051273,3.658092737197876,274000,0.0,0.0
1988-08-12,3.6288273334503174,3.6580920700104005,3.6288273334503174,3.6288273334503174,66000,0.0,0.0
1988-08-15,3.5995630383491517,3.5995630383491517,3.4825040777524316,3.5117688179016113,220000,0.0,0.0
1988-08-16,3.570298910140991,3.570298910140991,3.4532399294806306,3.570298910140991,116400,0.0,0.0
1988-08-17,3.5410335580507915,3.5995630383491517,3.5117688179016113,3.5117688179016113,547600,0.0,0.0
1988-08-18,3.5117694198108107,3.570298910140991,3.5117694198108107,3.570298910140991,14800,0.0,0.0
1988-08-19,3.5410341649759007,3.570298910140991,3.5410341649759007,3.570298910140991,109200,0.0,0.0
1988-08-22,3.5702982981999716,3.5702982981999716,3.5117688179016113,3.5117688179016113,283600,0.0,0.0
1988-08-23,3.5117690031193507,3.5410337448120117,3.5117690031193507,3.5410337448120117,152800,0.0,0.0
1988-08-24,3.570298486504673,3.599563228197334,3.5410337448120117,3.5410337448120117,340400,0.0,0.0
1988-08-25,3.5117694198108107,3.570298910140991,3.5117694198108107,3.570298910140991,270400,0.0,0.0
1988-08-26,3.5117694198108107,3.570298910140991,3.5117694198108107,3.570298910140991,35600,0.0,0.0
1988-08-29,3.570298228945051,3.687357187271118,3.5410334893635342,3.687357187271118,156000,0.0,0.0
1988-08-30,3.7166225910186763,3.7166225910186763,3.6288283565851644,3.7166225910186768,209600,0.0,0.0
1988-08-31,3.716622220993042,3.7458869628906255,3.6580927371978764,3.658092737197876,110000,0.0,0.0
1988-09-01,3.5995631217956543,3.5995631217956543,3.5410336401404408,3.5995631217956543,307600,0.0,0.0
1988-09-02,3.570298910140991,3.570298910140991,3.4825046746457207,3.570298910140991,562800,0.0,0.0
1988-09-06,3.5117690031193507,3.570298486504673,3.5117690031193507,3.5410337448120117,74000,0.0,0.0
1988-09-07,3.541033908472223,3.541033908472223,3.453239679336548,3.453239679336548,358800,0.0,0.0
1988-09-08,3.453239679336548,3.4825044223817727,3.423974936291323,3.453239679336548,172400,0.0,0.0
1988-09-09,3.423974936291323,3.5117691654269976,3.365445450200873,3.453239679336548,754400,0.0,0.0
1988-09-12,3.3947100109524198,3.4825042353736033,3.3361805280049643,3.4239747524261475,146800,0.0,0.0
1988-09-13,3.3947100109524198,3.423974752426148,3.2191215621100535,3.4239747524261475,316800,0.0,0.0
1988-09-14,3.3654453974811966,3.5995633381755407,3.3654453974811966,3.482504367828369,226400,0.0,0.0
1988-09-15,3.5410337448120117,3.6288279698899957,3.5410337448120117,3.5410337448120117,136400,0.0,0.0
1988-09-16,3.5410336401404408,3.5995631217956543,3.5117688993128335,3.5995631217956543,114800,0.0,0.0
1988-09-19,3.5117688179016113,3.5702982981999716,3.4825040777524316,3.5117688179016113,98400,0.0,0.0
1988-09-20,3.5117688179016113,3.5410335580507915,3.4825040777524316,3.5117688179016113,90000,0.0,0.0
1988-09-21,3.453239679336548,3.4825044223817727,3.453239679336548,3.453239679336548,108400,0.0,0.0
1988-09-22,3.453239679336548,3.453239679336548,3.423974936291323,3.453239679336548,198000,0.0,0.0
1988-09-23,3.4825043678283687,3.4825043678283687,3.423974882654783,3.482504367828369,84000,0.0,0.0
1988-09-26,3.453239625241576,3.4825043678283687,3.423974882654783,3.482504367828369,48000,0.0,0.0
1988-09-27,3.4825042353736033,3.4825042353736033,3.3947100109524198,3.4239747524261475,174800,0.0,0.0
1988-09-28,3.3654449487987317,3.394709687483938,3.3361802101135254,3.3361802101135254,164800,0.0,0.0
1988-09-29,3.3361810486892174,3.3947105407714844,3.2776515566069504,3.3947105407714844,154800,0.0,0.0
1988-09-30,3.394709877345873,3.394709877345873,3.3069156563800313,3.365445137023926,156000,0.0,0.0
1988-10-03,3.277651235597943,3.3069159787729245,3.131327519723035,3.189857006072998,230000,0.0,0.0
1988-10-04,3.1605916449001854,3.306915332164083,3.1605916449001854,3.2776505947113037,684800,0.0,0.0
1988-10-05,3.2776505947113033,3.2776505947113033,3.2191211198057443,3.2776505947113037,44400,0.0,0.0
1988-10-06,3.2191217492479796,3.2483864924229615,3.1605922628980165,3.189857006072998,29200,0.0,0.0
1988-10-07,3.2483861446380615,3.2776508846798458,3.189856664554493,3.2483861446380615,82400,0.0,0.0
1988-10-10,3.277650694413618,3.277650694413618,3.189856479384682,3.219121217727661,111600,0.0,0.0
1988-10-11,3.131327519723035,3.2483864924229615,3.131327519723035,3.189857006072998,189600,0.0,0.0
1988-10-12,3.189856479384682,3.3947096477855334,3.1605917410417033,3.219121217727661,816000,0.0,0.0
1988-10-13,3.1898563393840083,3.2483858135011463,3.1605916023254395,3.1605916023254395,189200,0.0,0.0
1988-10-14,3.1605916023254395,3.2483858135011463,3.1605916023254395,3.1605916023254395,191600,0.0,0.0
1988-10-17,3.2483859560706394,3.3069154327565973,3.189856479384682,3.219121217727661,1113200,0.0,0.0
1988-10-18,3.2191214045962773,3.2483861446380615,3.189856664554493,3.2483861446380615,156400,0.0,0.0
1988-10-19,3.277650550559715,3.277650550559715,3.1605916023254395,3.1605916023254395,261600,0.0,0.0
1988-10-20,3.2191211198057443,3.2776505947113033,3.189856382352965,3.2776505947113037,273200,0.0,0.0
1988-10-21,3.189856382352965,3.2776505947113033,3.189856382352965,3.2776505947113037,108400,0.0,0.0
1988-10-24,3.2483864924229615,3.2483864924229615,3.1605922628980165,3.189857006072998,261600,0.0,0.0
1988-10-25,3.2191211198057443,3.2776505947113033,3.1605916449001854,3.2776505947113037,109600,0.0,0.0
1988-10-26,3.277651235597943,3.277651235597943,3.1605922628980165,3.189857006072998,188000,0.0,0.0
1988-10-27,3.1898563393840083,3.1898563393840083,3.1313268652668707,3.1605916023254395,264000,0.0,0.0
1988-10-28,3.1605915564757128,3.1605915564757128,3.043532609939575,3.043532609939575,343200,0.0,0.0
1988-10-31,3.0727979597055683,3.1605921871257276,3.043533217232182,3.102062702178955,433600,0.0,0.0
1988-11-01,3.043533140015834,3.043533140015834,2.8972094313612264,3.014268398284912,956000,0.0,0.0
1988-11-02,3.0142683982849126,3.043533140015834,2.9557389148230695,3.014268398284912,529200,0.0,0.0
1988-11-03,2.9850035531180246,3.1313272567022414,2.9850035531180246,3.0727977752685547,996400,0.0,0.0
1988-11-04,3.0142683982849126,3.043533140015834,2.985003656553991,3.014268398284912,204000,0.0,0.0
1988-11-07,3.0142688083648683,3.0142688083648683,2.897209825515747,2.9264745712280273,199600,0.0,0.0
1988-11-08,2.926474071684338,3.0727977752685547,2.867944590250651,3.0727977752685547,207600,0.0,0.0
1988-11-09,3.0435335540771487,3.0435335540771487,2.9264745712280273,2.9264745712280273,58000,0.0,0.0
1988-11-10,2.9557391320816193,2.9557391320816193,2.8386801565536346,2.897209644317627,121600,0.0,0.0
1988-11-11,2.8679449004356306,2.926474388199623,2.8679449004356306,2.897209644317627,96400,0.0,0.0
1988-11-14,2.8972092707132555,2.92647401082147,2.8094150503886115,2.838679790496826,151600,0.0,0.0
1988-11-15,2.838679790496826,2.8972092707132555,2.838679790496826,2.838679790496826,90400,0.0,0.0
1988-11-16,2.838680083552996,2.838680083552996,2.809415340423584,2.809415340423584,380800,0.0,0.0
1988-11-17,2.8094150503886115,2.838679790496826,2.780150310280397,2.838679790496826,204000,0.0,0.0
1988-11-18,2.838680083552996,2.838680083552996,2.750885854164759,2.809415340423584,235600,0.0,0.0
1988-11-21,2.7801503305849824,2.7801503305849824,2.633826628975246,2.6923561096191406,526800,0.0,0.0
1988-11-22,2.663091698358225,2.692356442296228,2.48750323473021,2.516767978668213,581200,0.0,0.0
1988-11-23,2.5460325600056164,2.6630915282817367,2.5460325600056164,2.6045620441436768,856400,0.0,0.0
1988-11-25,2.546032722606215,2.60456221048222,2.516767978668213,2.516767978668213,315200,0.0,0.0
1988-11-28,2.5460326129739936,2.575297355651856,2.5460326129739936,2.5752973556518555,114000,0.0,0.0
1988-11-29,2.516767216824937,2.633826157142376,2.516767216824937,2.546031951904297,602800,0.0,0.0
1988-11-30,2.5752978901286703,2.6923568851345188,2.5752978901286703,2.6630921363830566,426000,0.0,0.0
1988-12-01,2.6630921363830566,2.7801511313889056,2.6338273876315945,2.6630921363830566,1335600,0.0,0.0
1988-12-02,2.6045618886532993,2.721620849941088,2.6045618886532993,2.6923561096191406,189200,0.0,0.0
1988-12-05,2.721621012419797,2.809415238626887,2.6045620441436768,2.6045620441436768,818000,0.0,0.0
1988-12-06,2.633826786212707,2.692356270350767,2.6045620441436768,2.6045620441436768,296400,0.0,0.0
1988-12-07,2.6045620983297177,2.6045620983297177,2.5460326129739936,2.5752973556518555,740800,0.0,0.0
1988-12-08,2.5460322777430218,2.633826494216919,2.5460322777430218,2.633826494216919,132400,0.0,0.0
1988-12-09,2.6338268410075796,2.663091583685442,2.575297355651856,2.5752973556518555,138800,0.0,0.0
1988-12-12,2.6045620441436768,2.633826786212707,2.5752973020746466,2.6045620441436768,149600,0.0,0.0
1988-12-13,2.575297355651856,2.575297355651856,2.5460326129739936,2.5752973556518555,109200,0.0,0.0
1988-12-14,2.5167675523196946,2.575297030280618,2.4875028133392334,2.4875028133392334,460800,0.0,0.0
1988-12-15,2.5460325600056164,2.633826786212707,2.5167678179365867,2.6045620441436768,578400,0.0,0.0
1988-12-16,2.6630913692971934,2.721620849941088,2.6045618886532993,2.6923561096191406,623200,0.0,0.0
1988-12-19,2.721620747383605,2.7508854866027836,2.663091268945248,2.750885486602783,476800,0.0,0.0
1988-12-20,2.7508854495154487,2.7508854495154487,2.6045617553922864,2.633826494216919,453200,0.0,0.0
1988-12-21,2.6045620441436768,2.633826786212707,2.5752973020746466,2.6045620441436768,252400,0.0,0.0
1988-12-22,2.6630912330415515,2.6630912330415515,2.575297016567654,2.633826494216919,241600,0.0,0.0
1988-12-23,2.6630921363830566,2.6923568851345188,2.6045626388801324,2.6630921363830566,181600,0.0,0.0
1988-12-27,2.692356008164426,2.838679704260319,2.692356008164426,2.750885486602783,796400,0.0,0.0
1988-12-28,2.7508848346009547,2.897208496015899,2.7508848346009547,2.86794376373291,455200,0.0,0.0
1988-12-29,2.8386801565536346,2.897209644317627,2.8386801565536346,2.897209644317627,239600,0.0,0.0
1988-12-30,2.838679704260319,2.838679704260319,2.7508854866027836,2.750885486602783,601600,0.0,0.0
1989-01-03,2.750885570172182,2.838679790496826,2.750885570172182,2.838679790496826,552000,0.0,0.0
1989-01-04,2.8679449004356306,2.897209644317627,2.8386801565536346,2.897209644317627,235600,0.0,0.0
1989-01-05,2.8972094313612264,3.043533140015834,2.8972094313612264,3.014268398284912,1062400,0.0,0.0
1989-01-06,3.0435331942988375,3.131327421057458,2.985003709793091,2.985003709793091,343600,0.0,0.0
1989-01-09,2.985003709793091,3.014268452045964,2.9557389675402175,2.985003709793091,230000,0.0,0.0
1989-01-10,2.9557387828826904,2.9557387828826904,2.897209302033528,2.9557387828826904,131600,0.0,0.0
1989-01-11,2.9557387828826904,2.9850035233072716,2.9264740424581093,2.9557387828826904,292400,0.0,0.0
1989-01-12,2.985003656553991,3.0142683982849126,2.985003656553991,3.014268398284912,176000,0.0,0.0
1989-01-13,2.9557389675402175,3.014268452045964,2.9264742252873437,2.985003709793091,195600,0.0,0.0
1989-01-16,2.985003656553991,3.043533140015834,2.985003656553991,3.014268398284912,412400,0.0,0.0
1989-01-17,2.985003709793091,3.014268452045964,2.9557389675402175,2.985003709793091,181600,0.0,0.0
1989-01-18,2.9557393169403077,2.985004062652588,2.9264745712280273,2.9264745712280273,225600,0.0,0.0
1989-01-19,2.9557389675402175,3.014268452045964,2.9264742252873437,2.985003709793091,351200,0.0,0.0
1989-01-20,2.9850035233072716,3.0142682637318523,2.9557387828826904,2.9557387828826904,184400,0.0,0.0
1989-01-23,2.9557387828826904,2.9850035233072716,2.9557387828826904,2.9557387828826904,40400,0.0,0.0
1989-01-24,2.9557389675402175,3.014268452045964,2.9557389675402175,2.985003709793091,420000,0.0,0.0
1989-01-25,2.985003656553991,3.0142683982849126,2.985003656553991,3.014268398284912,63200,0.0,0.0
1989-01-26,3.0142680493268097,3.2191212177276607,2.985003310983831,3.219121217727661,577200,0.0,0.0
1989-01-27,3.0727977752685547,3.1313272567022414,3.0435330345517113,3.0727977752685547,313200,0.0,0.0
1989-01-30,3.102062128208302,3.219121076442577,3.102062128208302,3.1605916023254395,374800,0.0,0.0
1989-01-31,3.1605921871257276,3.1605921871257276,3.0727979597055683,3.102062702178955,428800,0.0,0.0
1989-02-01,3.072797881746755,3.1020626234776767,2.985003656553991,3.014268398284912,814000,0.0,0.0
1989-02-02,3.0142683982849126,3.043533140015834,3.0142683982849126,3.014268398284912,281600,0.0,0.0
1989-02-03,3.043533217232182,3.1020627021789546,3.014268474758796,3.102062702178955,538800,0.0,0.0
1989-02-06,3.072797881746755,3.1313273652085982,3.0142683982849126,3.014268398284912,265600,0.0,0.0
1989-02-07,3.0435338599659567,3.1313281059265132,3.0435338599659567,3.1313281059265137,346800,0.0,0.0
1989-02-08,3.1605921871257276,3.189856929599114,3.1020627021789546,3.102062702178955,334000,0.0,0.0
1989-02-09,3.0727979597055683,3.1313274446523414,3.0727979597055683,3.102062702178955,152000,0.0,0.0
1989-02-10,3.0727977752685547,3.102062515985398,3.0435330345517113,3.0727977752685547,97600,0.0,0.0
1989-02-13,3.043533140015834,3.072797881746755,3.0142683982849126,3.014268398284912,104400,0.0,0.0
1989-02-14,3.0142683982849126,3.072797881746755,3.0142683982849126,3.014268398284912,138800,0.0,0.0
1989-02-15,3.014267957636288,3.365444807069642,3.014267957636288,3.2776505947113037,494800,0.0,0.0
1989-02-16,3.277650550559715,3.277650550559715,3.102062128208302,3.1605916023254395,644000,0.0,0.0
1989-02-17,3.1898563393840083,3.1898563393840083,3.1313268652668707,3.1605916023254395,120800,0.0,0.0
1989-02-21,3.1020633572729945,3.1313281059265132,3.0435338599659567,3.1313281059265137,216800,0.0,0.0
1989-02-22,3.0727979597055683,3.1020627021789546,3.043533217232182,3.102062702178955,179200,0.0,0.0
1989-02-23,3.072797881746755,3.1020626234776767,3.0142683982849126,3.014268398284912,124800,0.0,0.0
1989-02-24,3.043532609939575,3.043532609939575,3.014267873305541,3.043532609939575,86400,0.0,0.0
1989-02-27,3.0435331942988375,3.0435331942988375,2.9264742252873437,2.985003709793091,70400,0.0,0.0
1989-02-28,2.985003709793091,2.985003709793091,2.9264742252873437,2.985003709793091,359600,0.0,0.0
1989-03-01,2.9557389675402175,2.985003709793091,2.9264742252873437,2.985003709793091,46000,0.0,0.0
1989-03-02,2.9850038759636157,2.9850038759636157,2.897209644317627,2.897209644317627,157600,0.0,0.0
1989-03-03,2.897209825515747,2.985004062652588,2.897209825515747,2.9264745712280273,814400,0.0,0.0
1989-03-06,2.9557389675402175,2.985003709793091,2.9264742252873437,2.985003709793091,100400,0.0,0.0
1989-03-07,2.9264740424581093,2.9850035233072716,2.9264740424581093,2.9557387828826904,264000,0.0,0.0
1989-03-08,2.9850038759636157,2.9850038759636157,2.897209644317627,2.897209644317627,43600,0.0,0.0
1989-03-09,2.9264745712280273,2.985004062652588,2.897209825515747,2.9264745712280273,290000,0.0,0.0
1989-03-10,2.926474388199623,2.926474388199623,2.8679449004356306,2.897209644317627,250400,0.0,0.0
1989-03-13,2.897209825515747,2.9557393169403077,2.897209825515747,2.9264745712280273,202000,0.0,0.0
1989-03-14,2.9850035233072716,2.9850035233072716,2.9264740424581093,2.9557387828826904,56000,0.0,0.0
1989-03-15,2.9264740424581093,2.9557387828826904,2.9264740424581093,2.9557387828826904,78000,0.0,0.0
1989-03-16,2.9557387828826904,2.9850035233072716,2.897209302033528,2.9557387828826904,191200,0.0,0.0
1989-03-17,2.926473228298888,2.926473228298888,2.86794376373291,2.86794376373291,134400,0.0,0.0
1989-03-20,2.867944530605041,2.8972092707132555,2.838679790496826,2.838679790496826,55200,0.0,0.0
1989-03-21,2.8679448266824084,2.897209569811821,2.809415340423584,2.809415340423584,134000,0.0,0.0
1989-03-22,2.8094149271647133,2.838679665989346,2.5167675389183892,2.633826494216919,928400,0.0,0.0
1989-03-23,2.6338273876315945,2.7216216338859813,2.6045626388801324,2.6630921363830566,510800,0.0,0.0
1989-03-27,2.663091268945248,2.7508854866027836,2.6338265297260692,2.750885486602783,177600,0.0,0.0
1989-03-28,2.721620747383605,2.780150225821962,2.692356008164426,2.750885486602783,314800,0.0,0.0
1989-03-29,2.721621036529541,2.7508857788578154,2.692356294201266,2.721621036529541,189200,0.0,0.0
1989-03-30,2.721621036529541,2.7508857788578154,2.692356294201266,2.721621036529541,104800,0.0,0.0
1989-03-31,2.721621036529541,2.721621036529541,2.692356294201266,2.721621036529541,128800,0.0,0.0
1989-04-03,2.721620747383605,2.8094149650411406,2.721620747383605,2.750885486602783,212000,0.0,0.0
1989-04-04,2.7508854866027836,2.780150225821962,2.721620747383605,2.750885486602783,15600,0.0,0.0
1989-04-05,2.721620747383605,2.780150225821962,2.692356008164426,2.750885486602783,367600,0.0,0.0
1989-04-06,2.721620849941088,2.750885590263035,2.6630913692971934,2.6923561096191406,281600,0.0,0.0
1989-04-07,2.6630915518729914,2.721621036529541,2.6630915518729914,2.721621036529541,421600,0.0,0.0
1989-04-10,2.692356294201266,2.7508857788578154,2.692356294201266,2.721621036529541,65600,0.0,0.0
1989-04-11,2.750886144136128,2.83868038277877,2.750886144136128,2.780150890350342,117200,0.0,0.0
1989-04-12,2.7801495668839435,2.9557379605818768,2.7508848346009547,2.86794376373291,473200,0.0,0.0
1989-04-13,2.867944561608947,2.9850035233072716,2.867944561608947,2.9557387828826904,310400,0.0,0.0
1989-04-14,2.9264740424581093,2.9850035233072716,2.897209302033528,2.9557387828826904,295600,0.0,0.0
1989-04-17,2.897209825515747,2.9557393169403077,2.8679450798034667,2.9264745712280273,146000,0.0,0.0
1989-04-18,2.985003709793091,3.014268452045964,2.9264742252873437,2.985003709793091,247200,0.0,0.0
1989-04-19,2.9557384000374722,3.043532609939575,2.9557384000374722,3.043532609939575,226800,0.0,0.0
1989-04-20,3.043533140015834,3.043533140015834,2.9557389148230695,3.014268398284912,45200,0.0,0.0
1989-04-21,2.9850035233072716,3.0142682637318523,2.9557387828826904,2.9557387828826904,117200,0.0,0.0
1989-04-24,2.9557389675402175,3.014268452045964,2.9557389675402175,2.985003709793091,205200,0.0,0.0
1989-04-25,2.985003656553991,3.0142683982849126,2.9557389148230695,3.014268398284912,175200,0.0,0.0
1989-04-26,3.0142683982849126,3.0142683982849126,2.985003656553991,3.014268398284912,159600,0.0,0.0
1989-04-27,3.014268452045964,3.014268452045964,2.9557389675402175,2.985003709793091,367600,0.0,0.0
1989-04-28,2.985003656553991,3.043533140015834,2.985003656553991,3.014268398284912,227200,0.0,0.0
1989-05-01,2.985003656553991,3.0142683982849126,2.9557389148230695,3.014268398284912,315200,0.0,0.0
1989-05-02,2.985003656553991,3.043533140015834,2.985003656553991,3.014268398284912,87200,0.0,0.0
1989-05-03,2.9850031366715064,3.07279734657361,2.9850031366715064,3.043532609939575,620400,0.0,0.0
1989-05-04,3.043533140015834,3.043533140015834,2.9557389148230695,3.014268398284912,804400,0.0,0.0
1989-05-05,3.014268293834868,3.189856738135928,3.014268293834868,3.0727977752685547,2244000,0.0,0.0
1989-05-08,3.043532609939575,3.07279734657361,3.014267873305541,3.043532609939575,206000,0.0,0.0
1989-05-09,3.014267873305541,3.043532609939575,3.014267873305541,3.043532609939575,211200,0.0,0.0
1989-05-10,3.043533140015834,3.1020626234776767,3.0142683982849126,3.014268398284912,117200,0.0,0.0
1989-05-11,3.0435330345517113,3.0727977752685547,3.014268293834868,3.0727977752685547,130800,0.0,0.0
1989-05-12,3.1020633572729945,3.1313281059265132,3.0435338599659567,3.1313281059265137,65600,0.0,0.0
1989-05-15,3.102062083207644,3.102062083207644,3.014267873305541,3.043532609939575,248800,0.0,0.0
1989-05-16,3.043532609939575,3.102062083207644,3.014267873305541,3.043532609939575,953200,0.0,0.0
1989-05-17,3.072797391149733,3.1605916023254395,3.014267917032595,3.1605916023254395,322000,0.0,0.0
1989-05-18,3.1605921871257276,3.189856929599114,3.1020627021789546,3.102062702178955,172000,0.0,0.0
1989-05-19,3.131327519723035,3.277651235597943,3.131327519723035,3.189857006072998,388000,0.0,0.0
1989-05-22,3.2483861446380615,3.3069156247216305,3.2191214045962773,3.2483861446380615,362400,0.0,0.0
1989-05-23,3.2191217492479796,3.2483864924229615,3.189857006072998,3.189857006072998,57200,0.0,0.0
1989-05-24,3.1605922628980165,3.2191217492479796,3.1605922628980165,3.189857006072998,30400,0.0,0.0
1989-05-25,3.2191217684112816,3.3069159984588623,3.2191217684112816,3.3069159984588623,284800,0.0,0.0
1989-05-26,3.2776509160580845,3.4239746176678203,3.2776509160580845,3.365445137023926,302800,0.0,0.0
1989-05-30,3.3361802101135254,3.394709687483938,3.3361802101135254,3.3361802101135254,523600,0.0,0.0
1989-05-31,3.3361810486892174,3.3947105407714844,3.3361810486892174,3.3947105407714844,65200,0.0,0.0
1989-06-01,3.365445269478692,3.423974752426148,3.365445269478692,3.4239747524261475,328000,0.0,0.0
1989-06-02,3.4532394938998756,3.4532394938998756,3.365445269478692,3.4239747524261475,424800,0.0,0.0
1989-06-05,3.394709877345873,3.4239746176678203,3.365445137023926,3.365445137023926,451600,0.0,0.0
1989-06-06,3.365445485157249,3.3947102285064426,3.3069159984588623,3.3069159984588623,324800,0.0,0.0
1989-06-07,3.306915471428319,3.394709687483938,3.306915471428319,3.3361802101135254,144800,0.0,0.0
1989-06-08,3.3361803647634147,3.365445104805199,3.2483861446380615,3.2483861446380615,292400,0.0,0.0
1989-06-09,3.2483861446380615,3.2483861446380615,3.189856664554493,3.2483861446380615,96800,0.0,0.0
1989-06-12,3.2191214045962773,3.2483861446380615,3.2191214045962773,3.2483861446380615,140000,0.0,0.0
1989-06-13,3.2483858135011463,3.2483858135011463,3.1605916023254395,3.1605916023254395,101200,0.0,0.0
1989-06-14,3.2191217492479796,3.2191217492479796,3.189857006072998,3.189857006072998,38800,0.0,0.0
1989-06-15,3.160591997419085,3.160591997419085,3.0727977752685547,3.0727977752685547,215600,0.0,0.0
1989-06-16,3.07279734657361,3.07279734657361,2.9850031366715064,3.043532609939575,247200,0.0,0.0
1989-06-19,3.043533363727608,3.043533363727608,2.897209644317627,2.897209644317627,416800,0.0,0.0
1989-06-20,2.897209291872771,2.897209291872771,2.6923561096191406,2.6923561096191406,539200,0.0,0.0
1989-06-21,2.721620710690816,2.7508854495154487,2.633826494216919,2.633826494216919,1406400,0.0,0.0
1989-06-22,2.633826628975246,2.721620849941088,2.633826628975246,2.6923561096191406,551200,0.0,0.0
1989-06-23,2.721621036529541,2.78015052118609,2.692356294201266,2.721621036529541,452400,0.0,0.0
1989-06-26,2.7216213979219135,2.867945128992984,2.7216213979219135,2.780150890350342,112800,0.0,0.0
1989-06-27,2.8094149650411406,2.8094149650411406,2.7508854866027836,2.750885486602783,332400,0.0,0.0
1989-06-28,2.7508857788578154,2.7508857788578154,2.692356294201266,2.721621036529541,336800,0.0,0.0
1989-06-29,2.721620849941088,2.750885590263035,2.6923561096191406,2.6923561096191406,795600,0.0,0.0
1989-06-30,2.6923568851345188,2.6923568851345188,2.5752978901286703,2.6630921363830566,1150400,0.0,0.0
1989-07-03,2.6630915518729914,2.721621036529541,2.6630915518729914,2.721621036529541,38000,0.0,0.0
1989-07-05,2.663091268945248,2.7508854866027836,2.663091268945248,2.750885486602783,69600,0.0,0.0
1989-07-06,2.721621036529541,2.78015052118609,2.692356294201266,2.721621036529541,271200,0.0,0.0
1989-07-07,2.692356008164426,2.7508854866027836,2.692356008164426,2.750885486602783,151200,0.0,0.0
1989-07-10,2.750885590263035,2.750885590263035,2.6630913692971934,2.6923561096191406,439200,0.0,0.0
1989-07-11,2.6630913692971934,2.750885590263035,2.6630913692971934,2.6923561096191406,432400,0.0,0.0
1989-07-12,2.692356294201266,2.721621036529541,2.692356294201266,2.721621036529541,86400,0.0,0.0
1989-07-13,2.721620849941088,2.721620849941088,2.6630913692971934,2.6923561096191406,116400,0.0,0.0
1989-07-14,2.6630915518729914,2.721621036529541,2.6630915518729914,2.721621036529541,71200,0.0,0.0
1989-07-17,2.692356008164426,2.7508854866027836,2.6338265297260692,2.750885486602783,690800,0.0,0.0
1989-07-18,2.721621036529541,2.7508857788578154,2.721621036529541,2.721621036529541,67600,0.0,0.0
1989-07-19,2.780150310280397,2.867944530605041,2.750885570172182,2.838679790496826,766000,0.0,0.0
1989-07-20,2.8094149650411406,2.8679444434794976,2.7508854866027836,2.750885486602783,516400,0.0,0.0
1989-07-21,2.780150890350342,2.809415636564556,2.750886144136128,2.780150890350342,76400,0.0,0.0
1989-07-24,2.780150225821962,2.780150225821962,2.7508854866027836,2.750885486602783,124400,0.0,0.0
1989-07-25,2.78015052118609,2.78015052118609,2.721621036529541,2.721621036529541,52400,0.0,0.0
1989-07-26,2.721621036529541,2.721621036529541,2.692356294201266,2.721621036529541,184800,0.0,0.0
1989-07-27,2.6923566517076996,2.780150890350342,2.6923566517076996,2.780150890350342,217600,0.0,0.0
1989-07-28,2.780150225821962,2.8094149650411406,2.7508854866027836,2.750885486602783,348800,0.0,0.0
1989-07-31,2.750885590263035,2.750885590263035,2.6630913692971934,2.6923561096191406,104000,0.0,0.0
1989-08-01,2.6630921363830566,2.7216216338859813,2.6630921363830566,2.6630921363830566,80400,0.0,0.0
1989-08-02,2.6630915282817367,2.6630915282817367,2.5752973020746466,2.6045620441436768,253600,0.0,0.0
1989-08-03,2.6045618886532993,2.6923561096191406,2.6045618886532993,2.6923561096191406,216000,0.0,0.0
1989-08-04,2.6923568851345188,2.6923568851345188,2.6045626388801324,2.6630921363830566,171200,0.0,0.0
1989-08-07,2.692355370034977,2.86794376373291,2.663090637751988,2.86794376373291,843200,0.0,0.0
1989-08-08,2.8679448266824084,2.8679448266824084,2.7801505972941714,2.809415340423584,78400,0.0,0.0
1989-08-09,2.7508857788578154,2.8094152635143645,2.721621036529541,2.721621036529541,97200,0.0,0.0
1989-08-10,2.692356008164426,2.780150225821962,2.692356008164426,2.750885486602783,53600,0.0,0.0
1989-08-11,2.7508863826374435,2.7508863826374435,2.6338273876315945,2.6630921363830566,326800,0.0,0.0
1989-08-14,2.6630915282817367,2.6630915282817367,2.6045620441436768,2.6045620441436768,110000,0.0,0.0
1989-08-15,2.6630912330415515,2.6630912330415515,2.633826494216919,2.633826494216919,446800,0.0,0.0
1989-08-16,2.6630921363830566,2.6923568851345188,2.6338273876315945,2.6630921363830566,338400,0.0,0.0
1989-08-17,2.6630912330415515,2.6630912330415515,2.633826494216919,2.633826494216919,37600,0.0,0.0
1989-08-18,2.6630912330415515,2.6630912330415515,2.6045617553922864,2.633826494216919,258400,0.0,0.0
1989-08-21,2.633826786212707,2.6630915282817367,2.5752973020746466,2.6045620441436768,589200,0.0,0.0
1989-08-22,2.6045617553922864,2.633826494216919,2.575297016567654,2.633826494216919,225200,0.0,0.0
1989-08-23,2.633826786212707,2.633826786212707,2.6045620441436768,2.6045620441436768,393200,0.0,0.0
1989-08-24,2.633826628975246,2.6923561096191406,2.633826628975246,2.6923561096191406,470000,0.0,0.0
1989-08-25,2.6923568851345188,2.6923568851345188,2.6338273876315945,2.6630921363830566,174000,0.0,0.0
1989-08-28,2.633826494216919,2.6630912330415515,2.633826494216919,2.633826494216919,86400,0.0,0.0
1989-08-29,2.633826494216919,2.6630912330415515,2.633826494216919,2.633826494216919,79600,0.0,0.0
1989-08-30,2.6630921363830566,2.6923568851345188,2.6338273876315945,2.6630921363830566,107600,0.0,0.0
1989-08-31,2.6630912330415515,2.6630912330415515,2.6045617553922864,2.633826494216919,113600,0.0,0.0
1989-09-01,2.6630921363830566,2.6923568851345188,2.6338273876315945,2.6630921363830566,191600,0.0,0.0
1989-09-05,2.6630921363830566,2.6923568851345188,2.6630921363830566,2.6630921363830566,92400,0.0,0.0
1989-09-06,2.6630921363830566,2.6630921363830566,2.6338273876315945,2.6630921363830566,525200,0.0,0.0
1989-09-07,2.6630913692971934,2.6923561096191406,2.6630913692971934,2.6923561096191406,344800,0.0,0.0
1989-09-08,2.663091905493485,2.8972098752071984,2.663091905493485,2.780150890350342,1500000,0.0,0.0
1989-09-11,2.7801495668839435,2.897208496015899,2.7801495668839435,2.86794376373291,1636000,0.0,0.0
1989-09-12,2.897209302033528,2.9557387828826904,2.897209302033528,2.9557387828826904,836000,0.0,0.0
1989-09-13,2.9557391320816193,2.9557391320816193,2.897209644317627,2.897209644317627,659200,0.0,0.0
1989-09-14,2.897209569811821,2.926474312941233,2.809415340423584,2.809415340423584,388000,0.0,0.0
1989-09-15,2.8094149650411406,2.8094149650411406,2.7508854866027836,2.750885486602783,116400,0.0,0.0
1989-09-18,2.750885854164759,2.809415340423584,2.750885854164759,2.809415340423584,74400,0.0,0.0
1989-09-19,2.780150310280397,2.867944530605041,2.780150310280397,2.838679790496826,225600,0.0,0.0
1989-09-20,2.867945128992984,2.867945128992984,2.780150890350342,2.780150890350342,59600,0.0,0.0
1989-09-21,2.809415340423584,2.8679448266824084,2.809415340423584,2.809415340423584,176800,0.0,0.0
1989-09-22,2.7801505972941714,2.838680083552996,2.7801505972941714,2.809415340423584,78000,0.0,0.0
1989-09-25,2.809415340423584,2.809415340423584,2.750885854164759,2.809415340423584,47600,0.0,0.0
1989-09-26,2.750885570172182,2.867944530605041,2.750885570172182,2.838679790496826,416000,0.0,0.0
1989-09-27,2.8386801565536346,2.9850038759636157,2.8386801565536346,2.897209644317627,536000,0.0,0.0
1989-09-28,2.9557393169403077,2.9557393169403077,2.8679450798034667,2.9264745712280273,104800,0.0,0.0
1989-09-29,2.9264740424581093,2.9557387828826904,2.838679821184366,2.9557387828826904,458000,0.0,0.0
1989-10-02,2.92647401082147,2.92647401082147,2.838679790496826,2.838679790496826,323600,0.0,0.0
1989-10-03,2.867944530605041,2.867944530605041,2.780150310280397,2.838679790496826,317200,0.0,0.0
1989-10-04,2.8386790314499213,2.926473228298888,2.8386790314499213,2.86794376373291,229200,0.0,0.0
1989-10-05,2.809415412671638,2.926474388199623,2.809415412671638,2.897209644317627,207600,0.0,0.0
1989-10-06,2.955738812401181,3.1313272567022414,2.8972093309674944,3.0727977752685547,1084000,0.0,0.0
1989-10-09,3.07279734657361,3.07279734657361,2.9850031366715064,3.043532609939575,102400,0.0,0.0
1989-10-10,3.072797881746755,3.1313273652085982,2.985003656553991,3.014268398284912,742400,0.0,0.0
1989-10-11,3.0142688083648683,3.0142688083648683,2.897209825515747,2.9264745712280273,432000,0.0,0.0
1989-10-12,2.897209644317627,2.897209644317627,2.8679449004356306,2.897209644317627,111600,0.0,0.0
1989-10-13,2.867944748170914,2.867944748170914,2.721621036529541,2.721621036529541,361600,0.0,0.0
1989-10-16,2.6630921363830566,2.7801511313889056,2.6338273876315945,2.6630921363830566,732000,0.0,0.0
1989-10-17,2.663091905493485,2.780150890350342,2.663091905493485,2.780150890350342,684800,0.0,0.0
1989-10-18,2.7508854866027836,2.7508854866027836,2.721620747383605,2.750885486602783,24800,0.0,0.0
1989-10-19,2.7508857788578154,2.7508857788578154,2.692356294201266,2.721621036529541,47600,0.0,0.0
1989-10-20,2.6923561096191406,2.6923561096191406,2.6630913692971934,2.6923561096191406,96400,0.0,0.0
1989-10-23,2.6630913692971934,2.750885590263035,2.6630913692971934,2.6923561096191406,202000,0.0,0.0
1989-10-24,2.6923568851345188,2.7216216338859813,2.6338273876315945,2.6630921363830566,171600,0.0,0.0
1989-10-25,2.6630912330415515,2.6630912330415515,2.633826494216919,2.633826494216919,202000,0.0,0.0
1989-10-26,2.604561422063016,2.633826157142376,2.546031951904297,2.546031951904297,406400,0.0,0.0
1989-10-27,2.5167674099106385,2.5167674099106385,2.370443723287927,2.4289731979370117,467200,0.0,0.0
1989-10-30,2.4289737300174994,2.4875032174878005,2.3997089862823486,2.3997089862823486,104000,0.0,0.0
1989-10-31,2.4582380743587717,2.5167675523196946,2.42897333537831,2.4875028133392334,1395200,0.0,0.0
1989-11-01,2.516767978668213,2.546032722606215,2.458238490792208,2.516767978668213,135600,0.0,0.0
1989-11-02,2.5167674099106385,2.5167674099106385,2.4289731979370117,2.4289731979370117,76000,0.0,0.0
1989-11-03,2.4289733852658952,2.458238124847412,2.4289733852658952,2.458238124847412,67600,0.0,0.0
1989-11-06,2.4289731979370117,2.458237935261554,2.3997084606124695,2.4289731979370117,213200,0.0,0.0
1989-11-07,2.4289731979370117,2.4289731979370117,2.3997084606124695,2.4289731979370117,130400,0.0,0.0
1989-11-08,2.4289731979370117,2.458237935261554,2.4289731979370117,2.4289731979370117,250000,0.0,0.0
1989-11-09,2.3997084606124695,2.458237935261554,2.3997084606124695,2.4289731979370117,201600,0.0,0.0
1989-11-10,2.4289733852658952,2.458238124847412,2.3997086456843784,2.458238124847412,66000,0.0,0.0
1989-11-13,2.4289733852658952,2.458238124847412,2.3997086456843784,2.458238124847412,68800,0.0,0.0
1989-11-14,2.458237935261554,2.4875026725860963,2.3997084606124695,2.4289731979370117,1072400,0.0,0.0
1989-11-15,2.4289737300174994,2.4289737300174994,2.3997089862823486,2.3997089862823486,66400,0.0,0.0
1989-11-16,2.3997089862823486,2.4289737300174994,2.3704442425471983,2.3997089862823486,1272000,0.0,0.0
1989-11-17,2.3997089862823486,2.4289737300174994,2.3997089862823486,2.3997089862823486,122800,0.0,0.0
1989-11-20,2.3997089862823486,2.3997089862823486,2.3704442425471983,2.3997089862823486,310800,0.0,0.0
1989-11-21,2.3997088008456764,2.428973542319404,2.3704440593719482,2.3704440593719482,287600,0.0,0.0
1989-11-22,2.3997086456843784,2.487502864428929,2.3997086456843784,2.458238124847412,136000,0.0,0.0
1989-11-24,2.4289731979370117,2.4875026725860963,2.4289731979370117,2.4289731979370117,74400,0.0,0.0
1989-11-27,2.458238124847412,2.487502864428929,2.4289733852658952,2.458238124847412,165200,0.0,0.0
1989-11-28,2.458238490792208,2.546032722606215,2.458238490792208,2.516767978668213,252800,0.0,0.0
1989-11-29,2.487502864428929,2.5460323435919627,2.458238124847412,2.458238124847412,128000,0.0,0.0
1989-11-30,2.458238124847412,2.487502864428929,2.458238124847412,2.458238124847412,116000,0.0,0.0
1989-12-01,2.458238490792208,2.546032722606215,2.458238490792208,2.516767978668213,150400,0.0,0.0
1989-12-04,2.487502864428929,2.487502864428929,2.458238124847412,2.458238124847412,108400,0.0,0.0
1989-12-05,2.45823847375265,2.45823847375265,2.3997089862823486,2.3997089862823486,577600,0.0,0.0
1989-12-06,2.3997084606124695,2.458237935261554,2.3997084606124695,2.4289731979370117,57200,0.0,0.0
1989-12-07,2.3997089862823486,2.45823847375265,2.3997089862823486,2.3997089862823486,89600,0.0,0.0
1989-12-08,2.3997089862823486,2.4289737300174994,2.3997089862823486,2.3997089862823486,118000,0.0,0.0
1989-12-11,2.3704440593719482,2.3997088008456764,2.3411793178982205,2.3704440593719482,386800,0.0,0.0
1989-12-12,2.341178942330276,2.3704436791094046,2.3119142055511475,2.3119142055511475,303200,0.0,0.0
1989-12-13,2.3411793178982205,2.3704440593719482,2.311914576424493,2.3704440593719482,254000,0.0,0.0
1989-12-14,2.3704440593719482,2.3997088008456764,2.311914576424493,2.3704440593719482,523600,0.0,0.0
1989-12-15,2.3704442425471983,2.3997089862823486,2.3411794988120476,2.3997089862823486,249200,0.0,0.0
1989-12-18,2.3704436791094046,2.399708415888533,2.3119142055511475,2.3119142055511475,306000,0.0,0.0
1989-12-19,2.311914157867432,2.370443630218506,2.311914157867432,2.3411788940429688,649600,0.0,0.0
1989-12-20,2.3411794988120476,2.3997089862823486,2.3411794988120476,2.3997089862823486,222000,0.0,0.0
1989-12-21,2.4289737300174994,2.4289737300174994,2.3704442425471983,2.3997089862823486,284800,0.0,0.0
1989-12-22,2.4289733852658952,2.458238124847412,2.4289733852658952,2.458238124847412,107200,0.0,0.0
1989-12-26,2.4289731979370117,2.4289731979370117,2.3997084606124695,2.4289731979370117,178800,0.0,0.0
1989-12-27,2.458237935261554,2.458237935261554,2.3997084606124695,2.4289731979370117,591600,0.0,0.0
1989-12-28,2.4289733852658952,2.487502864428929,2.4289733852658952,2.458238124847412,316800,0.0,0.0
1989-12-29,2.4582383849404077,2.575297355651856,2.4582383849404077,2.5752973556518555,466000,0.0,0.0
1990-01-02,2.546031951904297,2.546031951904297,2.516767216824937,2.546031951904297,165600,0.0,0.0
1990-01-03,2.516767216824937,2.604561422063016,2.516767216824937,2.546031951904297,270800,0.0,0.0
1990-01-04,2.575297355651856,2.6045620983297177,2.5460326129739936,2.5752973556518555,242000,0.0,0.0
1990-01-05,2.5167675523196946,2.5167675523196946,2.4875028133392334,2.4875028133392334,452800,0.0,0.0
1990-01-08,2.458238490792208,2.516767978668213,2.458238490792208,2.516767978668213,98000,0.0,0.0
1990-01-09,2.516767604010446,2.516767604010446,2.4289733852658952,2.458238124847412,102800,0.0,0.0
1990-01-10,2.45823847375265,2.45823847375265,2.3704442425471983,2.3997089862823486,23600,0.0,0.0
1990-01-11,2.370443723287927,2.4289731979370117,2.341178985963385,2.4289731979370117,112000,0.0,0.0
1990-01-12,2.3411793178982205,2.3704440593719482,2.3411793178982205,2.3704440593719482,171600,0.0,0.0
1990-01-15,2.3411788940429688,2.370443630218506,2.311914157867432,2.3411788940429688,115600,0.0,0.0
1990-01-16,2.3411793178982205,2.428973542319404,2.3411793178982205,2.3704440593719482,198800,0.0,0.0
1990-01-17,2.3704442425471983,2.45823847375265,2.3411794988120476,2.3997089862823486,751200,0.0,0.0
1990-01-18,2.3411793178982205,2.3704440593719482,2.3411793178982205,2.3704440593719482,304000,0.0,0.0
1990-01-19,2.3411788940429688,2.370443630218506,2.3411788940429688,2.3411788940429688,132800,0.0,0.0
1990-01-22,2.341179203342747,2.341179203342747,2.165590763092041,2.165590763092041,460000,0.0,0.0
1990-01-23,2.19485563667197,2.2241203784942627,2.165590894849677,2.2241203784942627,468000,0.0,0.0
1990-01-24,2.22412024317561,2.22412024317561,2.1363260230502568,2.165590763092041,467200,0.0,0.0
1990-01-25,2.22412024317561,2.22412024317561,2.165590763092041,2.165590763092041,438400,0.0,0.0
1990-01-26,2.165590178798622,2.165590178798622,2.048531250214913,2.07779598236084,1368000,0.0,0.0
1990-01-29,2.107061495099749,2.107061495099749,2.048532009124756,2.048532009124756,341200,0.0,0.0
1990-01-30,2.0777968249908865,2.136326313018799,2.0777968249908865,2.136326313018799,808800,0.0,0.0
1990-01-31,2.1070618629455566,2.1363266110420227,2.1070618629455566,2.1070618629455566,199600,0.0,0.0
1990-02-01,2.1070607145067672,2.1070607145067672,2.07779598236084,2.07779598236084,29200,0.0,0.0
1990-02-02,2.0192676186561584,2.1070618629455566,2.0192676186561584,2.1070618629455566,513200,0.0,0.0
1990-02-05,2.1070618629455566,2.1363266110420227,2.0777971148490906,2.1070618629455566,286800,0.0,0.0
1990-02-06,2.1070618629455566,2.1363266110420227,2.1070618629455566,2.1070618629455566,426800,0.0,0.0
1990-02-07,2.0777968249908865,2.194855801046711,2.0777968249908865,2.136326313018799,408800,0.0,0.0
1990-02-08,2.165590763092041,2.1948555031338253,2.1363260230502568,2.165590763092041,129200,0.0,0.0
1990-02-09,2.165590763092041,2.1948555031338253,2.165590763092041,2.165590763092041,16000,0.0,0.0
1990-02-12,2.1948555031338253,2.1948555031338253,2.165590763092041,2.165590763092041,138400,0.0,0.0
1990-02-13,2.1363260230502568,2.165590763092041,2.1070612830084725,2.165590763092041,40800,0.0,0.0
1990-02-14,2.136326313018799,2.165591057032755,2.0777968249908865,2.136326313018799,56000,0.0,0.0
1990-02-15,2.07779598236084,2.1070607145067672,2.07779598236084,2.07779598236084,60000,0.0,0.0
1990-02-16,2.0777967521122522,2.107061495099749,2.048532009124756,2.048532009124756,675600,0.0,0.0
1990-02-20,2.0485325481580654,2.0485325481580654,2.0192677974700928,2.0192677974700928,256400,0.0,0.0
1990-02-21,1.9900030467821206,2.0192677974700928,1.9900030467821206,2.0192677974700928,368000,0.0,0.0
1990-02-22,1.9900030467821206,2.0485325481580654,1.9900030467821206,2.0192677974700928,139200,0.0,0.0
1990-02-23,1.9900030467821206,2.0192677974700928,1.9900030467821206,2.0192677974700928,25200,0.0,0.0
1990-02-26,1.9607382960941482,2.0485325481580654,1.9607382960941482,2.0192677974700928,110000,0.0,0.0
1990-02-27,1.990001785923058,2.07779598236084,1.990001785923058,2.07779598236084,55200,0.0,0.0
1990-02-28,2.048531250214913,2.1363254466526946,2.048531250214913,2.07779598236084,371600,0.0,0.0
1990-03-01,2.0777968249908865,2.136326313018799,2.0777968249908865,2.136326313018799,110400,0.0,0.0
1990-03-02,2.1363266110420227,2.1363266110420227,2.1070618629455566,2.1070618629455566,66800,0.0,0.0
1990-03-05,2.1070615690048426,2.165591057032755,2.1070615690048426,2.136326313018799,53600,0.0,0.0
1990-03-06,2.1363262049357097,2.1948556900024414,2.1363262049357097,2.1948556900024414,990400,0.0,0.0
1990-03-07,2.165590763092041,2.253384983217394,2.165590763092041,2.165590763092041,230800,0.0,0.0
1990-03-08,2.1655909474690755,2.1948556900024414,2.1655909474690755,2.1948556900024414,65600,0.0,0.0
1990-03-09,2.1948556900024414,2.2241204325358073,2.1655909474690755,2.1948556900024414,50800,0.0,0.0
1990-03-12,2.253385175069173,2.253385175069173,2.1948556900024414,2.1948556900024414,228800,0.0,0.0
1990-03-13,2.2241204325358073,2.2241204325358073,2.1655909474690755,2.1948556900024414,125600,0.0,0.0
1990-03-14,2.2241202745682154,2.2826497554779053,2.1948555341133704,2.2826497554779053,150400,0.0,0.0
1990-03-15,2.2533851203165556,2.2533851203165556,2.2241203784942627,2.2241203784942627,10400,0.0,0.0
1990-03-16,2.253384731992891,2.3704436791094046,2.224119995213762,2.3119142055511475,370000,0.0,0.0
1990-03-19,2.2533850934770374,2.3704440593719482,2.2533850934770374,2.3704440593719482,321600,0.0,0.0
1990-03-20,2.3704440593719482,2.3997088008456764,2.3411793178982205,2.3704440593719482,197600,0.0,0.0
1990-03-21,2.3119142055511475,2.3704436791094046,2.3119142055511475,2.3119142055511475,12000,0.0,0.0
1990-03-22,2.3119144959327502,2.3119144959327502,2.2533850150230603,2.2826497554779053,31600,0.0,0.0
1990-03-23,2.2533851203165556,2.2533851203165556,2.2241203784942627,2.2241203784942627,68800,0.0,0.0
1990-03-26,2.2241207965008623,2.253385543823242,2.2241207965008623,2.253385543823242,49600,0.0,0.0
1990-03-27,2.2826497554779053,2.2826497554779053,2.2533850150230603,2.2826497554779053,95600,0.0,0.0
1990-03-28,2.282649468772019,2.3119142055511475,2.282649468772019,2.3119142055511475,111200,0.0,0.0
1990-03-29,2.2826494216918944,2.3411788940429688,2.2826494216918944,2.3411788940429688,32000,0.0,0.0
1990-03-30,2.2826496873583113,2.458238124847412,2.2826496873583113,2.458238124847412,125600,0.0,0.0
1990-04-02,2.3119144959327502,2.3119144959327502,2.2533850150230603,2.2826497554779053,48000,0.0,0.0
1990-04-03,2.2533851203165556,2.2533851203165556,2.2241203784942627,2.2241203784942627,270800,0.0,0.0
1990-04-04,2.1948556900024414,2.1948556900024414,2.1363262049357097,2.1948556900024414,79600,0.0,0.0
1990-04-05,2.1655909474690755,2.2241204325358073,2.1655909474690755,2.1948556900024414,19200,0.0,0.0
1990-04-06,2.19485563667197,2.2533851203165556,2.19485563667197,2.2241203784942627,64000,0.0,0.0
1990-04-09,2.2241204325358073,2.2241204325358073,2.1948556900024414,2.1948556900024414,118000,0.0,0.0
1990-04-10,2.1948556900024414,2.2241204325358073,2.1655909474690755,2.1948556900024414,117200,0.0,0.0
1990-04-11,2.1948555031338253,2.1948555031338253,2.165590763092041,2.165590763092041,111600,0.0,0.0
1990-04-12,2.1655909474690755,2.1948556900024414,2.1655909474690755,2.1948556900024414,44000,0.0,0.0
1990-04-16,2.22412024317561,2.22412024317561,2.1363260230502568,2.165590763092041,199200,0.0,0.0
1990-04-17,2.1070618629455566,2.1363266110420227,2.1070618629455566,2.1070618629455566,65600,0.0,0.0
1990-04-18,2.1070615690048426,2.136326313018799,2.1070615690048426,2.136326313018799,42800,0.0,0.0
1990-04-19,2.1070615690048426,2.136326313018799,2.1070615690048426,2.136326313018799,38800,0.0,0.0
1990-04-20,2.1363262049357097,2.2241204325358073,2.1070614624023434,2.1948556900024414,74000,0.0,0.0
1990-04-23,2.1655909474690755,2.2241204325358073,2.1363262049357097,2.1948556900024414,505600,0.0,0.0
1990-04-24,2.2241204325358073,2.2241204325358073,2.1655909474690755,2.1948556900024414,249200,0.0,0.0
1990-04-25,2.2241203784942627,2.2826498621388485,2.2241203784942627,2.2241203784942627,795600,0.0,0.0
1990-04-26,2.224120855331421,2.253385603427887,2.1070618629455566,2.1070618629455566,348400,0.0,0.0
1990-04-27,2.048531250214913,2.07779598236084,2.048531250214913,2.07779598236084,108800,0.0,0.0
1990-04-30,2.07779598236084,2.07779598236084,2.048531250214913,2.07779598236084,63600,0.0,0.0
1990-05-01,2.048531250214913,2.07779598236084,2.0192665180689855,2.07779598236084,180400,0.0,0.0
1990-05-02,2.019267336962974,2.136326313018799,2.019267336962974,2.136326313018799,496400,0.0,0.0
1990-05-03,2.165590178798622,2.165590178798622,2.07779598236084,2.07779598236084,48000,0.0,0.0
1990-05-04,2.0777967521122522,2.107061495099749,2.048532009124756,2.048532009124756,11200,0.0,0.0
1990-05-07,2.07779598236084,2.1070607145067672,2.07779598236084,2.07779598236084,147200,0.0,0.0
1990-05-08,2.048531250214913,2.07779598236084,2.048531250214913,2.07779598236084,19600,0.0,0.0
1990-05-09,2.1070620495340098,2.1070620495340098,2.0192677974700928,2.0192677974700928,146000,0.0,0.0
1990-05-10,2.048531250214913,2.1070607145067672,2.0192665180689855,2.07779598236084,94000,0.0,0.0
1990-05-11,2.1070607145067672,2.1363254466526946,2.048531250214913,2.07779598236084,123200,0.0,0.0
1990-05-14,2.0777971148490906,2.1363266110420227,2.0485323667526245,2.1070618629455566,449200,0.0,0.0
1990-05-15,2.1070612830084725,2.165590763092041,2.1070612830084725,2.165590763092041,75200,0.0,0.0
1990-05-16,2.1363260230502568,2.22412024317561,2.1363260230502568,2.165590763092041,286800,0.0,0.0
1990-05-17,2.1948556900024414,2.2241204325358073,2.1363262049357097,2.1948556900024414,51600,0.0,0.0
1990-05-18,2.165590894849677,2.2533851203165556,2.165590894849677,2.2241203784942627,644400,0.0,0.0
1990-05-21,2.224119995213762,2.3119142055511475,2.224119995213762,2.3119142055511475,366800,0.0,0.0
1990-05-22,2.3411788940429688,2.4875025749206543,2.3411788940429688,2.3411788940429688,1244800,0.0,0.0
1990-05-23,2.3411793178982205,2.3997088008456764,2.3411793178982205,2.3704440593719482,236000,0.0,0.0
1990-05-24,2.3997089862823486,2.4289737300174994,2.3704442425471983,2.3997089862823486,279200,0.0,0.0
1990-05-25,2.3704442425471983,2.3997089862823486,2.3704442425471983,2.3997089862823486,214000,0.0,0.0
1990-05-29,2.3704440593719482,2.3704440593719482,2.3411793178982205,2.3704440593719482,31600,0.0,0.0
1990-05-30,2.370443630218506,2.399708366394043,2.3411788940429688,2.3411788940429688,127200,0.0,0.0
1990-05-31,2.3411793178982205,2.3997088008456764,2.3411793178982205,2.3704440593719482,101200,0.0,0.0
1990-06-01,2.3411788940429688,2.399708366394043,2.3411788940429688,2.3411788940429688,295200,0.0,0.0
1990-06-04,2.3411788940429688,2.370443630218506,2.311914157867432,2.3411788940429688,219200,0.0,0.0
1990-06-05,2.341178942330276,2.341178942330276,2.3119142055511475,2.3119142055511475,156400,0.0,0.0
1990-06-06,2.3411788940429688,2.3411788940429688,2.2826494216918944,2.3411788940429688,169600,0.0,0.0
1990-06-07,2.341178942330276,2.3704436791094046,2.3119142055511475,2.3119142055511475,198400,0.0,0.0
1990-06-08,2.3119142055511475,2.341178942330276,2.3119142055511475,2.3119142055511475,144000,0.0,0.0
1990-06-11,2.341179236387595,2.37044397684244,2.2826497554779053,2.2826497554779053,71200,0.0,0.0
1990-06-12,2.2826497554779053,2.3119144959327502,2.2826497554779053,2.2826497554779053,31200,0.0,0.0
1990-06-13,2.3119142055511475,2.341178942330276,2.282649468772019,2.3119142055511475,221600,0.0,0.0
1990-06-14,2.3119142055511475,2.341178942330276,2.3119142055511475,2.3119142055511475,14800,0.0,0.0
1990-06-15,2.311914576424493,2.3704440593719482,2.311914576424493,2.3704440593719482,224400,0.0,0.0
1990-06-18,2.370443630218506,2.370443630218506,2.311914157867432,2.3411788940429688,185200,0.0,0.0
1990-06-19,2.311914157867432,2.3411788940429688,2.311914157867432,2.3411788940429688,154800,0.0,0.0
1990-06-20,2.3119150384680016,2.3119150384680016,2.253385543823242,2.253385543823242,270800,0.0,0.0
1990-06-21,2.2241203784942627,2.2533851203165556,2.2241203784942627,2.2241203784942627,180800,0.0,0.0
1990-06-22,2.2241207965008623,2.282650291145622,2.2241207965008623,2.253385543823242,73200,0.0,0.0
1990-06-25,2.2241204325358073,2.253385175069173,2.1948556900024414,2.1948556900024414,334400,0.0,0.0
1990-06-26,2.2241207965008623,2.282650291145622,2.2241207965008623,2.253385543823242,125200,0.0,0.0
1990-06-27,2.253385543823242,2.282650291145622,2.1948560491784828,2.253385543823242,20400,0.0,0.0
1990-06-28,2.2533850150230603,2.2826497554779053,2.2533850150230603,2.2826497554779053,137600,0.0,0.0
1990-06-29,2.2533850934770374,2.3704440593719482,2.2241203520033097,2.3704440593719482,339600,0.0,0.0
1990-07-02,2.370443630218506,2.370443630218506,2.3411788940429688,2.3411788940429688,104400,0.0,0.0
1990-07-03,2.3411788940429688,2.3411788940429688,2.311914157867432,2.3411788940429688,60000,0.0,0.0
1990-07-05,2.3119144959327502,2.3119144959327502,2.2826497554779053,2.2826497554779053,65200,0.0,0.0
1990-07-06,2.2826497554779053,2.2826497554779053,2.2826497554779053,2.2826497554779053,42000,0.0,0.0
1990-07-09,2.2826498621388485,2.2826498621388485,2.19485563667197,2.2241203784942627,214000,0.0,0.0
1990-07-10,2.1948560491784828,2.253385543823242,2.1948560491784828,2.253385543823242,24400,0.0,0.0
1990-07-11,2.2241202745682154,2.2826497554779053,2.2241202745682154,2.2826497554779053,31600,0.0,0.0
1990-07-12,2.253385175069173,2.253385175069173,2.1948556900024414,2.1948556900024414,88800,0.0,0.0
1990-07-13,2.2241203784942627,2.2241203784942627,2.19485563667197,2.2241203784942627,296400,0.0,0.0
1990-07-16,2.165590763092041,2.22412024317561,2.1070612830084725,2.165590763092041,273600,0.0,0.0
1990-07-17,2.1070620495340098,2.1070620495340098,2.0192677974700928,2.0192677974700928,237600,0.0,0.0
1990-07-18,2.0192672661372595,2.0777967521122522,2.0192672661372595,2.048532009124756,102400,0.0,0.0
1990-07-19,2.0777971148490906,2.1070618629455566,2.0777971148490906,2.1070618629455566,62000,0.0,0.0
1990-07-20,2.07779598236084,2.07779598236084,2.07779598236084,2.07779598236084,51200,0.0,0.0
1990-07-23,2.0777972988460376,2.0777972988460376,2.0192677974700928,2.0192677974700928,142400,0.0,0.0
1990-07-24,1.990002155303955,2.0192668928819546,1.990002155303955,1.990002155303955,294800,0.0,0.0
1990-07-25,1.9900030467821206,2.0192677974700928,1.9900030467821206,2.0192677974700928,28800,0.0,0.0
1990-07-26,1.990002155303955,2.0192668928819546,1.9314726801479563,1.990002155303955,464000,0.0,0.0
1990-07-27,1.9900030467821206,2.0192677974700928,1.9607382960941482,2.0192677974700928,163200,0.0,0.0
1990-07-30,2.0192677974700928,2.0192677974700928,1.9900030467821206,2.0192677974700928,356800,0.0,0.0
1990-07-31,2.0192672661372595,2.048532009124756,2.0192672661372595,2.048532009124756,18400,0.0,0.0
1990-08-01,2.0485316304599537,2.0485316304599537,1.990002155303955,1.990002155303955,48800,0.0,0.0
1990-08-02,1.990002155303955,1.990002155303955,1.990002155303955,1.990002155303955,18400,0.0,0.0
1990-08-03,1.9900025587815506,1.9900025587815506,1.872943584735577,1.9022083282470703,448000,0.0,0.0
1990-08-06,1.8436789454006757,1.8436789454006757,1.7558847099054053,1.7851494550704956,156800,0.0,0.0
1990-08-07,1.8144136667251587,1.8436784032852418,1.7851489301650754,1.8144136667251587,36400,0.0,0.0
1990-08-08,1.8144140355288985,1.8729435205459597,1.8144140355288985,1.8729435205459595,84400,0.0,0.0
1990-08-09,1.8436789454006757,1.8436789454006757,1.7558847099054053,1.7851494550704956,692000,0.0,0.0
1990-08-10,1.7558847099054053,1.7851494550704956,1.7558847099054053,1.7851494550704956,22400,0.0,0.0
1990-08-13,1.7558847099054053,1.7851494550704956,1.7266199647403153,1.7851494550704956,81600,0.0,0.0
1990-08-14,1.7851494550704956,1.8144142002355856,1.7266199647403153,1.7851494550704956,44800,0.0,0.0
1990-08-15,1.7851491490999858,1.7851491490999858,1.7558844089508057,1.7558844089508057,16800,0.0,0.0
1990-08-16,1.8144142002355856,1.8144142002355856,1.7851494550704956,1.7851494550704956,345600,0.0,0.0
1990-08-17,1.7558845827134988,1.7558845827134988,1.6973550966230488,1.726619839668274,35200,0.0,0.0
1990-08-20,1.7558843211123818,1.7558843211123818,1.6680901050567627,1.6680901050567627,152000,0.0,0.0
1990-08-21,1.638825347206809,1.668090085549788,1.6095606088638303,1.6095606088638306,161600,0.0,0.0
1990-08-22,1.5802958011627197,1.6680900123384264,1.551031064104151,1.5802958011627197,178400,0.0,0.0
1990-08-23,1.5217666427294412,1.5217666427294412,1.3461781839529672,1.404707670211792,761600,0.0,0.0
1990-08-24,1.4047074825205703,1.4047074825205703,1.346178004082213,1.3754427433013916,160800,0.0,0.0
1990-08-27,1.4047076281379252,1.5217665971494188,1.4047076281379252,1.4925018548965454,130000,0.0,0.0
1990-08-28,1.492502031326294,1.5510315227508544,1.4339725399017333,1.4632372856140137,51200,0.0,0.0
1990-08-29,1.4047077941894532,1.4632372856140137,1.375443048477173,1.4632372856140137,159600,0.0,0.0
1990-08-30,1.4632372856140137,1.4632372856140137,1.4339725399017333,1.4632372856140137,43600,0.0,0.0
1990-08-31,1.4632368317017188,1.5217663049697876,1.4632368317017188,1.5217663049697876,150800,0.0,0.0
1990-09-04,1.5217665971494188,1.5217665971494188,1.4925018548965454,1.4925018548965454,154400,0.0,0.0
1990-09-05,1.5217667770385743,1.5217667770385743,1.4632372856140137,1.4632372856140137,66800,0.0,0.0
1990-09-06,1.4925018548965454,1.5217665971494188,1.4632371126436718,1.4925018548965454,26800,0.0,0.0
1990-09-07,1.4632368317017188,1.551031041603822,1.4632368317017188,1.5217663049697876,78000,0.0,0.0
1990-09-10,1.5217663049697876,1.5802957782378564,1.4925015683357532,1.5217663049697876,65200,0.0,0.0
1990-09-11,1.492502031326294,1.5217667770385743,1.4632372856140137,1.4632372856140137,21200,0.0,0.0
1990-09-12,1.521766608616091,1.5510313510894773,1.521766608616091,1.5510313510894775,26400,0.0,0.0
1990-09-13,1.5217663049697876,1.5217663049697876,1.4925015683357532,1.5217663049697876,8000,0.0,0.0
1990-09-14,1.5217665971494188,1.5217665971494188,1.4925018548965454,1.4925018548965454,41200,0.0,0.0
1990-09-17,1.463236614149444,1.463236614149444,1.433971881866455,1.433971881866455,34000,0.0,0.0
1990-09-18,1.4339722217397488,1.4339722217397488,1.3754427433013918,1.3754427433013916,124000,0.0,0.0
1990-09-19,1.4047074825205703,1.4047074825205703,1.3754427433013918,1.3754427433013916,249200,0.0,0.0
1990-09-20,1.375442905859514,1.375442905859514,1.287648677825928,1.2876486778259277,327200,0.0,0.0
1990-09-21,1.3754429650861164,1.3754429650861164,1.2583839893341064,1.2583839893341064,1004400,0.0,0.0
1990-09-24,1.229119236876325,1.2583839806114756,1.1998544931411743,1.1998544931411743,91600,0.0,0.0
1990-09-25,1.1998541831970215,1.1998541831970215,1.1413247108459472,1.1705894470214844,1122800,0.0,0.0
1990-09-26,1.19985441471401,1.19985441471401,1.0827954474248385,1.1120601892471313,104400,0.0,0.0
1990-09-27,1.1413248616295892,1.1413248616295892,1.0535306415042363,1.0827953815460205,595600,0.0,0.0
1990-09-28,1.053530502319336,1.1705894470214844,1.0242657661437988,1.1705894470214844,473200,0.0,0.0
1990-10-01,1.1998543586486425,1.2291190991034875,1.1120601372841077,1.1413248777389526,372400,0.0,0.0
1990-10-02,1.1413248777389526,1.1705896181937976,1.1120601372841077,1.1413248777389526,134400,0.0,0.0
1990-10-03,1.0827954474248385,1.1413249310694242,1.0827954474248385,1.1120601892471313,394800,0.0,0.0
1990-10-04,1.112060121587805,1.112060121587805,1.0827953815460205,1.0827953815460205,242000,0.0,0.0
1990-10-05,1.0535307475498745,1.0535307475498745,0.9950012615748814,1.024266004562378,340000,0.0,0.0
1990-10-08,1.0827956795692444,1.1120604276657104,1.0535309314727783,1.0535309314727783,254800,0.0,0.0
1990-10-09,1.0535305528079761,1.0535305528079761,0.9657363400739781,0.9950010776519775,123600,0.0,0.0
1990-10-10,0.9657363400739781,0.9950010776519775,0.9657363400739781,0.9950010776519775,62800,0.0,0.0
1990-10-11,0.9950013738690001,0.9950013738690001,0.9657366275787355,0.9657366275787354,235200,0.0,0.0
1990-10-12,0.9950010776519775,1.0242658152299768,0.9950010776519775,0.9950010776519775,48400,0.0,0.0
1990-10-15,0.9657363064827457,0.9657363064827457,0.9072068333625793,0.9072068333625793,605600,0.0,0.0
1990-10-16,0.9072070177644492,0.9364717602729798,0.9072070177644492,0.9364717602729797,550800,0.0,0.0
1990-10-17,0.9657365027815105,1.0242659877985716,0.9364717602729798,0.9364717602729797,663600,0.0,0.0
1990-10-18,0.9657366275787355,1.0242661201592649,0.9364718812884707,0.9657366275787354,690800,0.0,0.0
1990-10-19,0.9950012452900411,0.9950012452900411,0.8779422752559186,0.9364717602729797,654000,0.0,0.0
1990-10-22,0.9364715699226626,0.9657363064827457,0.9072068333625793,0.9072068333625793,115600,0.0,0.0
1990-10-23,0.9364716024959788,1.0242658152299768,0.9364716024959788,0.9950010776519775,110400,0.0,0.0
1990-10-24,0.9950012615748814,1.024266004562378,0.9950012615748814,1.024266004562378,69600,0.0,0.0
1990-10-25,1.0242661833763123,1.0535309314727783,1.0242661833763123,1.0535309314727783,139600,0.0,0.0
1990-10-26,0.9950013738690001,1.0535308664495295,0.9364718812884707,0.9657366275787354,474000,0.0,0.0
1990-10-29,0.965736518587385,1.024266004562378,0.965736518587385,1.024266004562378,104000,0.0,0.0
1990-10-30,1.024266004562378,1.024266004562378,0.965736518587385,1.024266004562378,211200,0.0,0.0
1990-10-31,1.0242658152299768,1.0242658152299768,0.9950010776519775,0.9950010776519775,390000,0.0,0.0
1990-11-01,1.0242661833763123,1.0535309314727783,0.9950014352798463,1.0535309314727783,870400,0.0,0.0
1990-11-02,1.0535306415042363,1.112060121587805,1.0535306415042363,1.0827953815460205,46400,0.0,0.0
1990-11-05,1.1120599746704103,1.1705894470214844,1.0827952384948731,1.1705894470214844,905200,0.0,0.0
1990-11-06,1.1705894470214844,1.1998541831970215,1.1413247108459472,1.1705894470214844,150400,0.0,0.0
1990-11-07,1.1705896181937976,1.1705896181937976,1.1413248777389526,1.1413248777389526,61600,0.0,0.0
1990-11-08,1.1705894470214844,1.1705894470214844,1.1120599746704103,1.1705894470214844,1378400,0.0,0.0
1990-11-09,1.1120602619357227,1.1998544931411743,1.1120602619357227,1.1998544931411743,97200,0.0,0.0
1990-11-12,1.1705894470214844,1.1998541831970215,1.1705894470214844,1.1705894470214844,65200,0.0,0.0
1990-11-13,1.1705895832606725,1.229119062423706,1.1705895832606725,1.229119062423706,432000,0.0,0.0
1990-11-14,1.229119245396104,1.2583839893341064,1.1998545014581015,1.2583839893341064,144000,0.0,0.0
1990-11-15,1.3169134205037898,1.3461781631816518,1.287648677825928,1.2876486778259277,139200,0.0,0.0
1990-11-16,1.287648677825928,1.3461781631816518,1.287648677825928,1.2876486778259277,172800,0.0,0.0
1990-11-19,1.287648574165676,1.3461780548095703,1.287648574165676,1.3461780548095703,41200,0.0,0.0
1990-11-20,1.3754427433013918,1.3754427433013918,1.346178004082213,1.3754427433013916,122400,0.0,0.0
1990-11-21,1.4339725399017333,1.5217667770385743,1.4339725399017333,1.4632372856140137,495200,0.0,0.0
1990-11-23,1.4632371126436718,1.5217665971494188,1.4632371126436718,1.4925018548965454,120800,0.0,0.0
1990-11-26,1.4925015683357532,1.5217663049697876,1.4925015683357532,1.5217663049697876,195200,0.0,0.0
1990-11-27,1.521766608616091,1.5510313510894773,1.4925018661427047,1.5510313510894775,156000,0.0,0.0
1990-11-28,1.5510313510894773,1.60956083603625,1.5510313510894773,1.5510313510894775,212400,0.0,0.0
1990-11-29,1.551031064104151,1.6095605382212885,1.551031064104151,1.5802958011627197,71600,0.0,0.0
1990-11-30,1.5802960935628638,1.5802960935628638,1.5510313510894773,1.5510313510894775,165600,0.0,0.0
1990-12-03,1.6095605382212885,1.6095605382212885,1.551031064104151,1.5802958011627197,525600,0.0,0.0
1990-12-04,1.5217663938348942,1.6095606088638303,1.5217663938348942,1.6095606088638306,489200,0.0,0.0
1990-12-05,1.609560867487374,1.726619839668274,1.609560867487374,1.726619839668274,452000,0.0,0.0
1990-12-06,1.7851493257587239,1.8436788118491738,1.726619839668274,1.726619839668274,379200,0.0,0.0
1990-12-07,1.7558847624680092,1.7851495085091427,1.6973552703857422,1.6973552703857422,131200,0.0,0.0
1990-12-10,1.7266195097139903,1.7266195097139903,1.6095605599028722,1.6388252973556519,109200,0.0,0.0
1990-12-11,1.6388252515059252,1.6388252515059252,1.5217663049697876,1.5217663049697876,99600,0.0,0.0
1990-12-12,1.551031132177873,1.638825347206809,1.5217663938348942,1.6095606088638306,136400,0.0,0.0
1990-12-13,1.6388252973556516,1.6973547722612108,1.6095605599028722,1.6388252973556519,97200,0.0,0.0
1990-12-14,1.6388253663715562,1.697354843741969,1.6095606276863499,1.6680901050567627,134000,0.0,0.0
1990-12-17,1.668090320983023,1.668090320983023,1.5510313510894773,1.5510313510894775,180800,0.0,0.0
1990-12-18,1.551031132177873,1.638825347206809,1.551031132177873,1.6095606088638306,608400,0.0,0.0
1990-12-19,1.6095605382212885,1.6095605382212885,1.551031064104151,1.5802958011627197,64000,0.0,0.0
1990-12-20,1.5802958890011436,1.697354843741969,1.5802958890011436,1.6680901050567627,314800,0.0,0.0
1990-12-21,1.6680905243446087,1.7266200164268757,1.6680905243446087,1.6973552703857422,153200,0.0,0.0
1990-12-24,1.6388257783034752,1.7266200164268757,1.6388257783034752,1.6973552703857422,68000,0.0,0.0
1990-12-26,1.6680900348084313,1.6973547722612108,1.6388252973556516,1.6388252973556519,27200,0.0,0.0
1990-12-27,1.638825347206809,1.668090085549788,1.6095606088638303,1.6095606088638306,252400,0.0,0.0
1990-12-28,1.6095605382212885,1.6388252752798576,1.551031064104151,1.5802958011627197,233600,0.0,0.0
1990-12-31,1.5510310849973132,1.6388252973556516,1.4339721351861954,1.6388252973556519,578000,0.0,0.0
1991-01-02,1.5510313394022923,1.5802960816551657,1.4632371126436718,1.4925018548965454,180000,0.0,0.0
1991-01-03,1.4632368317017188,1.5217663049697876,1.4339720950676844,1.5217663049697876,121200,0.0,0.0
1991-01-04,1.521766327045582,1.5802958011627197,1.492501589987013,1.5802958011627197,55200,0.0,0.0
1991-01-07,1.5802958011627197,1.6095605382212885,1.551031064104151,1.5802958011627197,98000,0.0,0.0
1991-01-08,1.5802958224500927,1.6680900348084313,1.5802958224500927,1.6388252973556519,325600,0.0,0.0
1991-01-09,1.6680900123384264,1.6680900123384264,1.551031064104151,1.5802958011627197,85200,0.0,0.0
1991-01-10,1.5802960935628638,1.5802960935628638,1.5510313510894773,1.5510313510894775,64800,0.0,0.0
1991-01-11,1.5510313510894773,1.5802960935628638,1.5510313510894773,1.5510313510894775,156000,0.0,0.0
1991-01-14,1.4925018548965454,1.5217665971494188,1.4632371126436718,1.4925018548965454,151600,0.0,0.0
1991-01-15,1.4925018661427047,1.5510313510894773,1.4925018661427047,1.5510313510894775,125200,0.0,0.0
1991-01-16,1.521766608616091,1.5510313510894773,1.521766608616091,1.5510313510894775,68800,0.0,0.0
1991-01-17,1.521766327045582,1.5802958011627197,1.521766327045582,1.5802958011627197,129600,0.0,0.0
1991-01-18,1.5802960935628638,1.60956083603625,1.521766608616091,1.5510313510894775,538000,0.0,0.0
1991-01-21,1.5510313510894773,1.5802960935628638,1.521766608616091,1.5510313510894775,57200,0.0,0.0
1991-01-22,1.6095605382212885,1.6095605382212885,1.551031064104151,1.5802958011627197,154000,0.0,0.0
1991-01-23,1.5802958890011436,1.6680901050567627,1.5802958890011436,1.6680901050567627,354800,0.0,0.0
1991-01-24,1.697354895727975,1.872943333217076,1.697354895727975,1.843678593635559,592000,0.0,0.0
1991-01-25,1.9022084527940892,1.9900026890768934,1.8729437073664879,1.960737943649292,354800,0.0,0.0
1991-01-28,1.9314731982216906,1.960737943649292,1.8729437073664879,1.960737943649292,130800,0.0,0.0
1991-01-29,1.9607374177259558,1.990002155303955,1.9607374177259558,1.990002155303955,126000,0.0,0.0
1991-01-30,2.048531250214913,2.1070607145067672,1.990001785923058,2.07779598236084,666400,0.0,0.0
1991-01-31,2.0485316304599537,2.0485316304599537,1.902207942569957,1.990002155303955,382000,0.0,0.0
1991-02-01,1.960737943649292,1.9900026890768934,1.9314731982216906,1.960737943649292,659200,0.0,0.0
1991-02-04,2.019267185738212,2.2241203784942627,2.019267185738212,2.2241203784942627,387200,0.0,0.0
1991-02-05,2.3997085963978484,2.575297030280618,2.3704438574173867,2.4875028133392334,1855200,0.0,0.0
1991-02-06,2.48750323473021,2.60456221048222,2.4289737468542056,2.516767978668213,1172800,0.0,0.0
1991-02-07,2.48750323473021,2.633826954420223,2.458238490792208,2.516767978668213,1522000,0.0,0.0
1991-02-08,2.48750323473021,2.546032722606215,2.48750323473021,2.516767978668213,328800,0.0,0.0
1991-02-11,2.4875031276182695,2.6045620983297177,2.4875031276182695,2.5752973556518555,294400,0.0,0.0
1991-02-12,2.575296783447266,2.604561519622803,2.311914157867432,2.3411788940429688,312800,0.0,0.0
1991-02-13,2.3704442425471983,2.3997089862823486,2.3411794988120476,2.3997089862823486,175600,0.0,0.0
1991-02-14,2.4289731526676612,2.4289731526676612,2.3119142055511475,2.3119142055511475,184400,0.0,0.0
1991-02-15,2.370443630218506,2.399708366394043,2.311914157867432,2.3411788940429688,147600,0.0,0.0
1991-02-19,2.3119142486388427,2.458237935261554,2.3119142486388427,2.4289731979370117,241600,0.0,0.0
1991-02-20,2.4289731025695804,2.4289731025695804,2.3411788940429688,2.3411788940429688,136400,0.0,0.0
1991-02-21,2.3411788940429688,2.370443630218506,2.311914157867432,2.3411788940429688,73200,0.0,0.0
1991-02-22,2.3119142055511475,2.341178942330276,2.282649468772019,2.3119142055511475,57600,0.0,0.0
1991-02-25,2.341178942330276,2.341178942330276,2.282649468772019,2.3119142055511475,77200,0.0,0.0
1991-02-26,2.282649468772019,2.341178942330276,2.282649468772019,2.3119142055511475,121200,0.0,0.0
1991-02-27,2.3119142055511475,2.341178942330276,2.3119142055511475,2.3119142055511475,104000,0.0,0.0
1991-02-28,2.3411788940429688,2.3411788940429688,2.2533846855163575,2.3411788940429688,527600,0.0,0.0
1991-03-01,2.2826495113143004,2.4289731979370117,2.253384773989758,2.4289731979370117,388800,0.0,0.0
1991-03-04,2.4289737300174994,2.45823847375265,2.3997089862823486,2.3997089862823486,143600,0.0,0.0
1991-03-05,2.3997088008456764,2.428973542319404,2.3411793178982205,2.3704440593719482,197600,0.0,0.0
1991-03-06,2.3704439061028615,2.458238124847412,2.3704439061028615,2.458238124847412,240000,0.0,0.0
1991-03-07,2.4875028133392334,2.5460322913001563,2.4582380743587717,2.4875028133392334,298800,0.0,0.0
1991-03-08,2.4875026725860963,2.4875026725860963,2.4289731979370117,2.4289731979370117,328400,0.0,0.0
1991-03-11,2.45823847375265,2.45823847375265,2.3704442425471983,2.3997089862823486,308800,0.0,0.0
1991-03-12,2.399708366394043,2.4289731025695804,2.311914157867432,2.3411788940429688,91600,0.0,0.0
1991-03-13,2.311914157867432,2.3411788940429688,2.2826494216918944,2.3411788940429688,58400,0.0,0.0
1991-03-14,2.3119142055511475,2.3704436791094046,2.3119142055511475,2.3119142055511475,73600,0.0,0.0
1991-03-15,2.311914157867432,2.3411788940429688,2.311914157867432,2.3411788940429688,33200,0.0,0.0
1991-03-18,2.3119150384680016,2.3411797857903816,2.1948560491784828,2.253385543823242,136800,0.0,0.0
1991-03-19,2.2241204325358073,2.2241204325358073,2.1655909474690755,2.1948556900024414,56400,0.0,0.0
1991-03-20,2.1948555031338253,2.22412024317561,2.0777965429666883,2.165590763092041,238000,0.0,0.0
1991-03-21,2.1948555031338253,2.22412024317561,2.1363260230502568,2.165590763092041,60800,0.0,0.0
1991-03-22,2.1363266110420227,2.1363266110420227,2.0777971148490906,2.1070618629455566,187200,0.0,0.0
1991-03-25,2.1070614112050907,2.2533851203165556,2.077796669382798,2.2241203784942627,641600,0.0,0.0
1991-03-26,2.2241204325358073,2.2241204325358073,2.1655909474690755,2.1948556900024414,274000,0.0,0.0
1991-03-27,2.2241203784942627,2.2826498621388485,2.2241203784942627,2.2241203784942627,477600,0.0,0.0
1991-03-28,2.2241203520033097,2.3997088008456764,2.2241203520033097,2.3704440593719482,367200,0.0,0.0
1991-04-01,2.3704436791094046,2.3704436791094046,2.282649468772019,2.3119142055511475,173200,0.0,0.0
1991-04-02,2.311914157867432,2.3411788940429688,2.2826494216918944,2.3411788940429688,142000,0.0,0.0
1991-04-03,2.3704440593719482,2.458238283793132,2.3704440593719482,2.3704440593719482,241600,0.0,0.0
1991-04-04,2.3997089862823486,2.4289737300174994,2.3997089862823486,2.3997089862823486,87200,0.0,0.0
1991-04-05,2.4289731979370117,2.458237935261554,2.3997084606124695,2.4289731979370117,552400,0.0,0.0
1991-04-08,2.4289737300174994,2.4289737300174994,2.3997089862823486,2.3997089862823486,32800,0.0,0.0
1991-04-09,2.3704440593719482,2.3997088008456764,2.3704440593719482,2.3704440593719482,160000,0.0,0.0
1991-04-10,2.341179166521345,2.458238124847412,2.311914426939828,2.458238124847412,628800,0.0,0.0
1991-04-11,2.42897333537831,2.5460322913001563,2.42897333537831,2.4875028133392334,331200,0.0,0.0
1991-04-12,2.5167675523196946,2.5167675523196946,2.4582380743587717,2.4875028133392334,217600,0.0,0.0
1991-04-15,2.48750323473021,2.516767978668213,2.48750323473021,2.516767978668213,112400,0.0,0.0
1991-04-16,2.487502864428929,2.487502864428929,2.458238124847412,2.458238124847412,217600,0.0,0.0
1991-04-17,2.458238490792208,2.546032722606215,2.458238490792208,2.516767978668213,265600,0.0,0.0
1991-04-18,2.516767216824937,2.5752966869836564,2.4582377466662177,2.546031951904297,327200,0.0,0.0
1991-04-19,2.5167674099106385,2.5167674099106385,2.3997084606124695,2.4289731979370117,75600,0.0,0.0
1991-04-22,2.399708366394043,2.399708366394043,2.311914157867432,2.3411788940429688,130800,0.0,0.0
1991-04-23,2.3411788940429688,2.399708366394043,2.311914157867432,2.3411788940429688,505600,0.0,0.0
1991-04-24,2.3704442425471983,2.4289737300174994,2.3704442425471983,2.3997089862823486,168000,0.0,0.0
1991-04-25,2.3997089862823486,2.4289737300174994,2.3997089862823486,2.3997089862823486,111600,0.0,0.0
1991-04-26,2.370443723287927,2.458237935261554,2.370443723287927,2.4289731979370117,71200,0.0,0.0
1991-04-29,2.4289731979370117,2.4875026725860963,2.4289731979370117,2.4289731979370117,226000,0.0,0.0
1991-04-30,2.3997088008456764,2.3997088008456764,2.311914576424493,2.3704440593719482,324000,0.0,0.0
1991-05-01,2.3704442425471983,2.3997089862823486,2.3411794988120476,2.3997089862823486,46000,0.0,0.0
1991-05-02,2.3997084606124695,2.4289731979370117,2.3997084606124695,2.4289731979370117,270400,0.0,0.0
1991-05-03,2.4289737300174994,2.4289737300174994,2.3704442425471983,2.3997089862823486,816400,0.0,0.0
1991-05-06,2.3704440593719482,2.3704440593719482,2.3411793178982205,2.3704440593719482,108800,0.0,0.0
1991-05-07,2.3704442425471983,2.3997089862823486,2.3704442425471983,2.3997089862823486,204000,0.0,0.0
1991-05-08,2.3997089862823486,2.4289737300174994,2.3704442425471983,2.3997089862823486,236800,0.0,0.0
1991-05-09,2.4289737300174994,2.45823847375265,2.3704442425471983,2.3997089862823486,254000,0.0,0.0
1991-05-10,2.458237935261554,2.458237935261554,2.4289731979370117,2.4289731979370117,208000,0.0,0.0
1991-05-13,2.458238124847412,2.487502864428929,2.4289733852658952,2.458238124847412,230800,0.0,0.0
1991-05-14,2.4289731979370117,2.5167674099106385,2.4289731979370117,2.4289731979370117,96400,0.0,0.0
1991-05-15,2.4289737300174994,2.45823847375265,2.3997089862823486,2.3997089862823486,177200,0.0,0.0
1991-05-16,2.42897345775213,2.42897345775213,2.2826497554779053,2.2826497554779053,354400,0.0,0.0
1991-05-17,2.3119144959327502,2.3119144959327502,2.2826497554779053,2.2826497554779053,242400,0.0,0.0
1991-05-20,2.311914576424493,2.3704440593719482,2.282649834950765,2.3704440593719482,45600,0.0,0.0
1991-05-21,2.3411793178982205,2.3997088008456764,2.3411793178982205,2.3704440593719482,78400,0.0,0.0
1991-05-22,2.3704440593719482,2.3997088008456764,2.3704440593719482,2.3704440593719482,182000,0.0,0.0
1991-05-23,2.3704440593719482,2.3997088008456764,2.3704440593719482,2.3704440593719482,146000,0.0,0.0
1991-05-24,2.3704442425471983,2.3997089862823486,2.3704442425471983,2.3997089862823486,612400,0.0,0.0
1991-05-28,2.399708276507498,2.5752966869836564,2.399708276507498,2.546031951904297,353600,0.0,0.0
1991-05-29,2.575297016567654,2.6923559718661836,2.575297016567654,2.633826494216919,397600,0.0,0.0
1991-05-30,2.6630913692971934,2.7801503305849824,2.633826628975246,2.6923561096191406,987200,0.0,0.0
1991-05-31,2.6923561096191406,2.721620849941088,2.6630913692971934,2.6923561096191406,396400,0.0,0.0
1991-06-03,2.721621111035347,2.838680083552996,2.721621111035347,2.809415340423584,785200,0.0,0.0
1991-06-04,2.809415340423584,2.809415340423584,2.750885854164759,2.809415340423584,739600,0.0,0.0
1991-06-05,2.8386801565536346,2.9557391320816193,2.8386801565536346,2.897209644317627,214800,0.0,0.0
1991-06-06,2.897209644317627,2.926474388199623,2.8679449004356306,2.897209644317627,518000,0.0,0.0
1991-06-07,2.897209302033528,2.9850035233072716,2.867944561608947,2.9557387828826904,498000,0.0,0.0
1991-06-10,2.9264742252873437,3.0435331942988375,2.9264742252873437,2.985003709793091,623200,0.0,0.0
1991-06-11,2.9850035233072716,3.0142682637318523,2.9557387828826904,2.9557387828826904,462400,0.0,0.0
1991-06-12,2.83868038277877,2.83868038277877,2.7216213979219135,2.780150890350342,680800,0.0,0.0
1991-06-13,2.780150188340081,2.780150188340081,2.633826494216919,2.633826494216919,148400,0.0,0.0
1991-06-14,2.692355370034977,2.86794376373291,2.692355370034977,2.86794376373291,524000,0.0,0.0
1991-06-17,2.8386794535013347,3.043532609939575,2.8094147168673,3.043532609939575,1881600,0.0,0.0
1991-06-18,3.043532654091164,3.1898563393840083,2.985003179974026,3.1605916023254395,1288800,0.0,0.0
1991-06-19,3.1020626234776767,3.1020626234776767,3.0142683982849126,3.014268398284912,540800,0.0,0.0
1991-06-20,2.9850035233072716,2.9850035233072716,2.9557387828826904,2.9557387828826904,475200,0.0,0.0
1991-06-21,2.9557387828826904,2.9850035233072716,2.9557387828826904,2.9557387828826904,414400,0.0,0.0
1991-06-24,2.9557389675402175,2.985003709793091,2.9264742252873437,2.985003709793091,353600,0.0,0.0
1991-06-25,2.955738750929685,2.9850034910378995,2.838679790496826,2.838679790496826,434800,0.0,0.0
1991-06-26,2.809415340423584,2.838680083552996,2.6923563679059344,2.809415340423584,376400,0.0,0.0
1991-06-27,2.838680083552996,2.838680083552996,2.809415340423584,2.809415340423584,109200,0.0,0.0
1991-06-28,2.8094150807597846,2.9557387828826904,2.780150340335204,2.9557387828826904,424000,0.0,0.0
1991-07-01,2.9557393169403077,2.9557393169403077,2.8679450798034667,2.9264745712280273,164400,0.0,0.0
1991-07-02,2.9264745712280273,2.9557393169403077,2.8386803340911864,2.9264745712280273,734800,0.0,0.0
1991-07-03,2.8972092707132555,2.8972092707132555,2.8094150503886115,2.838679790496826,425200,0.0,0.0
1991-07-05,2.838680083552996,2.838680083552996,2.809415340423584,2.809415340423584,10800,0.0,0.0
1991-07-08,2.780150225821962,2.8094149650411406,2.721620747383605,2.750885486602783,302000,0.0,0.0
1991-07-09,2.7508854866027836,2.8094149650411406,2.721620747383605,2.750885486602783,78800,0.0,0.0
1991-07-10,2.721620849941088,2.721620849941088,2.6923561096191406,2.6923561096191406,224400,0.0,0.0
1991-07-11,2.6923561096191406,2.6923561096191406,2.633826628975246,2.6923561096191406,173600,0.0,0.0
1991-07-12,2.692356294201266,2.721621036529541,2.692356294201266,2.721621036529541,35200,0.0,0.0
1991-07-15,2.750885590263035,2.750885590263035,2.6923561096191406,2.6923561096191406,80400,0.0,0.0
1991-07-16,2.692356294201266,2.7508857788578154,2.633826809544717,2.721621036529541,491600,0.0,0.0
1991-07-17,2.6923561096191406,2.721620849941088,2.6923561096191406,2.6923561096191406,340400,0.0,0.0
1991-07-18,2.6923561096191406,2.721620849941088,2.6923561096191406,2.6923561096191406,237200,0.0,0.0
1991-07-19,2.6923561096191406,2.6923561096191406,2.6630913692971934,2.6923561096191406,107600,0.0,0.0
1991-07-22,2.6338268410075796,2.6338268410075796,2.575297355651856,2.5752973556518555,159200,0.0,0.0
1991-07-23,2.575297355651856,2.6045620983297177,2.575297355651856,2.5752973556518555,28800,0.0,0.0
1991-07-24,2.5752966869836564,2.604561422063016,2.546031951904297,2.546031951904297,110400,0.0,0.0
1991-07-25,2.458238061269124,2.8679444048139784,2.458238061269124,2.633826494216919,992400,0.0,0.0
1991-07-26,2.6045626388801324,2.7216216338859813,2.5752978901286703,2.6630921363830566,307200,0.0,0.0
1991-07-29,2.633826786212707,2.633826786212707,2.5460325600056164,2.6045620441436768,64400,0.0,0.0
1991-07-30,2.546032920636629,2.9264746214214123,2.5167681744224146,2.780150890350342,715600,0.0,0.0
1991-07-31,2.809415238626887,2.809415238626887,2.6045620441436768,2.6045620441436768,988800,0.0,0.0
1991-08-01,2.633826786212707,2.6630915282817367,2.5752973020746466,2.6045620441436768,338800,0.0,0.0
1991-08-02,2.6338268410075796,2.663091583685442,2.575297355651856,2.5752973556518555,420800,0.0,0.0
1991-08-05,2.6045617553922864,2.633826494216919,2.6045617553922864,2.633826494216919,120000,0.0,0.0
1991-08-06,2.7508854866027836,2.780150225821962,2.7508854866027836,2.750885486602783,736000,0.0,0.0
1991-08-07,2.750885854164759,2.8679448266824084,2.750885854164759,2.809415340423584,603200,0.0,0.0
1991-08-08,2.809415636564556,2.867945128992984,2.780150890350342,2.780150890350342,452800,0.0,0.0
1991-08-09,2.780150890350342,2.780150890350342,2.750886144136128,2.780150890350342,187600,0.0,0.0
1991-08-12,2.750886144136128,2.809415636564556,2.750886144136128,2.780150890350342,1024400,0.0,0.0
1991-08-13,2.8094150807597846,2.9850035233072716,2.8094150807597846,2.9557387828826904,1863600,0.0,0.0
1991-08-14,2.9850035233072716,3.0142682637318523,2.9264740424581093,2.9557387828826904,529200,0.0,0.0
1991-08-15,2.9850026928648656,2.9850026928648656,2.8094142991669324,2.86794376373291,324000,0.0,0.0
1991-08-16,2.86794376373291,2.86794376373291,2.7801495668839435,2.86794376373291,116800,0.0,0.0
1991-08-19,2.633826494216919,2.6923559718661836,2.5167675389183892,2.633826494216919,193600,0.0,0.0
1991-08-20,2.750886144136128,2.780150890350342,2.7216213979219135,2.780150890350342,216000,0.0,0.0
1991-08-21,2.8094155883789065,2.9264745712280273,2.780150842666626,2.9264745712280273,283200,0.0,0.0
1991-08-22,2.9557393169403077,2.9557393169403077,2.8679450798034667,2.9264745712280273,248800,0.0,0.0
1991-08-23,2.9264740424581093,3.0142682637318523,2.9264740424581093,2.9557387828826904,228000,0.0,0.0
1991-08-26,2.9557389675402175,2.985003709793091,2.9264742252873437,2.985003709793091,130800,0.0,0.0
1991-08-27,2.985003656553991,3.0142683982849126,2.9557389148230695,3.014268398284912,186000,0.0,0.0
1991-08-28,2.9850043626589193,3.1313281059265132,2.9850043626589193,3.1313281059265137,1104800,0.0,0.0
1991-08-29,3.1605917410417033,3.277650694413618,3.1313270026987245,3.219121217727661,724400,0.0,0.0
1991-08-30,3.2191214045962773,3.2776508846798458,3.189856664554493,3.2483861446380615,670000,0.0,0.0
1991-09-03,3.306915332164083,3.365444807069642,3.2776505947113033,3.2776505947113037,768000,0.0,0.0
1991-09-04,3.2483859560706394,3.3069154327565973,3.1313270026987245,3.219121217727661,747600,0.0,0.0
1991-09-05,3.2776507327431124,3.3361802101135254,3.2191212553726998,3.3361802101135254,533200,0.0,0.0
1991-09-06,3.306915332164083,3.306915332164083,3.248385857258524,3.2776505947113037,254800,0.0,0.0
1991-09-09,3.277651235597943,3.277651235597943,3.189857006072998,3.189857006072998,67600,0.0,0.0
1991-09-10,3.2191217492479796,3.2191217492479796,3.189857006072998,3.189857006072998,85200,0.0,0.0
1991-09-11,3.189857006072998,3.2483864924229615,3.189857006072998,3.189857006072998,345200,0.0,0.0
1991-09-12,3.2483864924229615,3.2483864924229615,3.189857006072998,3.189857006072998,190000,0.0,0.0
1991-09-13,3.2483861446380615,3.2776508846798458,3.2191214045962773,3.2483861446380615,987200,0.0,0.0
1991-09-16,3.1605928545800324,3.189857603233551,3.1313281059265132,3.1313281059265137,367200,0.0,0.0
1991-09-17,3.1313274446523414,3.1313274446523414,3.0727979597055683,3.102062702178955,231600,0.0,0.0
1991-09-18,3.1313268652668707,3.1605916023254395,3.102062128208302,3.1605916023254395,233600,0.0,0.0
1991-09-19,3.1898563393840083,3.219121076442577,3.1313268652668707,3.1605916023254395,381200,0.0,0.0
1991-09-20,3.189857603233551,3.189857603233551,3.1020633572729945,3.1313281059265137,159600,0.0,0.0
1991-09-23,3.160591997419085,3.160591997419085,3.0727977752685547,3.0727977752685547,137200,0.0,0.0
1991-09-24,3.102062485005596,3.102062485005596,2.9557387828826904,2.9557387828826904,157600,0.0,0.0
1991-09-25,2.926474388199623,2.926474388199623,2.8386801565536346,2.897209644317627,84000,0.0,0.0
1991-09-26,2.926473228298888,2.9557379605818768,2.86794376373291,2.86794376373291,216400,0.0,0.0
1991-09-27,2.838680083552996,2.897209569811821,2.809415340423584,2.809415340423584,96400,0.0,0.0
1991-09-30,2.838679704260319,2.8679444434794976,2.663091268945248,2.750885486602783,184000,0.0,0.0
1991-10-01,2.7508854866027836,2.8679444434794976,2.721620747383605,2.750885486602783,666400,0.0,0.0
1991-10-02,2.692356294201266,2.7508857788578154,2.692356294201266,2.721621036529541,266800,0.0,0.0
1991-10-03,2.721621036529541,2.721621036529541,2.721621036529541,2.721621036529541,562400,0.0,0.0
1991-10-04,2.721621036529541,2.7508857788578154,2.692356294201266,2.721621036529541,23600,0.0,0.0
1991-10-07,2.721621036529541,2.7508857788578154,2.721621036529541,2.721621036529541,181200,0.0,0.0
1991-10-08,2.692356008164426,2.7508854866027836,2.692356008164426,2.750885486602783,983200,0.0,0.0
1991-10-09,2.780150310280397,2.867944530605041,2.780150310280397,2.838679790496826,164000,0.0,0.0
1991-10-10,2.83868038277877,2.83868038277877,2.780150890350342,2.780150890350342,36000,0.0,0.0
1991-10-11,2.7801505972941714,2.838680083552996,2.7801505972941714,2.809415340423584,154800,0.0,0.0
1991-10-14,2.8386790314499213,2.86794376373291,2.7508848346009547,2.86794376373291,211200,0.0,0.0
1991-10-15,2.985003709793091,2.985003709793091,2.9264742252873437,2.985003709793091,402400,0.0,0.0
1991-10-16,2.9264740424581093,2.9557387828826904,2.838679821184366,2.9557387828826904,246000,0.0,0.0
1991-10-17,2.926474173092148,3.1020626234776767,2.926474173092148,3.014268398284912,356000,0.0,0.0
1991-10-18,3.0142683982849126,3.072797881746755,3.0142683982849126,3.014268398284912,313600,0.0,0.0
1991-10-21,3.0142682637318523,3.0142682637318523,2.9264740424581093,2.9557387828826904,236800,0.0,0.0
1991-10-22,2.9850035531180246,3.189856738135928,2.9850035531180246,3.0727977752685547,438400,0.0,0.0
1991-10-23,3.5117695249360183,3.5117695249360183,3.306916302648084,3.3947105407714844,2338800,0.0,0.0
1991-10-24,3.423974936291323,3.453239679336548,3.336180707155648,3.453239679336548,996800,0.0,0.0
1991-10-25,3.4825044223817727,3.4825044223817727,3.3947101932460977,3.453239679336548,287600,0.0,0.0
1991-10-28,3.423975286812618,3.423975286812618,3.3361810486892174,3.3947105407714844,373200,0.0,0.0
1991-10-29,3.3654453974811966,3.4825043678283687,3.3361806548944037,3.482504367828369,200400,0.0,0.0
1991-10-30,3.4825043678283687,3.511769110415162,3.453239625241576,3.482504367828369,317600,0.0,0.0
1991-10-31,3.511769110415162,3.511769110415162,3.453239625241576,3.482504367828369,658800,0.0,0.0
1991-11-01,3.4825043678283687,3.511769110415162,3.453239625241576,3.482504367828369,625600,0.0,0.0
1991-11-04,3.453239519734028,3.599563228197334,3.453239519734028,3.5410337448120117,447200,0.0,0.0
1991-11-05,3.541033853001955,3.541033853001955,3.4825043678283687,3.482504367828369,400800,0.0,0.0
1991-11-06,3.5117688179016113,3.5117688179016113,3.4825040777524316,3.5117688179016113,101600,0.0,0.0
1991-11-07,3.511769027709961,3.6580927371978764,3.4825042858123783,3.658092737197876,670000,0.0,0.0
1991-11-08,3.687357187271118,3.716621926852635,3.6580924476896013,3.687357187271118,307600,0.0,0.0
1991-11-11,3.7166225910186763,3.7751520806410177,3.7166225910186763,3.7166225910186768,236800,0.0,0.0
1991-11-12,3.7458874147329757,3.9507406327261854,3.7458874147329757,3.921475887298584,556000,0.0,0.0
1991-11-13,3.8629461435171275,3.892210887028621,3.804416656494141,3.8044166564941406,722400,0.0,0.0
1991-11-14,3.833681188583374,3.833681188583374,3.628827995300293,3.658092737197876,651200,0.0,0.0
1991-11-15,3.6873576619983774,3.6873576619983774,3.2191217684112816,3.3069159984588623,607200,0.0,0.0
1991-11-18,3.306915471428319,3.3654449487987317,3.2776507327431124,3.3361802101135254,663200,0.0,0.0
1991-11-19,3.3361807418080556,3.3361807418080556,3.1313275383637014,3.3069159984588623,682400,0.0,0.0
1991-11-20,3.3361803647634147,3.365445104805199,3.2191214045962773,3.2483861446380615,214400,0.0,0.0
1991-11-21,3.2191212177276607,3.2191212177276607,3.189856479384682,3.219121217727661,210400,0.0,0.0
1991-11-22,3.2191217492479796,3.3361807219479065,3.189857006072998,3.189857006072998,389600,0.0,0.0
1991-11-25,3.1605916023254395,3.1605916023254395,3.102062128208302,3.1605916023254395,374000,0.0,0.0
1991-11-26,3.189856293109747,3.189856293109747,2.9850031366715064,3.043532609939575,306000,0.0,0.0
1991-11-27,3.043533140015834,3.072797881746755,3.0142683982849126,3.014268398284912,158000,0.0,0.0
1991-11-29,3.0435338599659567,3.1605928545800324,3.0435338599659567,3.1313281059265137,191200,0.0,0.0
1991-12-02,3.102062128208302,3.1605916023254395,3.072797391149733,3.1605916023254395,128800,0.0,0.0
1991-12-03,3.1605916023254395,3.219121076442577,3.1313268652668707,3.1605916023254395,220000,0.0,0.0
1991-12-04,3.2191223518870697,3.2191223518870697,3.1020633572729945,3.1313281059265137,603600,0.0,0.0
1991-12-05,3.1605919245127088,3.2483861446380615,3.10206244442914,3.2483861446380615,481600,0.0,0.0
1991-12-06,3.248385857258524,3.3947095445224216,3.248385857258524,3.2776505947113037,167200,0.0,0.0
1991-12-09,3.3361800696168626,3.365444807069642,3.2776505947113033,3.2776505947113037,183200,0.0,0.0
1991-12-10,3.2776512551096686,3.3361807418080556,3.2776512551096686,3.3069159984588623,350800,0.0,0.0
1991-12-11,3.2483859560706394,3.277650694413618,3.2191212177276607,3.219121217727661,549200,0.0,0.0
1991-12-12,3.2483861446380615,3.3069156247216305,3.2483861446380615,3.2483861446380615,112400,0.0,0.0
1991-12-13,3.3069159984588623,3.3069159984588623,3.2776512551096686,3.3069159984588623,713200,0.0,0.0
1991-12-16,3.336180377006531,3.5117688179016113,3.306915636857351,3.5117688179016113,369200,0.0,0.0
1991-12-17,3.4532394938998756,3.4532394938998756,3.423974752426148,3.4239747524261475,257600,0.0,0.0
1991-12-18,3.4532394176576195,3.5995631217956543,3.4532394176576195,3.5995631217956543,353200,0.0,0.0
1991-12-19,3.5410341649759007,3.6288284004711713,3.5410341649759007,3.570298910140991,660400,0.0,0.0
1991-12-20,3.5995636553060812,3.5995636553060812,3.5410341649759007,3.570298910140991,444400,0.0,0.0
1991-12-23,3.5995629685265675,3.687357187271118,3.570298228945051,3.687357187271118,371600,0.0,0.0
1991-12-24,3.804416128697286,3.8336808681488033,3.716621910342733,3.8336808681488037,722000,0.0,0.0
1991-12-26,3.862946510314942,3.8922112566052065,3.804417017734412,3.8629465103149414,652400,0.0,0.0
1991-12-27,3.8629461435171275,3.8629461435171275,3.804416656494141,3.8044166564941406,215600,0.0,0.0
1991-12-30,3.7751519680023193,3.8044167119403216,3.7166224801263144,3.7751519680023193,499200,0.0,0.0
1991-12-31,3.687357846207506,3.7458873358298472,3.658093101396335,3.7166225910186768,459200,0.0,0.0
1992-01-02,3.658093101396335,3.7166225910186763,3.5995636117739935,3.7166225910186768,635600,0.0,0.0
1992-01-03,3.7166225910186763,3.7751520806410177,3.687357846207506,3.7166225910186768,1215200,0.0,0.0
1992-01-06,3.7166222985833888,3.77515178360045,3.687357556074858,3.745887041091919,748000,0.0,0.0
1992-01-07,3.7458870410919194,3.7458870410919194,3.687357556074858,3.745887041091919,1198000,0.0,0.0
1992-01-08,3.7458864099839153,4.009269048185909,3.7166216724059162,3.98000431060791,1118400,0.0,0.0
1992-01-09,4.0385355949401855,4.067800345628158,3.980006093564241,4.0385355949401855,692800,0.0,0.0
1992-01-10,4.009269048185909,4.038533785763909,3.892210097873912,3.98000431060791,475200,0.0,0.0
1992-01-13,3.9507411692264305,4.009270668029785,3.892211670423076,4.009270668029785,350000,0.0,0.0
1992-01-14,3.980006732529016,4.097065754073987,3.980006732529016,4.067800998687744,412000,0.0,0.0
1992-01-15,4.0970649162348165,4.0970649162348165,4.009270668029785,4.009270668029785,806400,0.0,0.0
1992-01-16,3.950740993022919,4.214123725891113,3.950740993022919,4.214123725891113,750000,0.0,0.0
1992-01-17,4.243387733186994,4.272652476174491,4.097064018249512,4.097064018249512,528000,0.0,0.0
1992-01-20,4.155594415038172,4.155594415038172,3.9214764198247534,4.009270668029785,384000,0.0,0.0
1992-01-21,4.038535298241509,4.038535298241509,3.848314432744627,3.9507410526275635,652800,0.0,0.0
1992-01-22,3.980006093564241,4.067800345628158,3.9507413428762685,4.0385355949401855,1309600,0.0,0.0
1992-01-23,4.038534532274519,4.097064018249512,3.980005046299526,4.097064018249512,686800,0.0,0.0
1992-01-24,4.2141214290135345,4.331180357597244,4.15559196472168,4.15559196472168,1415600,0.0,0.0
1992-01-27,4.184859400945353,4.214124152000915,4.1263298988342285,4.1263298988342285,954400,0.0,0.0
1992-01-28,4.12633050946023,4.12633050946023,4.038536243301501,4.067800998687744,554800,0.0,0.0
1992-01-29,4.097062500429826,4.243386161159462,4.067797768283898,4.15559196472168,501600,0.0,0.0
1992-01-30,4.126327424616247,4.243386358647913,4.126327424616247,4.18485689163208,92800,0.0,0.0
1992-01-31,4.155592158124163,4.243386358647913,4.155592158124163,4.18485689163208,856800,0.0,0.0
1992-02-03,4.184858393995729,4.301917370051553,4.155593649981773,4.272652626037598,482800,0.0,0.0
1992-02-04,4.243386745452881,4.272651481628418,4.214122009277344,4.243386745452881,241600,0.0,0.0
1992-02-05,4.214121625139996,4.214121625139996,4.126327424616247,4.18485689163208,681200,0.0,0.0
1992-02-06,4.15559196472168,4.184856696867607,4.15559196472168,4.15559196472168,122800,0.0,0.0
1992-02-07,4.15559196472168,4.184856696867607,4.126327232575752,4.15559196472168,206400,0.0,0.0
1992-02-10,4.18485689163208,4.214121625139996,4.155592158124163,4.18485689163208,714000,0.0,0.0
1992-02-11,4.214122009277344,4.243386745452881,4.184857273101807,4.243386745452881,426800,0.0,0.0
1992-02-12,4.272652937695871,4.477506160736084,4.214123445398667,4.477506160736084,1574400,0.0,0.0
1992-02-13,4.623828315734864,4.711622524261474,4.565298843383789,4.6823577880859375,2422800,0.0,0.0
1992-02-14,4.682358176844895,4.740887654055456,4.536034483818492,4.594563961029053,994000,0.0,0.0
1992-02-18,4.594564411375258,4.770152860217625,4.536034928427803,4.7408881187438965,745600,0.0,0.0
1992-02-19,4.682357884660552,4.71162262143968,4.594563674323167,4.623828411102295,555200,0.0,0.0
1992-02-20,4.653093147881424,4.653093147881424,4.565298937544038,4.623828411102295,381200,0.0,0.0
1992-02-21,4.623828411102295,4.653093147881424,4.594563674323167,4.623828411102295,753600,0.0,0.0
1992-02-24,4.653094374893496,4.682359119389681,4.360446929931641,4.360446929931641,860400,0.0,0.0
1992-02-25,4.3604463277718954,4.6238289918655004,4.331181587317051,4.5652995109558105,898400,0.0,0.0
1992-02-26,4.506770030046121,4.6238289918655004,4.506770030046121,4.5652995109558105,838800,0.0,0.0
1992-02-27,4.5652995109558105,4.6238289918655004,4.536034770500965,4.5652995109558105,446800,0.0,0.0
1992-02-28,4.536034107208252,4.594563579559327,4.506769371032715,4.536034107208252,535600,0.0,0.0
1992-03-02,4.506769371032715,4.565298843383789,4.448239898681641,4.536034107208252,967200,0.0,0.0
1992-03-03,4.536034107208252,4.565298843383789,4.536034107208252,4.536034107208252,310000,0.0,0.0
1992-03-04,4.536034982455404,4.565299724277697,4.448240756988525,4.448240756988525,365600,0.0,0.0
1992-03-05,4.448241710662842,4.477506458759308,4.097064733505249,4.214123725891113,722800,0.0,0.0
1992-03-06,4.214123138009685,4.301917370051553,4.214123138009685,4.272652626037598,540000,0.0,0.0
1992-03-09,4.272652334096481,4.389711302153919,4.272652334096481,4.30191707611084,258800,0.0,0.0
1992-03-10,4.3311821854354555,4.389711674427827,4.3019174409392695,4.360446929931641,784400,0.0,0.0
1992-03-11,4.36044670513698,4.36044670513698,3.9214755603245326,4.097064018249512,1497600,0.0,0.0
1992-03-12,4.038536243301501,4.2433895310052,3.9214772217565304,4.067800998687744,1239200,0.0,0.0
1992-03-13,4.0970649162348165,4.0970649162348165,3.9800059186281076,4.009270668029785,488000,0.0,0.0
1992-03-16,4.009270123581388,4.009270123581388,3.83368165101578,3.921475887298584,922800,0.0,0.0
1992-03-17,3.9214763040895817,3.9800058011655457,3.8922115555516,3.9507410526275635,827200,0.0,0.0
1992-03-18,3.950740303312029,4.097064018249512,3.950740303312029,4.097064018249512,470800,0.0,0.0
1992-03-19,4.038533938558478,4.067798677243684,3.8922102451324463,3.8922102451324463,358000,0.0,0.0
1992-03-20,3.9214764198247534,4.0970649162348165,3.9214764198247534,4.009270668029785,297200,0.0,0.0
1992-03-23,4.009270549703528,4.038535298241509,3.9507410526275635,3.9507410526275635,86800,0.0,0.0
1992-03-24,3.980004461188065,3.980004461188065,3.86294550644724,3.8922102451324463,120400,0.0,0.0
1992-03-25,3.804417422218044,4.009270668029785,3.658093675209658,4.009270668029785,2132000,0.0,0.0
1992-03-26,4.067800345628158,4.2141240990680195,4.0385355949401855,4.0385355949401855,744000,0.0,0.0
1992-03-27,4.067799208685756,4.067799208685756,3.7458870410919194,3.745887041091919,272400,0.0,0.0
1992-03-30,3.745887169471154,3.9214756305401144,3.7166224259596605,3.8044166564941406,920400,0.0,0.0
1992-03-31,3.8336808681488033,3.8922103470518383,3.804416128697286,3.8336808681488037,586800,0.0,0.0
1992-04-01,3.8044168254521886,3.8044168254521886,3.687357846207506,3.7166225910186768,934400,0.0,0.0
1992-04-02,3.658093101396335,3.7458873358298472,3.658093101396335,3.7166225910186768,896400,0.0,0.0
1992-04-03,3.687357846207506,3.7166225910186763,3.658093101396335,3.7166225910186768,423600,0.0,0.0
1992-04-06,3.687357556074858,3.7458870410919194,3.6580928135663275,3.745887041091919,400000,0.0,0.0
1992-04-07,3.745887109788798,3.745887109788798,3.3947101932460977,3.453239679336548,1200400,0.0,0.0
1992-04-08,3.4532391648543506,3.4825039035395573,3.248385994057906,3.3361802101135254,1201600,0.0,0.0
1992-04-09,3.3361805529633832,3.570298486504673,3.3361805529633832,3.5410337448120117,580000,0.0,0.0
1992-04-10,3.5995631217956543,3.6873573442784755,3.5995631217956543,3.5995631217956543,638000,0.0,0.0
1992-04-13,3.628827995300293,3.6580927371978764,3.59956325340271,3.658092737197876,353200,0.0,0.0
1992-04-14,3.658092518647512,3.658092518647512,3.4532393376032515,3.5117688179016113,1199200,0.0,0.0
1992-04-15,3.4825038628144696,3.4825038628144696,3.189856479384682,3.219121217727661,1135200,0.0,0.0
1992-04-16,3.2776515566069504,3.423975286812618,3.2776515566069504,3.3947105407714844,1738800,0.0,0.0
1992-04-20,3.3361800696168626,3.423974281975201,3.248385857258524,3.2776505947113037,1166800,0.0,0.0
1992-04-21,3.365445794730351,3.3947105407714844,3.3361810486892174,3.3947105407714844,567600,0.0,0.0
1992-04-22,3.365445485157249,3.365445485157249,3.2776512551096686,3.3069159984588623,660000,0.0,0.0
1992-04-23,3.3069165978476263,3.3069165978476263,3.014269111312438,3.1313281059265137,742400,0.0,0.0
1992-04-24,3.160591997419085,3.160591997419085,3.0727977752685547,3.0727977752685547,352800,0.0,0.0
1992-04-27,3.0727979597055683,3.1020627021789546,2.9850037322854095,3.102062702178955,812000,0.0,0.0
1992-04-28,3.07279734657361,3.102062083207644,3.014267873305541,3.043532609939575,830400,0.0,0.0
1992-04-29,3.0435329643455713,3.2483861446380615,3.0435329643455713,3.2483861446380615,700800,0.0,0.0
1992-04-30,3.277651221065198,3.5117691654269976,3.277651221065198,3.453239679336548,600000,0.0,0.0
1992-05-01,3.4532393579897676,3.5995630595995034,3.3361803967019785,3.365445137023926,471600,0.0,0.0
1992-05-04,3.306915332164083,3.365444807069642,3.2776505947113033,3.2776505947113037,762800,0.0,0.0
1992-05-05,3.248385857258524,3.2776505947113033,3.1605916449001854,3.2776505947113037,647200,0.0,0.0
1992-05-06,3.336180171099576,3.3654449094425547,3.2191212177276607,3.219121217727661,362000,0.0,0.0
1992-05-07,3.248386303583781,3.423974752426148,3.248386303583781,3.4239747524261475,384800,0.0,0.0
1992-05-08,3.365444807069642,3.3947095445224216,3.2776505947113033,3.2776505947113037,904000,0.0,0.0
1992-05-11,3.2483865117604753,3.3361807418080556,3.2483865117604753,3.3069159984588623,190400,0.0,0.0
1992-05-12,3.306915332164083,3.3361800696168626,3.248385857258524,3.2776505947113037,112000,0.0,0.0
1992-05-13,3.2483861446380615,3.2483861446380615,3.2191214045962773,3.2483861446380615,569200,0.0,0.0
1992-05-14,3.2483859560706394,3.2483859560706394,3.189856479384682,3.219121217727661,168800,0.0,0.0
1992-05-15,3.2191217492479796,3.2191217492479796,3.189857006072998,3.189857006072998,173200,0.0,0.0
1992-05-18,3.1898565166874935,3.3361802101135254,3.1898565166874935,3.3361802101135254,494400,0.0,0.0
1992-05-19,3.3654449487987317,3.394709687483938,3.306915471428319,3.3361802101135254,209200,0.0,0.0
1992-05-20,3.3069156247216305,3.3361803647634147,3.2483861446380615,3.2483861446380615,262400,0.0,0.0
1992-05-21,3.219121734974748,3.453239679336548,3.1898569919295228,3.453239679336548,1928800,0.0,0.0
1992-05-22,3.4825042353736033,3.511768976847331,3.365445269478692,3.4239747524261475,1095200,0.0,0.0
1992-05-26,3.4239746176678203,3.4532393579897676,3.365445137023926,3.365445137023926,137600,0.0,0.0
1992-05-27,3.365445269478692,3.423974752426148,3.3361805280049643,3.4239747524261475,192000,0.0,0.0
1992-05-28,3.4239748220765187,3.453239564145549,2.6045620441436768,2.6045620441436768,3720800,0.0,0.0
1992-05-29,2.7508854866027836,2.780150225821962,2.692356008164426,2.750885486602783,5429200,0.0,0.0
1992-06-01,2.7508854866027836,2.7508854866027836,2.721620747383605,2.750885486602783,1132400,0.0,0.0
1992-06-02,2.7508854866027836,2.8094149650411406,2.7508854866027836,2.750885486602783,1615200,0.0,0.0
1992-06-03,2.750885590263035,2.7801503305849824,2.6923561096191406,2.6923561096191406,1541600,0.0,0.0
1992-06-04,2.721621036529541,2.7508857788578154,2.6630915518729914,2.721621036529541,540000,0.0,0.0
1992-06-05,2.6923568851345188,2.6923568851345188,2.6338273876315945,2.6630921363830566,529600,0.0,0.0
1992-06-08,2.663091583685442,2.663091583685442,2.5460326129739936,2.5752973556518555,1143600,0.0,0.0
1992-06-09,2.604561422063016,2.604561422063016,2.516767216824937,2.546031951904297,3946800,0.0,0.0
1992-06-10,2.546032704958102,2.546032704958102,2.3997089862823486,2.3997089862823486,916800,0.0,0.0
1992-06-11,2.42897333537831,2.5167675523196946,2.42897333537831,2.4875028133392334,472000,0.0,0.0
1992-06-12,2.458238490792208,2.516767978668213,2.458238490792208,2.516767978668213,389600,0.0,0.0
1992-06-15,2.5167678179365867,2.6630915282817367,2.5167678179365867,2.6045620441436768,252800,0.0,0.0
1992-06-16,2.6045620672164422,2.7508857788578154,2.6045620672164422,2.721621036529541,487600,0.0,0.0
1992-06-17,2.6923559718661836,2.721620710690816,2.633826494216919,2.633826494216919,561200,0.0,0.0
1992-06-18,2.633826954420223,2.633826954420223,2.4289737468542056,2.516767978668213,368000,0.0,0.0
1992-06-19,2.516767870296132,2.6045620983297177,2.516767870296132,2.5752973556518555,498800,0.0,0.0
1992-06-22,2.516767604010446,2.5460323435919627,2.458238124847412,2.458238124847412,377200,0.0,0.0
1992-06-23,2.4875028133392334,2.5460322913001563,2.4582380743587717,2.4875028133392334,267600,0.0,0.0
1992-06-24,2.516767978668213,2.516767978668213,2.458238490792208,2.516767978668213,574000,0.0,0.0
1992-06-25,2.487502864428929,2.575297083173479,2.458238124847412,2.458238124847412,890800,0.0,0.0
1992-06-26,2.458238124847412,2.458238124847412,2.3997086456843784,2.458238124847412,371200,0.0,0.0
1992-06-29,2.42897333537831,2.5460322913001563,2.42897333537831,2.4875028133392334,177600,0.0,0.0
1992-06-30,2.4875028133392334,2.5167675523196946,2.4875028133392334,2.4875028133392334,553200,0.0,0.0
1992-07-01,2.48750323473021,2.516767978668213,2.458238490792208,2.516767978668213,495600,0.0,0.0
1992-07-02,2.487502864428929,2.5460323435919627,2.4289733852658952,2.458238124847412,782000,0.0,0.0
1992-07-06,2.4289737468542056,2.516767978668213,2.4289737468542056,2.516767978668213,199200,0.0,0.0
1992-07-07,2.516767604010446,2.5460323435919627,2.458238124847412,2.458238124847412,255600,0.0,0.0
1992-07-08,2.4289733852658952,2.516767604010446,2.4289733852658952,2.458238124847412,298400,0.0,0.0
1992-07-09,2.487502864428929,2.487502864428929,2.4289733852658952,2.458238124847412,321600,0.0,0.0
1992-07-10,2.4582380743587717,2.5167675523196946,2.4582380743587717,2.4875028133392334,102000,0.0,0.0
1992-07-13,2.458238124847412,2.487502864428929,2.4289733852658952,2.458238124847412,447200,0.0,0.0
1992-07-14,2.45823847375265,2.45823847375265,2.3704442425471983,2.3997089862823486,477200,0.0,0.0
1992-07-15,2.3704440593719482,2.428973542319404,2.3411793178982205,2.3704440593719482,384400,0.0,0.0
1992-07-16,2.3704439061028615,2.458238124847412,2.3704439061028615,2.458238124847412,374800,0.0,0.0
1992-07-17,2.4289737300174994,2.4289737300174994,2.3411794988120476,2.3997089862823486,298800,0.0,0.0
1992-07-20,2.3997088995846836,2.6045620983297177,2.3997088995846836,2.5752973556518555,1390800,0.0,0.0
1992-07-21,2.633826494216919,2.721620710690816,2.633826494216919,2.633826494216919,594800,0.0,0.0
1992-07-22,2.6630921363830566,2.6923568851345188,2.6338273876315945,2.6630921363830566,280000,0.0,0.0
1992-07-23,2.663091583685442,2.663091583685442,2.575297355651856,2.5752973556518555,252400,0.0,0.0
1992-07-24,2.6338268410075796,2.663091583685442,2.575297355651856,2.5752973556518555,368400,0.0,0.0
1992-07-27,2.6045626388801324,2.6923568851345188,2.6045626388801324,2.6630921363830566,742000,0.0,0.0
1992-07-28,2.6630912330415515,2.6923559718661836,2.633826494216919,2.633826494216919,473200,0.0,0.0
1992-07-29,2.6338271592792712,2.809415636564556,2.6338271592792712,2.780150890350342,1588000,0.0,0.0
1992-07-30,2.780150225821962,2.780150225821962,2.721620747383605,2.750885486602783,415200,0.0,0.0
1992-07-31,2.7508854866027836,2.780150225821962,2.721620747383605,2.750885486602783,66000,0.0,0.0
1992-08-03,2.750885924907646,2.9557391320816193,2.7216211810256494,2.897209644317627,1446400,0.0,0.0
1992-08-04,2.926474388199623,2.926474388199623,2.8679449004356306,2.897209644317627,494800,0.0,0.0
1992-08-05,2.897208496015899,2.926473228298888,2.86794376373291,2.86794376373291,189600,0.0,0.0
1992-08-06,2.8386803340911864,2.9557393169403077,2.8386803340911864,2.9264745712280273,462000,0.0,0.0
1992-08-07,2.92647401082147,2.9850034910378995,2.8094150503886115,2.838679790496826,446800,0.0,0.0
1992-08-10,2.809415340423584,2.8679448266824084,2.750885854164759,2.809415340423584,244400,0.0,0.0
1992-08-11,2.8094152635143645,2.8094152635143645,2.721621036529541,2.721621036529541,470000,0.0,0.0
1992-08-12,2.7508857788578154,2.7508857788578154,2.6630915518729914,2.721621036529541,2212400,0.0,0.0
1992-08-13,2.7216213979219135,2.780150890350342,2.7216213979219135,2.780150890350342,539200,0.0,0.0
1992-08-14,2.780150225821962,2.780150225821962,2.721620747383605,2.750885486602783,160000,0.0,0.0
1992-08-17,2.7508854866027836,2.780150225821962,2.721620747383605,2.750885486602783,379600,0.0,0.0
1992-08-18,2.7508857788578154,2.7508857788578154,2.721621036529541,2.721621036529541,326000,0.0,0.0
1992-08-19,2.721620849941088,2.721620849941088,2.6923561096191406,2.6923561096191406,388800,0.0,0.0
1992-08-20,2.721620747383605,2.7508854866027836,2.721620747383605,2.750885486602783,124400,0.0,0.0
1992-08-21,2.8386790314499213,2.897208496015899,2.8386790314499213,2.86794376373291,691600,0.0,0.0
1992-08-24,2.8972092707132555,2.8972092707132555,2.838679790496826,2.838679790496826,190000,0.0,0.0
1992-08-25,2.8386790314499213,2.897208496015899,2.8386790314499213,2.86794376373291,285200,0.0,0.0
1992-08-26,2.8386801565536346,2.897209644317627,2.8386801565536346,2.897209644317627,348000,0.0,0.0
1992-08-27,2.897209644317627,2.926474388199623,2.8679449004356306,2.897209644317627,318800,0.0,0.0
1992-08-28,2.897209302033528,2.9850035233072716,2.897209302033528,2.9557387828826904,404000,0.0,0.0
1992-08-31,2.9850035233072716,2.9850035233072716,2.9557387828826904,2.9557387828826904,147600,0.0,0.0
1992-09-01,2.9850035233072716,2.9850035233072716,2.9264740424581093,2.9557387828826904,234000,0.0,0.0
1992-09-02,2.926474334919347,3.3361807418080556,2.926474334919347,3.3069159984588623,1950400,0.0,0.0
1992-09-03,3.306915287618284,3.306915287618284,3.1605916023254395,3.1605916023254395,807200,0.0,0.0
1992-09-04,3.219121076442577,3.219121076442577,3.1313268652668707,3.1605916023254395,148400,0.0,0.0
1992-09-08,3.043532609939575,3.131326819841678,3.043532609939575,3.043532609939575,368800,0.0,0.0
1992-09-09,3.102062515985398,3.1313272567022414,3.0727977752685547,3.0727977752685547,346400,0.0,0.0
1992-09-10,3.131327184470924,3.2483861446380615,3.10206244442914,3.2483861446380615,243200,0.0,0.0
1992-09-11,3.2483859560706394,3.277650694413618,3.2191212177276607,3.219121217727661,129600,0.0,0.0
1992-09-14,3.2776512551096686,3.3361807418080556,3.2191217684112816,3.3069159984588623,905600,0.0,0.0
1992-09-15,3.2776508846798458,3.2776508846798458,3.189856664554493,3.2483861446380615,831200,0.0,0.0
1992-09-16,3.2191214045962773,3.3361803647634147,3.2191214045962773,3.2483861446380615,427600,0.0,0.0
1992-09-17,3.3361803967019785,3.394709877345873,3.3361803967019785,3.365445137023926,267200,0.0,0.0
1992-09-18,3.3361800696168626,3.365444807069642,3.248385857258524,3.2776505947113037,226800,0.0,0.0
1992-09-21,3.2776505947113033,3.3361800696168626,3.248385857258524,3.2776505947113037,567600,0.0,0.0
1992-09-22,3.3069154327565973,3.3069154327565973,3.2191212177276607,3.219121217727661,91200,0.0,0.0
1992-09-23,3.2776512551096686,3.3069159984588623,3.2483865117604753,3.3069159984588623,177200,0.0,0.0
1992-09-24,3.3069159984588623,3.3947102285064426,3.2776512551096686,3.3069159984588623,182400,0.0,0.0
1992-09-25,3.3069156247216305,3.3069156247216305,3.2191214045962773,3.2483861446380615,219200,0.0,0.0
1992-09-28,3.2776511570192732,3.2776511570192732,3.1020627021789546,3.102062702178955,391200,0.0,0.0
1992-09-29,3.131326819841678,3.131326819841678,2.9557384000374722,3.043532609939575,629600,0.0,0.0
1992-09-30,3.0727977445810146,3.0727977445810146,2.838679821184366,2.9557387828826904,622000,0.0,0.0
1992-10-01,2.9557390560706454,2.9557390560706454,2.809415340423584,2.809415340423584,315200,0.0,0.0
1992-10-02,2.897209825515747,2.9264745712280273,2.8386803340911864,2.9264745712280273,434800,0.0,0.0
1992-10-05,2.897209302033528,2.9557387828826904,2.780150340335204,2.9557387828826904,564400,0.0,0.0
1992-10-06,2.985003656553991,3.072797881746755,2.985003656553991,3.014268398284912,480000,0.0,0.0
1992-10-07,3.0142682637318523,3.0142682637318523,2.9557387828826904,2.9557387828826904,122000,0.0,0.0
1992-10-08,2.9850035531180246,3.102062515985398,2.955738812401181,3.0727977752685547,384000,0.0,0.0
1992-10-09,3.0727977752685547,3.0727977752685547,3.0435330345517113,3.0727977752685547,104400,0.0,0.0
1992-10-12,3.102062776548053,3.189857006072998,3.0727980333730716,3.189857006072998,172400,0.0,0.0
1992-10-13,3.1605916023254395,3.219121076442577,3.1605916023254395,3.1605916023254395,224400,0.0,0.0
1992-10-14,3.1605928545800324,3.1605928545800324,3.072798608619476,3.1313281059265137,824800,0.0,0.0
1992-10-15,3.102062264355746,3.2191212177276607,3.0435327876697884,3.219121217727661,424400,0.0,0.0
1992-10-16,3.2191214045962773,3.365445104805199,3.131327184470924,3.2483861446380615,1713200,0.0,0.0
1992-10-19,3.2191211198057443,3.306915332164083,3.2191211198057443,3.2776505947113037,751600,0.0,0.0
1992-10-20,3.306915912307611,3.511769110415162,3.277651169720818,3.482504367828369,1026800,0.0,0.0
1992-10-21,3.482504778894885,3.482504778894885,3.365445794730351,3.3947105407714844,354000,0.0,0.0
1992-10-22,3.365445794730351,3.4532400328537514,3.3361810486892174,3.3947105407714844,158400,0.0,0.0
1992-10-23,3.3947098448469832,3.3947098448469832,3.2483861446380615,3.2483861446380615,320800,0.0,0.0
1992-10-26,3.2776507327431124,3.3654449487987317,3.248385994057906,3.3361802101135254,121600,0.0,0.0
1992-10-27,3.3361803647634147,3.3361803647634147,3.2191214045962773,3.2483861446380615,143600,0.0,0.0
1992-10-28,3.248385994057906,3.3361802101135254,3.248385994057906,3.3361802101135254,206400,0.0,0.0
1992-10-29,3.3361803647634147,3.3361803647634147,3.2483861446380615,3.2483861446380615,95200,0.0,0.0
1992-10-30,3.2483865117604753,3.3361807418080556,3.2191217684112816,3.3069159984588623,132400,0.0,0.0
1992-11-02,3.3069156563800313,3.365445137023926,3.248386175736137,3.365445137023926,211600,0.0,0.0
1992-11-03,3.2776508846798458,3.2776508846798458,3.2483861446380615,3.2483861446380615,169600,0.0,0.0
1992-11-04,3.2483859560706394,3.2483859560706394,3.2191212177276607,3.219121217727661,184800,0.0,0.0
1992-11-05,3.2191212553726998,3.3361802101135254,3.2191212553726998,3.3361802101135254,248000,0.0,0.0
1992-11-06,3.306915471428319,3.3654449487987317,3.2776507327431124,3.3361802101135254,197200,0.0,0.0
1992-11-09,3.365445137023926,3.365445137023926,3.3069156563800313,3.365445137023926,264400,0.0,0.0
1992-11-10,3.365445485157249,3.423974971855636,3.3069159984588623,3.3069159984588623,194000,0.0,0.0
1992-11-11,3.2776509160580845,3.4239746176678203,3.2776509160580845,3.365445137023926,738000,0.0,0.0
1992-11-12,3.394709877345873,3.394709877345873,3.2776509160580845,3.365445137023926,792400,0.0,0.0
1992-11-13,3.3654449487987317,3.3654449487987317,3.2776507327431124,3.3361802101135254,384000,0.0,0.0
1992-11-16,3.3361800696168626,3.3361800696168626,3.248385857258524,3.2776505947113037,225600,0.0,0.0
1992-11-17,3.277651235597943,3.277651235597943,3.189857006072998,3.189857006072998,248400,0.0,0.0
1992-11-18,3.2191211198057443,3.2776505947113033,3.1605916449001854,3.2776505947113037,241200,0.0,0.0
1992-11-19,3.2776505947113033,3.306915332164083,3.2191211198057443,3.2776505947113037,197200,0.0,0.0
1992-11-20,3.3069159984588623,3.3361807418080556,3.2776512551096686,3.3069159984588623,87200,0.0,0.0
1992-11-23,3.2776505947113033,3.306915332164083,3.248385857258524,3.2776505947113037,94800,0.0,0.0
1992-11-24,3.2483865117604753,3.3069159984588623,3.2483865117604753,3.3069159984588623,214400,0.0,0.0
1992-11-25,3.306915471428319,3.3361802101135254,3.306915471428319,3.3361802101135254,90400,0.0,0.0
1992-11-27,3.365445137023926,3.365445137023926,3.3069156563800313,3.365445137023926,32400,0.0,0.0
1992-11-30,3.336180377006531,3.5702982981999716,3.306915636857351,3.5117688179016113,706000,0.0,0.0
1992-12-01,3.511769110415162,3.541033853001955,3.39471014006799,3.482504367828369,696000,0.0,0.0
1992-12-02,3.5117691654269976,3.5117691654269976,3.3947101932460977,3.453239679336548,652400,0.0,0.0
1992-12-03,3.4239746176678203,3.4532393579897676,3.365445137023926,3.365445137023926,398000,0.0,0.0
1992-12-04,3.3947100363487057,3.5410337448120117,3.3654452946560443,3.5410337448120117,724000,0.0,0.0
1992-12-07,3.5410337448120117,3.570298486504673,3.5117690031193507,3.5410337448120117,526000,0.0,0.0
1992-12-08,3.5995633285492663,3.7458870410919194,3.5995633285492663,3.745887041091919,1168800,0.0,0.0
1992-12-09,3.775151406015669,3.833680885178702,3.687357187271118,3.687357187271118,815600,0.0,0.0
1992-12-10,3.687357846207506,3.7166225910186763,3.6288283565851644,3.7166225910186768,385600,0.0,0.0
1992-12-11,3.7458870410919194,3.8336812686175112,3.687357556074858,3.745887041091919,1124400,0.0,0.0
1992-12-14,3.7751517047882084,3.7751517047882084,3.6580927371978764,3.658092737197876,736400,0.0,0.0
1992-12-15,3.6288284004711713,3.6580931456362613,3.4825046746457207,3.570298910140991,449600,0.0,0.0
1992-12-16,3.5410336401404408,3.5995631217956543,3.5117688993128335,3.5995631217956543,423600,0.0,0.0
1992-12-17,3.6288277081080844,3.687357187271118,3.5995629685265675,3.687357187271118,512800,0.0,0.0
1992-12-18,3.6873568065704836,3.6873568065704836,3.599562596890234,3.6288273334503174,303200,0.0,0.0
1992-12-21,3.5995631217956543,3.6288278626232615,3.5702983809680475,3.5995631217956543,124800,0.0,0.0
1992-12-22,3.5410337448120117,3.570298486504673,3.5117690031193507,3.5410337448120117,613600,0.0,0.0
1992-12-23,3.5117683872099845,3.6288273334503174,3.5117683872099845,3.6288273334503174,966000,0.0,0.0
1992-12-24,3.6288273334503174,3.6288273334503174,3.599562596890234,3.6288273334503174,162000,0.0,0.0
1992-12-28,3.5995636553060812,3.6288284004711713,3.5117694198108107,3.570298910140991,539600,0.0,0.0
1992-12-29,3.570298910140991,3.5995636553060812,3.570298910140991,3.570298910140991,64400,0.0,0.0
1992-12-30,3.5995631217956543,3.5995631217956543,3.5702983809680475,3.5995631217956543,280000,0.0,0.0
1992-12-31,3.5995631217956543,3.6288278626232615,3.5702983809680475,3.5995631217956543,125200,0.0,0.0
1993-01-04,3.5995630383491517,3.5995630383491517,3.4825040777524316,3.5117688179016113,362800,0.0,0.0
1993-01-05,3.4825042614266892,3.5410337448120117,3.453239519734028,3.5410337448120117,531200,0.0,0.0
1993-01-06,3.5117691010236745,3.7458870410919194,3.482504358515144,3.745887041091919,877600,0.0,0.0
1993-01-07,3.745887169471154,3.892210887028621,3.7166224259596605,3.8044166564941406,1401600,0.0,0.0
1993-01-08,3.7458866497942505,3.8336808681488033,3.716621910342733,3.8336808681488037,924000,0.0,0.0
1993-01-11,3.86294550644724,3.8922102451324463,3.8336807677620333,3.8922102451324463,758400,0.0,0.0
1993-01-12,3.83368165101578,3.921475887298584,3.8044169055881785,3.921475887298584,781200,0.0,0.0
1993-01-13,3.892211670423076,4.009270668029785,3.8629469210213987,4.009270668029785,1050400,0.0,0.0
1993-01-14,4.0385335922241214,4.243386745452881,4.0092688560485845,4.243386745452881,1692400,0.0,0.0
1993-01-15,4.214124775618958,4.2433895310052,4.038536243301501,4.067800998687744,1317600,0.0,0.0
1993-01-18,4.097065096316131,4.1263298470041025,3.9214765921882964,4.0385355949401855,722800,0.0,0.0
1993-01-19,3.980006093564241,4.067800345628158,3.980006093564241,4.0385355949401855,526000,0.0,0.0
1993-01-20,4.009270549703528,4.0678000467794915,3.8922115555516,3.9507410526275635,687200,0.0,0.0
1993-01-21,3.8922111418709826,3.9507406327261854,3.83368165101578,3.921475887298584,898800,0.0,0.0
1993-01-22,3.9214748354519116,4.097063260919907,3.892210097873912,3.98000431060791,733200,0.0,0.0
1993-01-25,3.9214763040895817,3.9507410526275635,3.8629468070136177,3.9507410526275635,162400,0.0,0.0
1993-01-26,3.8922112566052065,3.9800054954760005,3.862946510314942,3.8629465103149414,709600,0.0,0.0
1993-01-27,3.8629461998163266,3.8922109437543293,3.687357736188312,3.7751519680023193,708400,0.0,0.0
1993-01-28,3.7458872240643166,3.8336814558783243,3.7458872240643166,3.7751519680023193,273600,0.0,0.0
1993-01-29,3.8044169853473533,3.8044169853473533,3.10206308036015,3.3947105407714844,3081600,0.0,0.0
1993-02-01,3.2776508846798458,3.3069156247216305,3.2191214045962773,3.2483861446380615,2058000,0.0,0.0
1993-02-02,3.2483859560706394,3.277650694413618,3.189856479384682,3.219121217727661,2483200,0.0,0.0
1993-02-03,3.248386303583781,3.423974752426148,3.2191215621100535,3.4239747524261475,1531600,0.0,0.0
1993-02-04,3.39471014006799,3.4825043678283687,3.39471014006799,3.482504367828369,619200,0.0,0.0
1993-02-05,3.4532393579897676,3.541033578955609,3.365445137023926,3.365445137023926,974400,0.0,0.0
1993-02-08,3.3947100109524198,3.423974752426148,3.3361805280049643,3.4239747524261475,591200,0.0,0.0
1993-02-09,3.4239744261691443,3.4532391648543506,3.306915471428319,3.3361802101135254,345200,0.0,0.0
1993-02-10,3.3361806548944037,3.4825043678283687,3.306915912307611,3.482504367828369,1000400,0.0,0.0
1993-02-11,3.4825043678283687,3.4825043678283687,3.453239625241576,3.482504367828369,382400,0.0,0.0
1993-02-12,3.4825043678283687,3.4825043678283687,3.453239625241576,3.482504367828369,340800,0.0,0.0
1993-02-16,3.4532393579897676,3.4532393579897676,3.3069156563800313,3.365445137023926,461600,0.0,0.0
1993-02-17,3.3361807418080556,3.365445485157249,3.2776512551096686,3.3069159984588623,548800,0.0,0.0
1993-02-18,3.3361807418080556,3.365445485157249,3.3069159984588623,3.3069159984588623,760000,0.0,0.0
1993-02-19,3.306915471428319,3.3361802101135254,3.2776507327431124,3.3361802101135254,313200,0.0,0.0
1993-02-22,3.3069159984588623,3.3361807418080556,3.2776512551096686,3.3069159984588623,182800,0.0,0.0
1993-02-23,3.2776512551096686,3.3069159984588623,3.2776512551096686,3.3069159984588623,540000,0.0,0.0
1993-02-24,3.3069156563800313,3.365445137023926,3.3069156563800313,3.365445137023926,439200,0.0,0.0
1993-02-25,3.365445794730351,3.3947105407714844,3.3361810486892174,3.3947105407714844,265200,0.0,0.0
1993-02-26,3.3947101932460977,3.453239679336548,3.365445450200873,3.453239679336548,460800,0.0,0.0
1993-03-01,3.4532393579897676,3.4532393579897676,3.3361803967019785,3.365445137023926,455600,0.0,0.0
1993-03-02,3.336180707155648,3.453239679336548,3.306915964110423,3.453239679336548,384400,0.0,0.0
1993-03-03,3.423974752426148,3.4825042353736033,3.423974752426148,3.4239747524261475,259200,0.0,0.0
1993-03-04,3.4532394938998756,3.4532394938998756,3.3069157865312366,3.4239747524261475,434800,0.0,0.0
1993-03-05,3.4532394176576195,3.6873573442784755,3.4532394176576195,3.5995631217956543,1020400,0.0,0.0
1993-03-08,3.5995633945626726,3.628828137607898,3.423974936291323,3.453239679336548,1429600,0.0,0.0
1993-03-09,3.4532400328537514,3.4532400328537514,3.365445794730351,3.3947105407714844,807600,0.0,0.0
1993-03-10,3.365445450200873,3.4825044223817727,3.365445450200873,3.453239679336548,628400,0.0,0.0
1993-03-11,3.5117690031193507,3.599563228197334,3.5117690031193507,3.5410337448120117,1289200,0.0,0.0
1993-03-12,3.511769027709961,3.6873574790954593,3.4825042858123783,3.658092737197876,759200,0.0,0.0
1993-03-15,3.7458866497942505,3.862945607600321,3.716621910342733,3.8336808681488037,1024800,0.0,0.0
1993-03-16,3.8922111418709826,3.9507406327261854,3.8044169055881785,3.921475887298584,964000,0.0,0.0
1993-03-17,3.8922102451324463,3.9214749838176526,3.8336807677620333,3.8922102451324463,1303600,0.0,0.0
1993-03-18,3.8922115555516,3.9507410526275635,3.8629468070136177,3.9507410526275635,735200,0.0,0.0
1993-03-19,3.9800054954760005,3.9800054954760005,3.833681764024677,3.8629465103149414,1028000,0.0,0.0
1993-03-22,3.804417017734412,3.862946510314942,3.745887525153883,3.8629465103149414,430400,0.0,0.0
1993-03-23,3.8336814000056343,3.8629461435171275,3.804416656494141,3.8044166564941406,330000,0.0,0.0
1993-03-24,3.8044165261089806,3.8922107536345725,3.7458870410919194,3.745887041091919,817600,0.0,0.0
1993-03-25,3.687357187271118,3.687357187271118,3.5995629685265675,3.687357187271118,584000,0.0,0.0
1993-03-26,3.6873568065704836,3.7166215431305667,3.6288273334503174,3.6288273334503174,426400,0.0,0.0
1993-03-29,3.6580920700104005,3.6580920700104005,3.6288273334503174,3.6288273334503174,72800,0.0,0.0
1993-03-30,3.6873573442784755,3.6873573442784755,3.5995631217956543,3.5995631217956543,99600,0.0,0.0
1993-03-31,3.6288273334503174,3.6580920700104005,3.5117683872099845,3.6288273334503174,755200,0.0,0.0
1993-04-01,3.5702983809680475,3.5995631217956543,3.5410336401404408,3.5995631217956543,157600,0.0,0.0
1993-04-02,3.541033908472223,3.541033908472223,3.336180707155648,3.453239679336548,695600,0.0,0.0
1993-04-05,3.4239745974540714,3.5117688179016113,3.4239745974540714,3.5117688179016113,363600,0.0,0.0
1993-04-06,3.4825042353736033,3.5410337183210587,3.423974752426148,3.4239747524261475,514000,0.0,0.0
1993-04-07,3.423974752426148,3.4825042353736033,3.423974752426148,3.4239747524261475,672000,0.0,0.0
1993-04-08,3.4532394938998756,3.4825042353736033,3.423974752426148,3.4239747524261475,96400,0.0,0.0
1993-04-12,3.39471014006799,3.570298595588748,3.39471014006799,3.482504367828369,791200,0.0,0.0
1993-04-13,3.54103338090997,3.570298119595176,3.3361802101135254,3.3361802101135254,404400,0.0,0.0
1993-04-14,3.365445465122888,3.3947102082978695,3.189857006072998,3.189857006072998,390400,0.0,0.0
1993-04-15,3.2483859560706394,3.277650694413618,3.1605917410417033,3.219121217727661,1067200,0.0,0.0
1993-04-16,3.2483858135011463,3.2483858135011463,3.1313268652668707,3.1605916023254395,666400,0.0,0.0
1993-04-19,3.1313272567022414,3.160591997419085,3.0435330345517113,3.0727977752685547,441200,0.0,0.0
1993-04-20,3.1313281059265132,3.1313281059265132,3.072798608619476,3.1313281059265137,842800,0.0,0.0
1993-04-21,3.1313281059265132,3.1313281059265132,3.1020633572729945,3.1313281059265137,293200,0.0,0.0
1993-04-22,3.160591778002287,3.4239744261691443,3.131327039317081,3.3361802101135254,1235200,0.0,0.0
1993-04-23,3.306915332164083,3.3361800696168626,3.2776505947113033,3.2776505947113037,656000,0.0,0.0
1993-04-26,3.2776511570192732,3.3069158994926595,3.1020627021789546,3.102062702178955,657200,0.0,0.0
1993-04-27,3.1313270026987245,3.2191212177276607,3.1313270026987245,3.219121217727661,592400,0.0,0.0
1993-04-28,3.2191212177276607,3.2483859560706394,3.2191212177276607,3.219121217727661,292400,0.0,0.0
1993-04-29,3.2483864924229615,3.2483864924229615,3.1605922628980165,3.189857006072998,799200,0.0,0.0
1993-04-30,3.1898570250620883,3.3069159984588623,3.1898570250620883,3.3069159984588623,660000,0.0,0.0
1993-05-03,3.306915912307611,3.4825043678283687,3.306915912307611,3.482504367828369,613600,0.0,0.0
1993-05-04,3.5117694198108107,3.5995636553060812,3.4825046746457207,3.570298910140991,1034400,0.0,0.0
1993-05-05,3.5410331237700676,3.6288273334503174,3.5410331237700676,3.6288273334503174,583200,0.0,0.0
1993-05-06,3.658092711582657,3.658092711582657,3.5117690031193507,3.5410337448120117,242800,0.0,0.0
1993-05-07,3.570298228945051,3.687357187271118,3.5410334893635342,3.687357187271118,364800,0.0,0.0
1993-05-10,3.7166225910186763,3.7751520806410177,3.658093101396335,3.7166225910186768,879200,0.0,0.0
1993-05-11,3.7166222985833888,3.7458870410919194,3.687357556074858,3.745887041091919,704000,0.0,0.0
1993-05-12,3.7458857146786975,4.2141214290135345,3.7458857146786975,4.15559196472168,3464000,0.0,0.0
1993-05-13,4.2141214290135345,4.2141214290135345,4.067797768283898,4.15559196472168,2365600,0.0,0.0
1993-05-14,4.155592158124163,4.214121625139996,4.09706269110833,4.18485689163208,1346000,0.0,0.0
1993-05-17,4.214122990199498,4.214122990199498,4.097064018249512,4.097064018249512,544800,0.0,0.0
1993-05-18,4.126327232575752,4.184856696867607,4.126327232575752,4.15559196472168,477200,0.0,0.0
1993-05-19,4.1555935042245045,4.1555935042245045,4.009269789287022,4.097064018249512,1848800,0.0,0.0
1993-05-20,4.1263287612370085,4.1555935042245045,4.067799275262015,4.097064018249512,978000,0.0,0.0
1993-05-21,4.097065754073987,4.12633050946023,4.067800998687744,4.067800998687744,1655600,0.0,0.0
1993-05-24,3.980006093564241,4.0385355949401855,3.9507413428762685,4.0385355949401855,361600,0.0,0.0
1993-05-25,4.038536243301501,4.097065754073987,4.0092714879152584,4.067800998687744,756000,0.0,0.0
1993-05-26,4.067797957600413,4.214121625139996,4.038533224092497,4.18485689163208,1332000,0.0,0.0
1993-05-27,4.214122924804687,4.4482408650716145,4.184858182271321,4.389711380004883,1831200,0.0,0.0
1993-05-28,4.360446560139559,4.360446560139559,4.272652334096481,4.30191707611084,691600,0.0,0.0
1993-06-01,4.331181608288493,4.477505311271212,4.301916867691949,4.418975830078125,1151600,0.0,0.0
1993-06-02,4.44824048635122,4.477505226393004,4.331181526184082,4.331181526184082,750000,0.0,0.0
1993-06-03,4.3311821854354555,4.418976418924012,4.3019174409392695,4.360446929931641,390000,0.0,0.0
1993-06-04,4.389711674427827,4.389711674427827,4.360446929931641,4.360446929931641,162000,0.0,0.0
1993-06-07,4.38971221446991,4.38971221446991,4.184858977794647,4.214123725891113,632000,0.0,0.0
1993-06-08,4.15559196472168,4.243386161159462,4.126327232575752,4.15559196472168,848400,0.0,0.0
1993-06-09,4.15559196472168,4.2141214290135345,4.15559196472168,4.15559196472168,138400,0.0,0.0
1993-06-10,4.184859400945353,4.184859400945353,4.1263298988342285,4.1263298988342285,205600,0.0,0.0
1993-06-11,4.155592158124163,4.18485689163208,4.126327424616247,4.18485689163208,446400,0.0,0.0
1993-06-14,4.155592158124163,4.18485689163208,4.126327424616247,4.18485689163208,187200,0.0,0.0
1993-06-15,4.214123138009685,4.360446858079466,4.214123138009685,4.272652626037598,793600,0.0,0.0
1993-06-16,4.3311818181251995,4.418976044168278,4.30191707611084,4.30191707611084,1680000,0.0,0.0
1993-06-17,4.331182429993075,4.536035653033288,4.331182429993075,4.477506160736084,3824000,0.0,0.0
1993-06-18,4.506770906884686,4.536035653033288,4.477506160736084,4.477506160736084,2094800,0.0,0.0
1993-06-21,4.477505907916383,4.477505907916383,4.360446929931641,4.360446929931641,774800,0.0,0.0
1993-06-22,4.360447298805669,4.68235951549602,4.360447298805669,4.65309476852417,1510800,0.0,0.0
1993-06-23,4.682358176844895,4.682358176844895,4.536034483818492,4.594563961029053,1738000,0.0,0.0
1993-06-24,4.565299022628601,4.857946395874023,4.5360342853040585,4.857946395874023,2461200,0.0,0.0
1993-06-25,4.857946395874023,4.94574060784765,4.740887446575854,4.857946395874023,1811200,0.0,0.0
1993-06-28,4.799418744985123,5.033536732545373,4.799418744985123,5.004271984100342,1361200,0.0,0.0
1993-06-29,5.004270365658928,5.033535104639389,4.9164761487175435,4.975005626678467,1918000,0.0,0.0
1993-06-30,4.97500723565531,5.033536732545373,4.945742487210279,5.004271984100342,839600,0.0,0.0
1993-07-01,5.033535208020892,5.033535208020892,4.8579467705317905,4.916476249694824,652000,0.0,0.0
1993-07-02,4.887211799621582,4.945741282251781,4.857947058306483,4.887211799621582,681600,0.0,0.0
1993-07-06,4.9164754933324355,5.092063903808594,4.9164754933324355,5.092063903808594,977200,0.0,0.0
1993-07-07,5.092066229435435,5.121330977880467,5.004271984100342,5.004271984100342,847200,0.0,0.0
1993-07-08,5.0042712133984235,5.062800701274428,5.0042712133984235,5.033535957336426,679200,0.0,0.0
1993-07-09,5.033535256570215,5.296917915344238,5.033535256570215,5.296917915344238,1110000,0.0,0.0
1993-07-12,5.2969167545863565,5.2969167545863565,5.121328353881836,5.121328353881836,844800,0.0,0.0
1993-07-13,5.150595726325498,5.150595726325498,4.945742487210279,5.004271984100342,975600,0.0,0.0
1993-07-14,5.004270893804143,5.238388830356383,5.004270893804143,5.2091240882873535,1134400,0.0,0.0
1993-07-15,5.238388939337297,5.3554479100487455,5.121329968625849,5.150594711303711,1969200,0.0,0.0
1993-07-16,5.1213301891504335,5.179859677026438,5.033535957336426,5.033535957336426,1170800,0.0,0.0
1993-07-19,5.033534913373416,5.033534913373416,4.945740699768066,4.945740699768066,354400,0.0,0.0
1993-07-20,4.9164766962128565,5.062800407409668,4.799417727255408,5.062800407409668,615600,0.0,0.0
1993-07-21,5.033535665170306,5.150594634127755,5.033535665170306,5.062800407409668,274800,0.0,0.0
1993-07-22,5.062800377942203,5.384712540701534,5.062800377942203,5.2091240882873535,1626400,0.0,0.0
1993-07-23,5.238389572344328,5.560301780700684,5.238389572344328,5.560301780700684,1766400,0.0,0.0
1993-07-26,5.560301337579284,5.852948776399246,5.531036593697287,5.794419288635254,1433200,0.0,0.0
1993-07-27,5.794419750414397,5.794419750414397,5.531037034486469,5.560301780700684,829200,0.0,0.0
1993-07-28,5.531035712424745,5.560300451643924,5.501770973205567,5.501770973205566,1268000,0.0,0.0
1993-07-29,5.560300620560794,5.706624321101867,5.560300620560794,5.677359580993652,920000,0.0,0.0
1993-07-30,5.648095607757568,5.677360351839213,5.648095607757568,5.648095607757568,606400,0.0,0.0
1993-08-02,5.648094170368635,6.08706521987915,5.6188294337346,6.08706521987915,1802000,0.0,0.0
1993-08-03,6.145595550537109,6.32118399483817,6.1163308098202664,6.145595550537109,2370400,0.0,0.0
1993-08-04,6.087066280031668,6.14559576349351,5.9407425713770605,6.028536796569824,1076400,0.0,0.0
1993-08-05,6.116330994248956,6.204125219046787,6.087066252649678,6.17486047744751,2212800,0.0,0.0
1993-08-06,6.14559576349351,6.14559576349351,6.028536796569825,6.028536796569824,804000,0.0,0.0
1993-08-09,6.057801560179827,6.438243204055856,6.057801560179827,6.408978462219238,2329600,0.0,0.0
1993-08-10,6.408979650985363,6.408979650985363,6.262655914661496,6.2919206619262695,1408000,0.0,0.0
1993-08-11,6.321185409191043,6.408979650985363,6.2919206619262695,6.2919206619262695,1182000,0.0,0.0
1993-08-12,6.350446875666229,6.350446875666229,6.145593750644738,6.2333879470825195,1030800,0.0,0.0
1993-08-13,6.233391463199508,6.350450457813583,6.204126714545989,6.262656211853027,1134400,0.0,0.0
1993-08-16,6.262653730533741,6.321183204650879,6.204124256416604,6.321183204650879,461200,0.0,0.0
1993-08-17,6.321183393627818,6.408977607428204,6.291918655694356,6.350448131561279,897600,0.0,0.0
1993-08-18,6.467508875090501,6.789421081542969,6.467508875090501,6.789421081542969,3249600,0.0,0.0
1993-08-19,6.76015463628267,6.76015463628267,6.613830942856638,6.672360420227051,1937600,0.0,0.0
1993-08-20,6.6723623831710475,6.6723623831710475,6.496773899403388,6.526038646697998,471600,0.0,0.0
1993-08-23,6.467507549234339,6.496772289276123,6.291919108983633,6.496772289276123,526000,0.0,0.0
1993-08-24,6.5553011894226065,6.613830664328166,6.496771714517048,6.555301189422607,814000,0.0,0.0
1993-08-25,6.5845662041714315,6.701625158912257,6.5845662041714315,6.672360420227051,1109200,0.0,0.0
1993-08-26,6.613830664328166,6.613830664328166,6.496771714517048,6.555301189422607,1211600,0.0,0.0
1993-08-27,6.526036559162052,6.526036559162052,6.321183393627818,6.350448131561279,855600,0.0,0.0
1993-08-30,6.438243204055856,6.438243204055856,6.3504489785460025,6.408978462219238,337600,0.0,0.0
1993-08-31,6.438244404814169,6.526038646697998,6.408979657519559,6.526038646697998,628800,0.0,0.0
1993-09-01,6.5553011894226065,6.643095401780945,6.496771714517048,6.555301189422607,731200,0.0,0.0
1993-09-02,6.5553011894226065,6.643095401780945,6.5553011894226065,6.555301189422607,577600,0.0,0.0
1993-09-03,6.613832770453559,6.613832770453559,6.555303276909722,6.584568023681641,149600,0.0,0.0
1993-09-07,6.5260352685417935,6.5260352685417935,6.23338794708252,6.2333879470825195,330800,0.0,0.0
1993-09-08,6.1748609591012045,6.1748609591012045,5.501771849815292,5.794419288635254,1296800,0.0,0.0
1993-09-09,5.852948143368676,6.145595550537109,5.852948143368676,6.145595550537109,928000,0.0,0.0
1993-09-10,6.145593750644738,6.262652679228448,6.145593750644738,6.2333879470825195,751600,0.0,0.0
1993-09-13,6.233389582930569,6.262654322756535,6.0870658838007445,6.116330623626709,165200,0.0,0.0
1993-09-14,5.970007419586182,6.028536904091928,5.794418966068941,5.970007419586182,1186400,0.0,0.0
1993-09-15,6.02853793654331,6.2919206619262695,6.02853793654331,6.2919206619262695,1026800,0.0,0.0
1993-09-16,6.291920960506546,6.291920960506546,6.204126714545989,6.262656211853027,487600,0.0,0.0
1993-09-17,6.174858482790666,6.262652679228448,6.145593750644738,6.2333879470825195,753200,0.0,0.0
1993-09-20,6.204125219046787,6.204125219046787,6.087066252649678,6.17486047744751,1010400,0.0,0.0
1993-09-21,6.262654702245342,6.379713668642451,6.145595735848233,6.17486047744751,3042800,0.0,0.0
1993-09-22,6.233389628900064,6.5553017693596916,6.20412488885828,6.496772289276123,758400,0.0,0.0
1993-09-23,6.467507050510197,6.9357428550720215,6.467507050510197,6.9357428550720215,1053600,0.0,0.0
1993-09-24,6.935744811748637,6.935744811748637,6.730891589460702,6.789421081542969,1536800,0.0,0.0
1993-09-27,6.789418505383777,6.818683240320776,6.730889035509779,6.760153770446777,1156800,0.0,0.0
1993-09-28,6.760154826151752,6.8186843051660535,6.701625347137451,6.701625347137451,300000,0.0,0.0
1993-09-29,6.730890015131747,6.818684232720422,6.438242623169497,6.467507362365723,204800,0.0,0.0
1993-09-30,6.526037029317908,6.6723607295268295,6.467507549234339,6.496772289276123,661600,0.0,0.0
1993-10-01,6.467507945892473,6.467507945892473,6.408978462219238,6.408978462219238,200000,0.0,0.0
1993-10-04,6.379714012145996,6.438243498495959,6.379714012145996,6.379714012145996,427600,0.0,0.0
1993-10-05,6.496772374257002,6.496772374257002,5.8529480849162185,5.911477565765381,1327200,0.0,0.0
1993-10-06,6.028535746611082,6.14559469314722,6.028535746611082,6.08706521987915,1543200,0.0,0.0
1993-10-07,6.02853804797661,6.0870675435880335,5.970008552365187,5.999273300170898,526400,0.0,0.0
1993-10-08,5.999271787039124,5.999271787039124,5.8529480849162185,5.911477565765381,427200,0.0,0.0
1993-10-11,5.9700068573453535,6.2041247733196805,5.852947899358189,5.8822126388549805,1455200,0.0,0.0
1993-10-12,5.940742677333308,6.057801646344802,5.940742677333308,5.970007419586182,1013600,0.0,0.0
1993-10-13,6.0285375469227125,6.0285375469227125,5.765154838562012,5.765154838562012,458800,0.0,0.0
1993-10-14,5.79441845479436,5.79441845479436,5.5310357977582525,5.589565277099609,3392000,0.0,0.0
1993-10-15,5.618830226959391,5.618830226959391,5.326182819305256,5.472506523132324,1644400,0.0,0.0
1993-10-18,5.472504787757748,5.472504787757748,5.32618113033107,5.355445861816406,1780000,0.0,0.0
1993-10-19,5.3554479100487455,5.413977395404469,5.062800483270125,5.150594711303711,2487600,0.0,0.0
1993-10-20,5.092065225947987,5.560301108793779,5.092065225947987,5.150594711303711,4047600,0.0,0.0
1993-10-21,5.267654237800471,5.355448475097146,5.150595254738238,5.238389492034912,5372400,0.0,0.0
1993-10-22,5.267652988433838,5.443241421381632,5.238388249609206,5.267652988433838,2664800,0.0,0.0
1993-10-25,5.267653572425414,5.296918314494444,5.2091240882873535,5.2091240882873535,2250000,0.0,0.0
1993-10-26,5.179858771959941,5.29691772725847,5.179858771959941,5.267652988433838,372000,0.0,0.0
1993-10-27,5.267651667360399,5.355445861816405,5.238386935875064,5.355445861816406,876800,0.0,0.0
1993-10-28,5.384712016328852,5.618829930082281,5.384712016328852,5.501770973205566,1185200,0.0,0.0
1993-10-29,5.50177188734934,5.648095607757568,5.50177188734934,5.648095607757568,562400,0.0,0.0
1993-11-01,5.589565799463934,5.823683738708497,5.589565799463934,5.823683738708496,459200,0.0,0.0
1993-11-02,5.794418966068941,5.970007419586182,5.794418966068941,5.970007419586182,1034800,0.0,0.0
1993-11-03,5.970007025677225,5.970007025677225,5.326182738594387,5.384712219238281,1297600,0.0,0.0
1993-11-04,5.384712884592456,5.384712884592456,5.033535957336426,5.033535957336426,1006800,0.0,0.0
1993-11-05,4.975004963491155,5.092063903808594,4.9164754933324355,5.092063903808594,1928000,0.0,0.0
1993-11-08,5.150594711303712,5.238388939337297,5.121329968625849,5.150594711303711,715600,0.0,0.0
1993-11-09,5.179859346218323,5.326183056563473,5.179859346218323,5.2091240882873535,762800,0.0,0.0
1993-11-10,5.2676539346961775,5.677360351839213,5.2676539346961775,5.648095607757568,2099200,0.0,0.0
1993-11-11,5.852948481114067,5.911477965925208,5.794418996302927,5.823683738708496,1037200,0.0,0.0
1993-11-12,5.765154905319214,5.970008125305176,5.735890159606933,5.852949142456055,813200,0.0,0.0
1993-11-15,5.823684445405617,5.823684445405617,5.648095969664745,5.706625461578369,730000,0.0,0.0
1993-11-16,5.735888975453002,5.765153715123681,5.5310357977582525,5.589565277099609,759600,0.0,0.0
1993-11-17,5.589567011529273,5.589567011529273,5.296919524014651,5.326184272766113,963600,0.0,0.0
1993-11-18,5.355447798632504,5.355447798632504,5.150594604149293,5.2091240882873535,602400,0.0,0.0
1993-11-19,5.121329426765442,5.209123645509992,4.887211510113308,4.916476249694824,1289200,0.0,0.0
1993-11-22,4.916476567586264,4.916476567586264,4.682358635796441,4.7408881187438965,1156800,0.0,0.0
1993-11-23,4.828682030950274,4.945740989276341,4.799417291368757,4.916476249694824,1996400,0.0,0.0
1993-11-24,4.945741036978874,5.296917915344238,4.916476297115094,5.296917915344238,1343200,0.0,0.0
1993-11-26,5.267653619089434,5.56030104237218,5.267653619089434,5.443242073059082,508800,0.0,0.0
1993-11-29,5.4725059479001965,5.560300160968114,5.4725059479001965,5.531035423278809,1330800,0.0,0.0
1993-11-30,5.5895651908631026,5.5895651908631026,5.44324149476721,5.501770973205566,303200,0.0,0.0
1993-12-01,5.618830825343276,5.82368403251725,5.618830825343276,5.794419288635254,709200,0.0,0.0
1993-12-02,5.794419583935423,5.794419583935423,5.7358900931886,5.765154838562012,430000,0.0,0.0
1993-12-03,5.765154953491993,5.765154953491993,5.677360715621557,5.706625461578369,646800,0.0,0.0
1993-12-06,5.384712540701534,5.384712540701534,5.092065120011233,5.2091240882873535,1361600,0.0,0.0
1993-12-07,5.3847123008360835,5.472506523132323,5.35544756007067,5.472506523132324,318800,0.0,0.0
1993-12-08,5.44324149476721,5.501770973205567,5.44324149476721,5.501770973205566,182400,0.0,0.0
1993-12-09,5.443243267771963,5.560302262777811,5.326184272766113,5.326184272766113,227600,0.0,0.0
1993-12-10,5.267654237800471,5.355448475097146,5.209124746269355,5.238389492034912,303600,0.0,0.0
1993-12-13,5.238388435616677,5.296917915344238,5.179858955889117,5.296917915344238,222400,0.0,0.0
1993-12-14,5.267653619089434,5.443242073059082,5.267653619089434,5.443242073059082,568000,0.0,0.0
1993-12-15,5.4139770416014965,5.501771263897737,5.326182819305256,5.472506523132324,632800,0.0,0.0
1993-12-16,5.443241210210891,5.560300160968114,5.443241210210891,5.531035423278809,536800,0.0,0.0
1993-12-17,5.4725059479001965,5.560300160968114,5.4725059479001965,5.531035423278809,314000,0.0,0.0
1993-12-20,5.560299133767887,5.73588752746582,5.560299133767887,5.73588752746582,464000,0.0,0.0
1993-12-21,5.67736076555754,5.67736076555754,5.560301780700684,5.560301780700684,1081600,0.0,0.0
1993-12-22,5.589565799463934,5.823683738708497,5.560301057058363,5.823683738708496,211600,0.0,0.0
1993-12-23,5.882214308948052,5.999273300170898,5.85294956114234,5.999273300170898,437600,0.0,0.0
1993-12-27,5.970007495603699,6.057801723480224,5.970007495603699,6.057801723480225,166400,0.0,0.0
1993-12-28,6.057801511050401,6.17486047744751,6.057801511050401,6.17486047744751,384400,0.0,0.0
1993-12-29,6.145597217238952,6.2626562118530265,6.145597217238952,6.262656211853027,127200,0.0,0.0
1993-12-30,6.26265503944607,6.379714012145996,6.204125553096106,6.379714012145996,223600,0.0,0.0
1993-12-31,6.379713329108986,6.613831249443261,6.350448589067201,6.496772289276123,228800,0.0,0.0
1994-01-03,6.438243344145,6.438243344145,6.174860661884523,6.20412540435791,618800,0.0,0.0
1994-01-04,6.204125219046787,6.204125219046787,6.116330994248956,6.17486047744751,566000,0.0,0.0
1994-01-05,6.204125219046787,6.233389960646065,6.028536769451124,6.17486047744751,1042800,0.0,0.0
1994-01-06,6.204125219046787,6.233389960646065,6.17486047744751,6.17486047744751,460800,0.0,0.0
1994-01-07,6.204125436607765,6.204125436607765,5.970007495603699,6.057801723480225,1121200,0.0,0.0
1994-01-10,6.028536462292228,6.028536462292228,5.5310358804525785,5.677359580993652,4071200,0.0,0.0
1994-01-11,5.735890159606933,5.8822138881683355,5.735890159606933,5.852949142456055,1402800,0.0,0.0
1994-01-12,5.852947329065482,6.028535748937447,5.677358909193518,5.940741539001465,1588800,0.0,0.0
1994-01-13,5.911477965925208,5.911477965925208,5.823683738708497,5.823683738708496,536000,0.0,0.0
1994-01-14,5.852947329065482,6.028535748937447,5.8236825924201545,5.940741539001465,413200,0.0,0.0
1994-01-17,5.882212063440909,6.14559469314722,5.882212063440909,6.08706521987915,624000,0.0,0.0
1994-01-18,6.087066280031668,6.14559576349351,6.028536796569825,6.028536796569824,1536800,0.0,0.0
1994-01-19,5.940742306189962,6.028536527463705,5.8529480849162185,5.911477565765381,501200,0.0,0.0
1994-01-20,5.911477565765381,5.911477565765381,5.8529480849162185,5.911477565765381,646000,0.0,0.0
1994-01-21,5.940742306189962,5.999271787039124,5.882212825340799,5.911477565765381,459200,0.0,0.0
1994-01-24,5.852947899358189,6.028536336338935,5.823683159861399,5.8822126388549805,324400,0.0,0.0
1994-01-25,5.9700074507363485,6.028536935547489,5.823683738708497,5.823683738708496,1726800,0.0,0.0
1994-01-26,5.911478010352682,6.087066466105733,5.882213267727174,6.057801723480225,1250800,0.0,0.0
1994-01-27,6.087064286352883,6.262652679228448,6.087064286352883,6.2333879470825195,628000,0.0,0.0
1994-01-28,6.26265503944607,6.408978755320978,6.204125553096106,6.379714012145996,1082000,0.0,0.0
1994-01-31,6.408976951202789,6.760153770446777,6.37971221626579,6.760153770446777,2652000,0.0,0.0
1994-02-01,6.730890970314498,6.730890970314498,6.526037766870144,6.613831996917725,1178800,0.0,0.0
1994-02-02,6.584568380784359,6.672362625861483,6.526038884066276,6.643097877502441,1003200,0.0,0.0
1994-02-03,6.672362625861483,6.672362625861483,6.555303632425317,6.643097877502441,1057600,0.0,0.0
1994-02-04,6.61383165507556,6.701625880585413,6.408978462219238,6.408978462219238,1054000,0.0,0.0
1994-02-07,6.408979657519559,6.555303393992608,6.321185415635729,6.526038646697998,542800,0.0,0.0
1994-02-08,6.5553016496017,6.760154826151752,6.526036910094549,6.701625347137451,2029600,0.0,0.0
1994-02-09,6.730890253756908,7.023537656094165,6.701625513523182,6.877213954925537,1846400,0.0,0.0
1994-02-10,6.877214246326023,6.9357437292734785,6.7894200219048395,6.847949504852295,1172800,0.0,0.0
1994-02-11,6.730890274047852,6.760155014369799,6.672360793403957,6.730890274047852,450800,0.0,0.0
1994-02-14,6.81868512953742,6.99427358780877,6.7601556434469705,6.906479358673096,1344400,0.0,0.0
1994-02-15,6.965008735656737,6.994273478243531,6.906479250483152,6.965008735656738,491600,0.0,0.0
1994-02-16,7.023537798625667,7.257655725246523,6.9650083169704535,7.199126243591309,1744400,0.0,0.0
1994-02-17,7.1991254951380474,7.286919708493389,6.9357428550720215,6.9357428550720215,994000,0.0,0.0
1994-02-18,6.965009868893164,6.994274616241455,6.906480374196583,6.994274616241455,209200,0.0,0.0
1994-02-22,7.023538220830324,7.0528029634171165,6.965008735656737,6.965008735656738,553600,0.0,0.0
1994-02-23,6.935743263194655,7.023537481716106,6.701625347137451,6.701625347137451,614000,0.0,0.0
1994-02-24,6.5845672535685305,6.613831996917725,6.40897879347337,6.613831996917725,935600,0.0,0.0
1994-02-25,6.613831996917725,6.672361483616111,6.526037766870144,6.613831996917725,314400,0.0,0.0
1994-02-28,6.70162430057278,6.8479479752577745,6.70162430057278,6.760153770446777,304000,0.0,0.0
1994-03-01,6.760155014369799,6.760155014369799,6.672360793403957,6.730890274047852,372000,0.0,0.0
1994-03-02,6.64309605308201,6.789419754691746,6.43824287082838,6.730890274047852,593600,0.0,0.0
1994-03-03,6.70162430057278,6.818683240320776,6.67235956563578,6.760153770446777,704400,0.0,0.0
1994-03-04,6.76015463628267,6.8479488523382885,6.672360420227051,6.672360420227051,298000,0.0,0.0
1994-03-07,6.643096740266918,6.643096740266918,6.5845672535685305,6.613831996917725,388000,0.0,0.0
1994-03-08,6.613830942856638,6.789419374967876,6.613830942856638,6.672360420227051,283200,0.0,0.0
1994-03-09,6.789419734224359,6.9064786951592625,6.789419734224359,6.877213954925537,586000,0.0,0.0
1994-03-10,6.847949504852296,6.9357437292734785,6.643096314536201,6.847949504852295,615200,0.0,0.0
1994-03-11,6.847949318619756,6.877214059297619,6.789419837264032,6.8186845779418945,121600,0.0,0.0
1994-03-14,6.730890355908308,6.818684577941894,6.672360874552583,6.8186845779418945,256400,0.0,0.0
1994-03-15,6.8186844744580855,6.877213954925536,6.760154993990634,6.877213954925537,253200,0.0,0.0
1994-03-16,6.877213379501793,6.965007592857135,6.877213379501793,6.9357428550720215,318800,0.0,0.0
1994-03-17,6.965008735656737,6.965008735656737,6.935743993069945,6.965008735656738,195600,0.0,0.0
1994-03-18,6.965008844763545,6.965008844763545,6.877214615627871,6.906479358673096,354800,0.0,0.0
1994-03-21,6.847949318619756,6.90647879997548,6.818684577941894,6.8186845779418945,685200,0.0,0.0
1994-03-22,6.818686436269884,6.818686436269884,6.204126714545989,6.262656211853027,832800,0.0,0.0
1994-03-23,6.262654368941848,6.496772289276123,6.262654368941848,6.496772289276123,2643200,0.0,0.0
1994-03-24,6.467506889943723,6.467506889943723,6.262653730533741,6.321183204650879,719600,0.0,0.0
1994-03-25,6.3211838024084654,6.379713282060395,6.116330623626709,6.116330623626709,547200,0.0,0.0
1994-03-28,5.999272871017456,6.087067108154297,5.765154905319214,5.852949142456055,628400,0.0,0.0
1994-03-29,5.882213223519638,5.9700074507363485,5.823683738708497,5.823683738708496,408400,0.0,0.0
1994-03-30,5.76515458408415,5.76515458408415,5.589566119594277,5.648095607757568,830800,0.0,0.0
1994-03-31,5.648094901944151,5.911477565765381,5.5017711998212455,5.911477565765381,1166400,0.0,0.0
1994-04-04,5.735888941371026,5.911477378351772,5.648094722880653,5.8822126388549805,487200,0.0,0.0
1994-04-05,6.204124166415288,6.204124166415288,6.028535746611082,6.08706521987915,1062000,0.0,0.0
1994-04-06,6.08706521987915,6.08706521987915,5.970006273343013,6.08706521987915,350000,0.0,0.0
1994-04-07,6.087067719931913,6.2626562118530265,6.087067719931913,6.262656211853027,426800,0.0,0.0
1994-04-08,6.204125219046787,6.262654702245342,6.17486047744751,6.17486047744751,206800,0.0,0.0
1994-04-11,6.057801538300747,6.057801538300747,5.999272054838904,6.028536796569824,214000,0.0,0.0
1994-04-12,6.05780198357322,6.05780198357322,5.735889800871261,5.794419288635254,106800,0.0,0.0
1994-04-13,5.823683324067489,5.823683324067489,5.326182738594387,5.384712219238281,393200,0.0,0.0
1994-04-14,5.384710365769553,5.443239826267049,5.17985725402832,5.17985725402832,2096400,0.0,0.0
1994-04-15,5.179859346218323,5.2091240882873535,5.092065120011233,5.2091240882873535,1820400,0.0,0.0
1994-04-18,5.238388830356383,5.267653572425414,5.150594604149293,5.2091240882873535,699600,0.0,0.0
1994-04-19,5.267652021135603,5.2969167545863565,5.062798886980329,5.121328353881836,817600,0.0,0.0
1994-04-20,5.238388860845841,5.238388860845841,5.033535665170306,5.062800407409668,572400,0.0,0.0
1994-04-21,5.121329891888393,5.150594634127755,4.82868246949477,5.062800407409668,2125600,0.0,0.0
1994-04-22,5.179860529008803,5.501772765274887,5.179860529008803,5.326184272766113,999200,0.0,0.0
1994-04-25,5.501771263897737,5.589565486193978,5.4139770416014965,5.472506523132324,626000,0.0,0.0
1994-04-26,5.618829930082281,5.618829930082281,5.472506233986389,5.501770973205566,804000,0.0,0.0
1994-04-28,5.472508016523425,5.560302262777811,5.326184272766113,5.326184272766113,503200,0.0,0.0
1994-04-29,5.326182259453668,5.531035423278809,5.2676527840750555,5.531035423278809,274800,0.0,0.0
1994-05-02,5.589566366321544,5.8236843293088345,5.589566366321544,5.765154838562012,466000,0.0,0.0
1994-05-03,5.677360167105992,5.765154396494229,5.618830680847168,5.618830680847168,611600,0.0,0.0
1994-05-04,5.560300160968114,5.560300160968114,5.501770685589502,5.531035423278809,242400,0.0,0.0
1994-05-05,5.560301194588343,5.618830680847168,5.501771708329518,5.618830680847168,692800,0.0,0.0
1994-05-06,5.501771708329518,5.618830680847168,5.501771708329518,5.618830680847168,322000,0.0,0.0
1994-05-09,5.618830527028729,5.618830527028729,5.443242073059082,5.443242073059082,146800,0.0,0.0
1994-05-10,5.589564609527589,5.589564609527589,5.384711456298828,5.413976192474365,736800,0.0,0.0
1994-05-11,5.443241421381632,5.472506160206265,5.238388249609206,5.267652988433838,807600,0.0,0.0
1994-05-12,5.2969179982724395,5.5310359208480175,5.2969179982724395,5.384712219238281,365600,0.0,0.0
1994-05-13,5.443240056272413,5.472504787757748,5.32618113033107,5.355445861816406,416400,0.0,0.0
1994-05-16,5.355447233424467,5.355447233424467,4.9164761487175435,4.975005626678467,514400,0.0,0.0
1994-05-17,5.004270380193537,5.004270380193537,4.770152467669862,4.828681945800781,808800,0.0,0.0
1994-05-18,5.150594933088436,5.150594933088436,4.97500646946042,5.033535957336426,1236800,0.0,0.0
1994-05-19,5.062799168729234,5.209122844126032,5.062799168729234,5.092063903808594,1632800,0.0,0.0
1994-05-20,5.121329126978766,5.121329126978766,4.945740699768066,4.945740699768066,445600,0.0,0.0
1994-05-23,5.033535957336426,5.062800701274428,4.97500646946042,5.033535957336426,583200,0.0,0.0
1994-05-24,5.004269420078822,5.209122554234096,5.004269420078822,5.121328353881836,315600,0.0,0.0
1994-05-25,5.033535740592264,5.150594711303712,5.033535740592264,5.150594711303711,730000,0.0,0.0
1994-05-26,5.150594060561236,5.150594060561236,4.975005626678467,4.975005626678467,736800,0.0,0.0
1994-05-27,4.9164761487175435,4.975005626678467,4.887211409737081,4.975005626678467,245600,0.0,0.0
1994-05-31,4.94573941203834,5.17985725402832,4.916474681789592,5.17985725402832,818400,0.0,0.0
1994-06-01,5.179859702451241,5.648095607757568,5.179859702451241,5.648095607757568,1276800,0.0,0.0
1994-06-02,5.706625056989265,5.882213520281242,5.706625056989265,5.794419288635254,1137600,0.0,0.0
1994-06-03,5.794418420364607,5.911477378351772,5.794418420364607,5.8822126388549805,836000,0.0,0.0
1994-06-06,5.882213192827561,5.9992721618390545,5.882213192827561,5.970007419586182,410400,0.0,0.0
1994-06-07,5.940743310802479,5.970008056175891,5.765154838562012,5.765154838562012,508800,0.0,0.0
1994-06-08,5.765153626178174,5.8236831046165305,5.413976755548031,5.501770973205566,538400,0.0,0.0
1994-06-09,5.531035137176514,5.589564609527589,5.355446720123291,5.413976192474365,212400,0.0,0.0
1994-06-10,5.443242222070694,5.618830680847168,5.326183249553044,5.618830680847168,544800,0.0,0.0
1994-06-13,5.735888382484172,5.940741539001464,5.735888382484172,5.940741539001465,706800,0.0,0.0
1994-06-14,5.970006273343013,6.14559469314722,5.940741536708979,6.08706521987915,745600,0.0,0.0
1994-06-15,6.057800483245116,6.116329956513185,6.028535746611082,6.08706521987915,563200,0.0,0.0
1994-06-16,6.057800485582774,6.057800485582774,5.882212065710809,5.940741539001465,263200,0.0,0.0
1994-06-17,5.911478264163239,5.911478264163239,5.7651545447532575,5.794419288635254,181200,0.0,0.0
1994-06-20,5.823684072247441,5.823684072247441,5.648095607757568,5.648095607757568,202000,0.0,0.0
1994-06-21,5.560300661169965,5.589565401491911,5.384712219238281,5.384712219238281,418000,0.0,0.0
1994-06-22,5.73588752746582,5.794416992031798,5.531034401484898,5.73588752746582,1193600,0.0,0.0
1994-06-23,5.735889061210082,5.765153801318296,5.677359580993652,5.677359580993652,420800,0.0,0.0
1994-06-24,5.618830527028729,5.618830527028729,5.443242073059082,5.443242073059082,490400,0.0,0.0
1994-06-27,5.44324149476721,5.531035712424745,5.384712016328852,5.501770973205566,835600,0.0,0.0
1994-06-28,5.560299133767887,5.73588752746582,5.501769669201909,5.73588752746582,401600,0.0,0.0
1994-06-29,5.823683782476158,6.057801723480224,5.794419039850649,6.057801723480225,631600,0.0,0.0
1994-06-30,6.028536949517592,6.204125404357909,6.028536949517592,6.20412540435791,960000,0.0,0.0
1994-07-01,6.14559469314722,6.204124166415288,6.028535746611082,6.08706521987915,399600,0.0,0.0
1994-07-05,6.0870658838007445,6.116330623626709,6.057801143974779,6.116330623626709,617200,0.0,0.0
1994-07-06,6.087065222228102,6.087065222228102,5.940741539001464,5.940741539001465,714800,0.0,0.0
1994-07-07,5.970007464570819,6.204125404357909,5.970007464570819,6.20412540435791,920800,0.0,0.0
1994-07-08,6.174859790368513,6.672360342199152,6.145595052025534,6.438242435455322,1095200,0.0,0.0
1994-07-11,6.438242623169497,6.496772101561947,6.321183666384597,6.467507362365723,457600,0.0,0.0
1994-07-12,6.379715206467102,6.40897995512062,6.2626562118530265,6.262656211853027,408800,0.0,0.0
1994-07-13,6.379713033374987,6.701625158912257,6.379713033374987,6.672360420227051,1446400,0.0,0.0
1994-07-14,6.847949943711272,6.847949943711272,6.555302510219337,6.613831996917725,1303200,0.0,0.0
1994-07-15,6.4967726350395605,6.4967726350395605,6.17486047744751,6.17486047744751,470400,0.0,0.0
1994-07-18,6.116329958873429,6.204124168809411,5.940741539001464,5.940741539001465,863200,0.0,0.0
1994-07-19,5.735889511491786,5.882213223519638,5.735889511491786,5.823683738708496,1186400,0.0,0.0
1994-07-20,5.852948625882466,5.852948625882466,5.560301194588343,5.618830680847168,902000,0.0,0.0
1994-07-21,5.560299133767887,5.794416992031798,5.501769669201909,5.73588752746582,1922800,0.0,0.0
1994-07-22,5.794417855774827,5.970006275646792,5.794417855774827,5.940741539001465,383200,0.0,0.0
1994-07-25,5.911477965925208,5.940742708330778,5.794418996302927,5.823683738708496,243200,0.0,0.0
1994-07-26,5.794418996302927,5.911477965925208,5.794418996302927,5.823683738708496,110800,0.0,0.0
1994-07-27,5.8822138881683355,5.8822138881683355,5.794419651031494,5.852949142456055,686800,0.0,0.0
1994-07-28,5.8236843293088345,5.852949074682246,5.7358900931886,5.765154838562012,881600,0.0,0.0
1994-07-29,5.7651538636424755,5.970007046614543,5.677359642368732,5.911477565765381,1154400,0.0,0.0
1994-08-01,5.940743804559475,5.999273300170898,5.940743804559475,5.999273300170898,312400,0.0,0.0
1994-08-02,6.028535748937447,6.087065222228102,5.940741539001464,5.940741539001465,229600,0.0,0.0
1994-08-03,5.970007313107982,6.116331021762589,5.970007313107982,6.028536796569824,390400,0.0,0.0
1994-08-04,6.08706658039618,6.408978755320978,6.08706658039618,6.379714012145996,1451200,0.0,0.0
1994-08-05,6.321184525796033,6.438243498495959,6.321184525796033,6.379714012145996,905200,0.0,0.0
1994-08-08,6.408978755320978,6.408978755320978,6.350449268971015,6.379714012145996,246800,0.0,0.0
1994-08-09,6.379714796278211,6.613832770453559,6.379714796278211,6.584568023681641,701200,0.0,0.0
1994-08-10,6.555301465486225,6.701625158912257,6.526036726801019,6.672360420227051,1520400,0.0,0.0
1994-08-11,6.70162430057278,6.789418505383777,6.67235956563578,6.760153770446777,1277600,0.0,0.0
1994-08-12,6.760153770446777,6.818683240320776,6.730889035509779,6.760153770446777,580800,0.0,0.0
1994-08-15,6.730889035509779,6.789418505383777,6.70162430057278,6.760153770446777,756800,0.0,0.0
1994-08-16,6.730890355908308,6.877214059297619,6.730890355908308,6.8186845779418945,1244000,0.0,0.0
1994-08-17,6.847949318619756,6.90647879997548,6.789419837264032,6.8186845779418945,432000,0.0,0.0
1994-08-18,6.818684495013693,6.877213975657588,6.730890274047852,6.730890274047852,353200,0.0,0.0
1994-08-19,6.760155096586169,6.877214059297619,6.730890355908308,6.8186845779418945,238800,0.0,0.0
1994-08-22,6.818684763378568,6.847949504852296,6.760155280431112,6.847949504852295,628000,0.0,0.0
1994-08-23,6.81868512953742,6.935744101718321,6.81868512953742,6.906479358673096,588000,0.0,0.0
1994-08-24,6.906478117286907,6.965007592857135,6.877213379501793,6.9357428550720215,651200,0.0,0.0
1994-08-25,6.9357451215448735,7.082068858286327,6.9357451215448735,6.994274616241455,1346400,0.0,0.0
1994-08-26,7.023537635803223,7.1113318562507635,7.023537635803223,7.023537635803223,456400,0.0,0.0
1994-08-29,6.847949765309566,6.994273478243531,6.847949765309566,6.965008735656738,462400,0.0,0.0
1994-08-30,6.935743415355683,7.052802375952403,6.935743415355683,7.023537635803223,304000,0.0,0.0
1994-08-31,6.965008735656737,6.965008735656737,6.906479250483152,6.965008735656738,144400,0.0,0.0
1994-09-01,6.935744811748637,6.935744811748637,6.613832605296168,6.789421081542969,471600,0.0,0.0
1994-09-02,6.789419837264032,6.818684577941894,6.701625615230445,6.8186845779418945,485600,0.0,0.0
1994-09-06,6.818684763378568,6.847949504852296,6.7894200219048395,6.847949504852295,543200,0.0,0.0
1994-09-07,6.847949765309566,7.0528029634171165,6.78942028013598,6.965008735656738,1125600,0.0,0.0
1994-09-08,6.965008155504863,7.052802375952403,6.965008155504863,7.023537635803223,1712400,0.0,0.0
1994-09-09,6.9357437292734785,6.994273212220934,6.847949504852296,6.847949504852295,577600,0.0,0.0
1994-09-12,6.818685827584103,6.818685827584103,6.701626843419569,6.789421081542969,331600,0.0,0.0
1994-09-13,6.789421081542969,6.847950573625236,6.730891589460702,6.789421081542969,222000,0.0,0.0
1994-09-14,6.78942028013598,6.965008735656737,6.760155537549187,6.965008735656738,227200,0.0,0.0
1994-09-15,6.935743754691924,7.257655912082688,6.877214271529967,7.228391170501709,1496400,0.0,0.0
1994-09-16,7.228391248703003,7.345450216293336,7.19912650680542,7.316185474395752,1071600,0.0,0.0
1994-09-19,7.34544963496072,7.491773332868304,7.34544963496072,7.374714374542236,745200,0.0,0.0
1994-09-20,7.316186291272523,7.345451036437613,7.140597820281982,7.140597820281982,614400,0.0,0.0
1994-09-21,7.08206770600391,7.08206770600391,6.877214507896359,6.965008735656738,542800,0.0,0.0
1994-09-22,6.9357431300942824,7.111331563767555,6.906478391148737,7.052802085876465,342000,0.0,0.0
1994-09-23,7.1113318562507635,7.140596596399943,7.023537635803223,7.023537635803223,200800,0.0,0.0
1994-09-26,7.0528029634171165,7.0528029634171165,6.935743993069945,6.965008735656738,132000,0.0,0.0
1994-09-27,6.9357437292734785,6.9357437292734785,6.847949504852296,6.847949504852295,228400,0.0,0.0
1994-09-28,6.847949872582646,6.906479358673096,6.81868512953742,6.906479358673096,322000,0.0,0.0
1994-09-29,6.906479358673096,6.935744101718321,6.877214615627871,6.906479358673096,209200,0.0,0.0
1994-09-30,6.9064786951592625,6.9064786951592625,6.847949214691811,6.877213954925537,245600,0.0,0.0
1994-10-03,6.877213954925536,6.9942729158604395,6.877213954925536,6.877213954925537,419600,0.0,0.0
1994-10-04,6.818686119644097,6.818686119644097,6.526038646697998,6.526038646697998,706400,0.0,0.0
1994-10-05,6.408977415826586,6.438242152885154,6.233388993475172,6.321183204650879,1040800,0.0,0.0
1994-10-06,6.40897995512062,6.40897995512062,6.2626562118530265,6.262656211853027,1386800,0.0,0.0
1994-10-07,6.35044813156128,6.379712869494742,6.262653917760893,6.350448131561279,716000,0.0,0.0
1994-10-10,6.408977697112343,6.438242435455321,6.379712958769364,6.438242435455322,646000,0.0,0.0
1994-10-11,6.5553011894226065,6.643095401780945,6.526036451969827,6.555301189422607,660400,0.0,0.0
1994-10-12,6.5553017693596916,6.584566509401476,6.496772289276123,6.496772289276123,340000,0.0,0.0
1994-10-13,6.55530110111943,6.584565838177999,6.321183204650879,6.321183204650879,364400,0.0,0.0
1994-10-14,6.262654889304683,6.262654889304683,5.999272207044205,6.20412540435791,1522800,0.0,0.0
1994-10-17,6.7894195656589025,6.847949044673204,6.672360607630301,6.701625347137451,2016000,0.0,0.0
1994-10-18,6.730890900401746,6.935744101718321,6.730890900401746,6.906479358673096,2482800,0.0,0.0
1994-10-19,6.877215113796171,7.1698625654470725,6.847950368631081,7.140597820281982,1712800,0.0,0.0
1994-10-20,7.169861714702008,7.257655939779991,7.023538006238701,7.082067489624023,892800,0.0,0.0
1994-10-21,7.111332231316685,7.111332231316685,7.023538006238701,7.082067489624023,628400,0.0,0.0
1994-10-24,7.111332416534423,7.140597158989298,7.052802931624675,7.111332416534424,814800,0.0,0.0
1994-10-25,7.08206682482201,7.2283905195497375,7.052802085876465,7.052802085876465,642000,0.0,0.0
1994-10-26,7.111332231316685,7.140596973009346,6.9650085228533785,7.082067489624023,577600,0.0,0.0
1994-10-27,7.140596841712553,7.374714770949031,7.111332100557994,7.286920547485352,970800,0.0,0.0
1994-10-28,7.3161852940191485,7.81368589401245,7.257655811666996,7.813685894012451,1680000,0.0,0.0
1994-10-31,7.872216079624887,7.872216079624887,7.667362873091897,7.696627616882324,1574400,0.0,0.0
1994-11-01,7.696626475749124,7.784420694103677,7.6673617362976065,7.667361736297607,1363200,0.0,0.0
1994-11-02,7.608833385511043,7.901480823415314,7.579568641720616,7.696627616882324,1820800,0.0,0.0
1994-11-03,7.638097446955991,7.81368589401245,7.638097446955991,7.813685894012451,1516400,0.0,0.0
1994-11-04,7.784420694103677,7.784420694103677,7.638096996846089,7.667361736297607,922000,0.0,0.0
1994-11-07,7.696627655694651,7.696627655694651,7.550303936004639,7.550303936004639,247600,0.0,0.0
1994-11-08,7.550303897930188,7.696627616882324,7.521039154139761,7.696627616882324,412400,0.0,0.0
1994-11-09,7.930744391361265,7.930744391361265,7.638096996846089,7.667361736297607,844400,0.0,0.0
1994-11-10,7.550302794935175,7.579567534450427,7.462508576389417,7.521038055419922,402000,0.0,0.0
1994-11-11,7.491774082183839,7.579568309709431,7.491774082183839,7.491774082183838,377200,0.0,0.0
1994-11-14,7.550303897930188,7.696627616882324,7.521039154139761,7.696627616882324,298000,0.0,0.0
1994-11-15,7.667362292307727,7.784421258602502,7.667362292307727,7.755156517028809,643600,0.0,0.0
1994-11-16,7.72589123202669,7.755155971541943,7.462508576389417,7.521038055419922,611600,0.0,0.0
1994-11-17,7.5503038630766035,7.5503038630766035,7.345450657489254,7.462509632110596,626800,0.0,0.0
1994-11-18,7.462509632110597,7.462509632110597,7.345450657489254,7.462509632110596,664800,0.0,0.0
1994-11-21,7.462509262703152,7.579568231529869,7.403979778289795,7.403979778289795,1786800,0.0,0.0
1994-11-22,7.40397951210359,7.433244253258151,7.257655806330792,7.286920547485352,537600,0.0,0.0
1994-11-23,7.286919792330995,7.433243482940051,7.023537149234693,7.16986083984375,1621600,0.0,0.0
1994-11-25,7.199125193780468,7.316184140020801,7.199125193780468,7.257654666900635,65600,0.0,0.0
1994-11-28,7.316185474395753,7.345450216293336,7.257655990600586,7.316185474395752,311600,0.0,0.0
1994-11-29,7.316185183734058,7.345449924468994,7.286920442999122,7.345449924468994,261200,0.0,0.0
1994-11-30,7.345450216293336,7.374714958190919,7.316185474395753,7.316185474395752,150000,0.0,0.0
1994-12-01,7.286921546107433,7.345451036437613,7.0820683299518015,7.140597820281982,787200,0.0,0.0
1994-12-02,7.111332416534423,7.169861901444172,7.082067674079549,7.111332416534424,501600,0.0,0.0
1994-12-05,7.082066625478316,7.2576550542091836,7.082066625478316,7.16986083984375,228800,0.0,0.0
1994-12-06,7.140596761936095,7.257655725246523,7.140596761936095,7.199126243591309,360400,0.0,0.0
1994-12-07,7.140596973009346,7.169861714702008,7.082067489624023,7.082067489624023,346800,0.0,0.0
1994-12-08,7.023539049872037,7.023539049872037,6.789421081542969,6.789421081542969,781600,0.0,0.0
1994-12-09,6.789419734224359,6.9064786951592625,6.730890253756908,6.877213954925537,1308800,0.0,0.0
1994-12-12,6.935744811748637,6.96500955778977,6.730891589460702,6.789421081542969,490800,0.0,0.0
1994-12-13,6.730891589460702,6.789421081542969,6.6430973513373015,6.789421081542969,348000,0.0,0.0
1994-12-14,6.789419872004812,7.199126243591309,6.789419872004812,7.199126243591309,1035600,0.0,0.0
1994-12-15,7.169862478736817,7.462509926848523,7.169862478736817,7.4332451820373535,1700000,0.0,0.0
1994-12-16,7.433243086261133,7.462507822821217,7.257654666900635,7.257654666900635,437200,0.0,0.0
1994-12-19,7.228390961529249,7.37471466520393,7.199126220794313,7.345449924468994,591200,0.0,0.0
1994-12-20,7.34544963496072,7.43324385370527,7.34544963496072,7.374714374542236,216400,0.0,0.0
1994-12-21,7.34544963496072,7.4625085932867865,7.316184895379203,7.374714374542236,303600,0.0,0.0
1994-12-22,7.374715112149716,7.521038824692369,7.374715112149716,7.491774082183838,767600,0.0,0.0
1994-12-23,7.491774829465951,7.872216520024769,7.491774829465951,7.842951774597168,859600,0.0,0.0
1994-12-27,7.842951480340781,7.93074571332967,7.784421991681521,7.87221622467041,621200,0.0,0.0
1994-12-28,7.872217356717146,8.018541099407056,7.872217356717146,7.901482105255127,673200,0.0,0.0
1994-12-29,7.901479432503676,7.960008909781481,7.872214693864773,7.930744171142578,420400,0.0,0.0
1994-12-30,7.930744171142578,7.930744171142578,7.813685216586968,7.930744171142578,416000,0.0,0.0
1995-01-03,7.84295133583446,7.872216079624887,7.696627616882324,7.696627616882324,923200,0.0,0.0
1995-01-04,7.696627616882324,7.696627616882324,7.579568641720616,7.696627616882324,783600,0.0,0.0
1995-01-05,7.667362873091897,7.725892360672751,7.63809812930147,7.696627616882324,685600,0.0,0.0
1995-01-06,7.725893020629884,7.725893020629884,7.63809878175909,7.725893020629883,558000,0.0,0.0
1995-01-09,7.696626475749124,7.784420694103677,7.6673617362976065,7.667361736297607,381600,0.0,0.0
1995-01-10,7.63809791973659,8.194128036499023,7.63809791973659,8.194128036499023,1874000,0.0,0.0
1995-01-11,8.25265492675125,8.25265492675125,7.989272322705998,8.164860725402832,1232000,0.0,0.0
1995-01-12,8.135597518204783,8.194126996753019,8.077068039656547,8.106332778930664,374000,0.0,0.0
1995-01-13,8.194128694907626,8.281922930924493,8.164863949568671,8.223393440246582,859200,0.0,0.0
1995-01-16,8.28192454872402,8.311189299779581,8.223395046612895,8.252659797668457,472400,0.0,0.0
1995-01-17,8.252656691783184,8.662363052368164,8.2233919517414,8.662363052368164,1068800,0.0,0.0
1995-01-18,8.574569996089151,8.574569996089151,8.42824627601937,8.545305252075195,1298400,0.0,0.0
1995-01-19,8.54530132518095,8.54530132518095,8.36971294178682,8.457507133483887,1627600,0.0,0.0
1995-01-20,8.340451826897612,8.369716570149883,8.19412811063625,8.281922340393066,758400,0.0,0.0
1995-01-23,8.194131508147974,8.223396263534216,7.960013465058032,8.135601997375488,1353200,0.0,0.0
1995-01-24,8.047802925109863,8.135597138838333,8.047802925109863,8.047802925109863,958000,0.0,0.0
1995-01-25,8.047803823421063,8.047803823421063,7.725891670484221,7.813685894012451,2698800,0.0,0.0
1995-01-26,7.7551557393091635,8.018538387059285,7.7551557393091635,7.930744171142578,1650800,0.0,0.0
1995-01-27,7.989276937816454,8.077071189880371,7.842953184376593,8.077071189880371,684000,0.0,0.0
1995-01-30,8.047804690648189,8.047804690648189,7.842951480340781,7.87221622467041,938800,0.0,0.0
1995-01-31,7.930745491614709,7.930745491614709,7.550303825965295,7.608833312988281,1050400,0.0,0.0
1995-02-01,7.550302580783241,7.784420490264893,7.5210378420980355,7.784420490264893,602800,0.0,0.0
1995-02-02,7.842952005790942,7.842952005790942,7.63809878175909,7.725893020629883,845600,0.0,0.0
1995-02-03,7.755155458169825,8.018538096371818,7.755155458169825,7.96000862121582,1357200,0.0,0.0
1995-02-06,7.930744343285957,8.106332778930664,7.930744343285957,8.106332778930664,390400,0.0,0.0
1995-02-07,8.106335584264603,8.135600333666279,7.960011837256215,8.01854133605957,255200,0.0,0.0
1995-02-08,8.018538187200372,8.047802925109863,7.901479235562411,8.047802925109863,299200,0.0,0.0
1995-02-09,8.077071291335086,8.28192454872402,8.077071291335086,8.252659797668457,1341200,0.0,0.0
1995-02-10,8.252654849232494,8.486772717295826,8.252654849232494,8.36971378326416,1170800,0.0,0.0
1995-02-13,8.39898270368576,8.486776947975159,8.39898270368576,8.428247451782227,624000,0.0,0.0
1995-02-14,8.369718951457966,8.574572212507636,8.369718951457966,8.516042709350586,837200,0.0,0.0
1995-02-15,8.5160382270813,8.691626644134521,8.486773490905762,8.486773490905762,1198400,0.0,0.0
1995-02-16,8.486777957772063,8.574572212507636,8.486777957772063,8.516042709350586,1221600,0.0,0.0
1995-02-17,8.428242858027069,8.428242858027069,8.31118392944336,8.31118392944336,574800,0.0,0.0
1995-02-21,8.311183480655446,8.457507133483887,7.857580156887278,8.457507133483887,2068800,0.0,0.0
1995-02-22,8.516041031282539,8.516041031282539,8.311187810598765,8.398982048034668,332400,0.0,0.0
1995-02-23,8.398978125881142,8.457507590172996,8.31118392944336,8.31118392944336,905600,0.0,0.0
1995-02-24,8.340449810028076,8.486773490905762,8.281920337677002,8.486773490905762,1088000,0.0,0.0
1995-02-27,8.428243250279992,8.428243250279992,8.311184316248326,8.36971378326416,269200,0.0,0.0
1995-02-28,8.369718951457966,8.516042709350586,8.369718951457966,8.516042709350586,817600,0.0,0.0
1995-03-01,8.457513206193537,8.574572212507636,8.428248454615014,8.516042709350586,773200,0.0,0.0
1995-03-02,8.516042110456135,8.603836359017539,8.457512611415199,8.57457160949707,488400,0.0,0.0
1995-03-03,8.516039472359877,9.130599021911621,8.486774731905033,9.130599021911621,1299200,0.0,0.0
1995-03-06,9.013541813769372,9.101336052215178,8.896482829174964,8.955012321472168,1436000,0.0,0.0
1995-03-07,8.925744815937524,9.042803764343262,8.867215341734655,9.042803764343262,1632400,0.0,0.0
1995-03-08,9.013541813769372,9.042806559917974,8.955012321472168,8.955012321472168,1362800,0.0,0.0
1995-03-09,9.013539774349322,9.189128211511973,8.984275034822215,9.159863471984863,2678000,0.0,0.0
1995-03-10,9.189128822750517,9.54030572043525,9.159864081276789,9.481776237487793,1340800,0.0,0.0
1995-03-13,9.481775457208807,9.686628630667022,9.452510718143348,9.657363891601562,776400,0.0,0.0
1995-03-14,9.71589336973248,9.745158108797941,9.628099152536103,9.657363891601562,785600,0.0,0.0
1995-03-15,9.48177557316358,9.540305052010268,9.423246094316891,9.452510833740234,1426400,0.0,0.0
1995-03-16,9.364717850773971,9.481776823908646,9.335453107490302,9.423247337341309,1260400,0.0,0.0
1995-03-17,9.423245979077889,9.71589336973248,9.36471650094697,9.657363891601562,943200,0.0,0.0
1995-03-20,9.657363891601562,9.657363891601562,9.569569674405185,9.657363891601562,841200,0.0,0.0
1995-03-21,9.657363891601562,9.920746543190695,9.628099152536103,9.657363891601562,755600,0.0,0.0
1995-03-22,9.715893575750245,9.715893575750245,9.511040397948284,9.540305137634277,193600,0.0,0.0
1995-03-23,9.51104092740727,9.832953081873363,9.51104092740727,9.774423599243164,1154800,0.0,0.0
1995-03-24,9.715893541063581,9.920746718134199,9.715893541063581,9.832952499389648,941200,0.0,0.0
1995-03-27,9.832952499389648,9.891481978552681,9.803687759808131,9.832952499389648,321200,0.0,0.0
1995-03-28,9.862217238971166,9.862217238971166,9.745158280645098,9.832952499389648,815600,0.0,0.0
1995-03-29,9.832955477530495,10.067073465090745,9.745161232195402,10.008543968200684,1742000,0.0,0.0
1995-03-30,9.950011457715716,9.950011457715716,9.774423020226616,9.832952499389648,1696800,0.0,0.0
1995-03-31,9.715892791748047,9.803687003721674,9.540304367800793,9.715892791748047,589600,0.0,0.0
1995-04-03,9.745158857928065,9.832953081873363,9.686629375297867,9.774423599243164,1628400,0.0,0.0
1995-04-04,9.8329538950106,9.86221863874575,9.393982738983341,9.598835945129395,2450400,0.0,0.0
1995-04-05,9.540305953842024,9.745159149169922,9.481776469462625,9.745159149169922,1099200,0.0,0.0
1995-04-06,9.745159663805149,9.774424407540298,9.598835945129395,9.598835945129395,660400,0.0,0.0
1995-04-07,9.598835438221423,9.745159149169922,9.598835438221423,9.745159149169922,482800,0.0,0.0
1995-04-10,9.774422448062332,9.891481399536133,9.774422448062332,9.891481399536133,924400,0.0,0.0
1995-04-11,9.979276282949082,9.979276282949082,9.803687843952911,9.920746803283691,977600,0.0,0.0
1995-04-12,9.920745841411602,10.271922685355374,9.891481104416288,10.213393211364746,514800,0.0,0.0
1995-04-13,10.184129110972087,10.59383545451694,10.154864372147454,10.535305976867676,1686800,0.0,0.0
1995-04-17,10.652361810544116,11.032803303777834,10.330449777807893,10.35971450805664,1716000,0.0,0.0
1995-04-18,10.476776871233355,10.623100570552257,10.418247391505794,10.593835830688477,964400,0.0,0.0
1995-04-19,10.593837967132059,10.623102712897616,10.359720001007592,10.476778984069824,648400,0.0,0.0
1995-04-20,10.476777878674595,10.476777878674595,10.12560096654025,10.301189422607422,460000,0.0,0.0
1995-04-21,10.24266095228598,10.388984680175781,10.096337224396182,10.388984680175781,590800,0.0,0.0
1995-04-24,10.359716696649711,11.003540898136416,10.359716696649711,10.915746688842773,599200,0.0,0.0
1995-04-25,11.003539338403819,11.47177505493164,10.94500987383784,11.47177505493164,1206400,0.0,0.0
1995-04-26,11.910750755179482,12.057074474530582,11.881486011309262,11.969280242919922,1923600,0.0,0.0
1995-04-27,12.05707267267787,12.115602151671453,11.647366319722797,11.764425277709961,1146000,0.0,0.0
1995-04-28,11.64736734084141,11.852220535278319,11.559573114654164,11.85222053527832,650000,0.0,0.0
1995-05-01,11.70589838272486,11.735163128681672,11.340089058264708,11.413250923156738,725200,0.0,0.0
1995-05-02,11.413248149493269,11.735160276786669,11.325453932958705,11.501042366027832,803600,0.0,0.0
1995-05-03,11.413250923156738,11.471780415070361,11.354721431243114,11.413250923156738,1762400,0.0,0.0
1995-05-04,11.530309089506515,11.822956528326477,11.442514857860527,11.588838577270508,1079200,0.0,0.0
1995-05-05,11.647368658617669,11.647368658617669,11.413250695630378,11.530309677124023,1833600,0.0,0.0
1995-05-08,11.530306335678674,11.764424230819357,11.501041598786088,11.676630020141602,284000,0.0,0.0
1995-05-09,11.764425277709961,11.822954756703544,11.618101580226007,11.764425277709961,626000,0.0,0.0
1995-05-10,11.82295726776123,11.82295726776123,11.64736879348755,11.70589828491211,876400,0.0,0.0
1995-05-11,11.764426752185145,12.466780588136496,11.764426752185145,12.378986358642578,2104000,0.0,0.0
1995-05-12,12.320455346948961,12.817955919153551,12.320455346948961,12.437514305114746,1073600,0.0,0.0
1995-05-15,12.408252840263899,12.613106071117313,12.408252840263899,12.583841323852539,337200,0.0,0.0
1995-05-16,12.583835901594924,12.964277452108258,12.554571166940052,12.84721851348877,762800,0.0,0.0
1995-05-17,13.344724228006772,13.666636435261323,13.198400497436523,13.198400497436523,2078400,0.0,0.0
1995-05-18,13.052072903939655,13.31545554101467,12.993543429034096,13.110602378845215,1440400,0.0,0.0
1995-05-19,12.876484479222977,13.139867116297994,12.75942552941186,13.110602378845215,818000,0.0,0.0
1995-05-22,13.139869050710681,13.549575435365357,13.139869050710681,13.491045951843262,422000,0.0,0.0
1995-05-23,13.695898307944244,14.2519283674548,13.637368827995765,13.959280967712402,1075200,0.0,0.0
1995-05-24,13.988545873890752,14.134869575500488,13.344721586807914,13.461780548095703,1298000,0.0,0.0
1995-05-25,13.432516468321165,13.637369660648503,13.31545750127697,13.491045951843262,669600,0.0,0.0
1995-05-26,13.403251568301693,13.403251568301693,13.13986889556214,13.315457344055176,316400,0.0,0.0
1995-05-30,13.37398950000142,13.46178374179574,12.525311829322993,12.583841323852539,818800,0.0,0.0
1995-05-31,12.700899419277974,12.847223145306522,12.437516712426588,12.671634674072266,1118800,0.0,0.0
1995-06-01,12.642370818382085,12.788694554705954,12.554576576587767,12.583841323852539,1912400,0.0,0.0
1995-06-02,12.583837363078246,13.432514766634686,12.583837363078246,13.373985290527344,1147600,0.0,0.0
1995-06-05,13.403253686839138,13.783695385373873,13.403253686839138,13.578842163085938,831200,0.0,0.0
1995-06-06,13.57884077298439,14.04707666170799,13.520311286893941,13.812958717346191,2031200,0.0,0.0
1995-06-07,13.812957267841202,14.017810447660882,13.783692527866963,13.959280967712402,1066800,0.0,0.0
1995-06-08,13.959282225626376,14.310459136962889,13.930017483015,14.31045913696289,688000,0.0,0.0
1995-06-09,14.105604629986585,14.486046248637676,13.930016190609159,14.251928329467773,1539600,0.0,0.0
1995-06-12,14.310456941565688,14.515310108418367,14.281192203443878,14.3397216796875,1654400,0.0,0.0
1995-06-13,14.48604723930359,14.632370948791506,14.39825301361084,14.632370948791504,819600,0.0,0.0
1995-06-14,14.456783365735822,15.042078238842535,14.427518622080486,14.925019264221191,902000,0.0,0.0
1995-06-15,14.925019853697046,15.0713435777529,14.778696129641194,14.866490364074707,741200,0.0,0.0
1995-06-16,15.04207372009637,15.334721068736378,14.866485310912367,14.895750045776367,819600,0.0,0.0
1995-06-19,14.954284152319264,15.305461079575295,14.954284152319264,15.100607872009277,1094400,0.0,0.0
1995-06-20,15.246931369488056,15.334725600022537,15.18840188246507,15.217666625976562,1653200,0.0,0.0
1995-06-21,15.276198193340953,15.305462940837776,14.486050010926766,14.54457950592041,1382000,0.0,0.0
1995-06-22,14.54457773718723,15.276196335637293,14.515312993249228,15.100607872009277,889200,0.0,0.0
1995-06-23,15.012810032943198,15.451781086538029,14.954280559130554,15.276192665100098,699600,0.0,0.0
1995-06-26,15.10060832256407,15.217667301808754,14.720166640018853,14.866490364074707,779600,0.0,0.0
1995-06-27,14.837223846755343,14.983547553330839,14.661635398864746,14.661635398864746,314800,0.0,0.0
1995-06-28,14.690900570480624,14.690900570480624,14.07634098486291,14.427517890930176,1032000,0.0,0.0
1995-06-29,14.398251031277447,14.954281050777999,14.339721555540546,14.8372220993042,944800,0.0,0.0
1995-06-30,14.866489775094204,15.305460929870607,14.837225031442443,15.305460929870605,864800,0.0,0.0
1995-07-03,15.305461079575295,15.305461079575295,15.100607872009277,15.100607872009277,80800,0.0,0.0
1995-07-05,15.129872467960045,15.451784648129408,15.129872467960045,15.305460929870605,521600,0.0,0.0
1995-07-06,15.422523612561434,16.154142379760742,15.305464609809544,16.154142379760742,1360000,0.0,0.0
1995-07-07,16.154138008619437,17.353992462158203,16.154138008619437,17.353992462158203,1094000,0.0,0.0
1995-07-10,17.236936628818512,17.266201376914978,16.710171163082123,16.856494903564453,1509600,0.0,0.0
1995-07-11,16.85649660800366,16.85649660800366,16.505319595336914,16.505319595336914,1022400,0.0,0.0
1995-07-12,16.73943527660596,17.44178920429572,16.73943527660596,17.29546546936035,1256400,0.0,0.0
1995-07-13,17.324725412886075,17.96854966809468,17.207666457393604,17.58810806274414,1204400,0.0,0.0
1995-07-14,17.32472152089685,18.027075096068344,17.236927324000412,17.99781036376953,1012800,0.0,0.0
1995-07-17,18.261195373535156,18.758695888519288,18.261195373535156,18.72943115234375,2241200,0.0,0.0
1995-07-18,18.758699816180613,18.758699816180613,17.675904350972058,17.76369857788086,1770400,0.0,0.0
1995-07-19,17.207665790495327,17.851490020751953,15.481046263898007,17.851490020751953,2901200,0.0,0.0
1995-07-20,17.851490712602207,17.851490712602207,17.500313846124786,17.58810806274414,1373200,0.0,0.0
1995-07-21,17.558839655077808,18.05634011197168,17.558839655077808,17.96854591369629,858400,0.0,0.0
1995-07-24,18.027078314141914,18.729432014692897,17.93928410157304,18.641637802124023,1157600,0.0,0.0
1995-07-25,19.08060987067945,19.87075782544685,19.02208039254853,19.314727783203125,1739600,0.0,0.0
1995-07-26,19.665908696640503,19.665908696640503,19.022084304786205,19.109878540039062,1164400,0.0,0.0
1995-07-27,19.16840191147151,19.7536966263256,19.16840191147151,19.343990325927734,834000,0.0,0.0
1995-07-28,19.285460461820772,19.343989932114614,18.992813110351562,18.992813110351562,940400,0.0,0.0
1995-07-31,19.051344672050185,19.16840362548828,18.495314643219228,19.16840362548828,893200,0.0,0.0
1995-08-01,19.28546479134749,19.314729533064256,18.4660520232781,19.139141082763672,1412000,0.0,0.0
1995-08-02,19.226935377246456,19.4610533118248,17.734433544309514,17.7929630279541,1598000,0.0,0.0
1995-08-03,17.383256912231445,17.734433819549253,17.178403716296057,17.383256912231445,2443200,0.0,0.0
1995-08-04,17.5295801954808,17.91002183578339,17.5295801954808,17.617374420166016,1228800,0.0,0.0
1995-08-07,17.792968449334204,18.231939710419752,17.705174197117096,17.822233200073242,796800,0.0,0.0
1995-08-08,17.997815504645992,18.114874467277836,17.88075654201415,18.056344985961914,516000,0.0,0.0
1995-08-09,18.466050059932055,18.524579537142614,18.17340267387925,18.37825584411621,814400,0.0,0.0
1995-08-10,18.40752003779177,18.40752003779177,17.79296054527408,17.851490020751953,502800,0.0,0.0
1995-08-11,18.2319307342828,18.2319307342828,17.880753898309454,17.93928337097168,746000,0.0,0.0
1995-08-14,17.910028236413076,18.67091178894043,17.910028236413076,18.67091178894043,591200,0.0,0.0
1995-08-15,18.641641471696936,19.0513478776683,18.466053011994923,18.846494674682617,1742800,0.0,0.0
1995-08-16,19.285465541788433,19.812230913187815,19.19767131322187,19.636642456054688,1460000,0.0,0.0
1995-08-17,19.81222869668688,20.075611352920532,19.373257602964127,19.665904998779297,1585200,0.0,0.0
1995-08-18,19.607372947612077,19.695167154840192,19.16840191147151,19.343990325927734,623200,0.0,0.0
1995-08-21,19.37325831557016,19.37325831557016,17.96855076398803,18.056344985961914,1730000,0.0,0.0
1995-08-22,18.261199228006515,18.583111393884835,18.08561077389107,18.524581909179688,1668000,0.0,0.0
1995-08-23,18.67090562094256,18.787964590352857,18.524581909179688,18.524581909179688,961600,0.0,0.0
1995-08-24,18.583109014353177,18.612373752958455,18.144137935273967,18.37825584411621,590800,0.0,0.0
1995-08-25,18.37825217231477,18.407516905073233,17.939281180937826,17.96854591369629,674000,0.0,0.0
1995-08-28,17.997816500037608,18.11487546914354,17.383256912231445,17.383256912231445,592800,0.0,0.0
1995-08-29,17.41252194769668,17.41252194769668,16.183402751388677,17.353992462158203,1963600,0.0,0.0
1995-08-30,17.55884493704254,17.734433386412963,17.324727004548638,17.617374420166016,724800,0.0,2.0
1995-08-31,17.67590084012979,17.9685482050326,17.38325347522698,17.73443031311035,828000,0.0,0.0
1995-09-01,17.32472627059273,17.675903154456098,17.20766730930494,17.500314712524414,1143600,0.0,0.0
1995-09-05,17.149135752569272,18.553843117967435,17.149135752569272,18.49531364440918,1819600,0.0,0.0
1995-09-06,18.963549432875237,19.25619680066652,18.144136803059638,18.49531364440918,1966600,0.0,0.0
1995-09-07,18.729441292980997,19.022088813183824,18.553852780859298,18.67091178894043,2038200,0.0,0.0
1995-09-08,18.84648726243239,19.0806051166241,18.261192626953125,19.022075653076172,1293200,0.0,0.0
1995-09-11,19.02208242330465,19.490318298339844,18.787964485787054,19.490318298339844,1168600,0.0,0.0
1995-09-12,19.431786977100668,19.490316455947358,18.670903752093714,18.90502166748047,1224000,0.0,0.0
1995-09-13,18.612372591525695,18.84649048575872,18.378254697292668,18.49531364440918,710800,0.0,0.0
1995-09-14,18.495314251008583,18.495314251008583,17.79296054527408,17.851490020751953,787800,0.0,0.0
1995-09-15,17.67590162632829,17.67590162632829,17.149136346073472,17.26619529724121,1170600,0.0,0.0
1995-09-18,17.50031560973117,17.968551478887857,17.090609224219072,17.7929630279541,1219600,0.0,0.0
1995-09-19,18.085606956481936,18.495313262939455,17.968548011779784,18.144136428833008,962600,0.0,0.0
1995-09-20,18.144137398141332,18.37825530005283,17.851490020751953,17.851490020751953,608800,0.0,0.0
1995-09-21,17.67590871036256,17.792967708444433,16.563848228584785,17.14914321899414,1917800,0.0,0.0
1995-09-22,16.680906414985657,16.973553895950317,16.50531792640686,16.856494903564453,1273400,0.0,0.0
1995-09-25,16.973551086317947,17.03208057282249,16.446785707777043,16.563844680786133,827600,0.0,0.0
1995-09-26,16.62237190769898,16.79796034334369,16.037077122216623,16.212665557861328,710600,0.0,0.0
1995-09-27,16.037077122216623,16.212665557861328,15.100605465444849,16.212665557861328,1479400,0.0,0.0
1995-09-28,16.446784757696513,17.734433386412963,16.446784757696513,17.617374420166016,2234200,0.0,0.0
1995-09-29,17.55884885787964,17.61737835407257,16.79796540737152,16.856494903564453,1722000,0.0,0.0
1995-10-02,16.856499102475833,17.14914665633826,16.271203994750977,16.271203994750977,727800,0.0,0.0
1995-10-03,16.388249116785385,16.97354372809915,16.212660733391257,16.915014266967773,1628800,0.0,0.0
1995-10-04,16.446786093157392,16.5638450689094,14.925019408381262,15.100607872009277,2048600,0.0,0.0
1995-10-05,14.632371895213543,15.627373184088064,14.632371895213543,15.393255233764648,2659600,0.0,0.0
1995-10-06,15.685900346013424,15.685900346013424,14.866487641370933,15.334723472595215,2227800,0.0,0.0
1995-10-09,15.159136619418861,15.56884301453829,14.925018679350616,14.983548164367676,1620400,0.0,0.0
1995-10-10,14.047076012477403,14.632370846330629,13.695899112165467,14.164134979248047,4235600,0.0,0.0
1995-10-11,14.98354725628735,14.98354725628735,14.456781923058498,14.690899848937988,2147800,0.0,0.0
1995-10-12,14.92501919086163,15.568843548114485,14.807960216815657,15.217666625976562,1548200,0.0,0.0
1995-10-13,15.920019760433393,15.97854924484675,14.690900587752873,14.80795955657959,1245200,0.0,0.0
1995-10-16,14.807962131072587,15.276198087786346,12.935018304217557,13.052077293395996,4312600,0.0,0.0
1995-10-17,13.695898124149867,14.925017186573573,13.344721249171666,14.749428749084473,4563200,0.0,0.0
1995-10-18,15.802961646830628,15.920020621992336,15.27619625860294,15.393255233764648,3687800,0.0,0.0
1995-10-19,15.334723540714808,15.334723540714808,14.749428749084473,14.749428749084473,1953400,0.0,0.0
1995-10-20,14.749428013392857,14.749428013392857,14.164133250956631,14.3397216796875,1180200,0.0,0.0
1995-10-23,14.10560559463501,14.749429916381837,14.047076110839845,14.632370948791504,1578400,0.0,0.0
1995-10-24,14.690901314978507,15.100607726153207,14.690901314978507,14.925019264221191,1007600,0.0,0.0
1995-10-25,14.925015645642434,15.042074591882766,14.51530933380127,14.51530933380127,779200,0.0,0.0
1995-10-26,14.57383958466199,14.57383958466199,13.930015345982142,14.3397216796875,1102000,0.0,0.0
1995-10-27,14.339722960118754,14.866488293347606,14.339722960118754,14.690899848937988,1493800,0.0,0.0
1995-10-30,15.042081192462113,16.095612170922493,15.042081192462113,16.03708267211914,1719800,0.0,0.0
1995-10-31,16.037078164489973,16.271196093898585,15.6273717880249,15.627371788024902,1122000,0.0,0.0
1995-11-01,15.45178526029812,15.568844239542802,14.749431384830023,14.866490364074707,759800,0.0,0.0
1995-11-02,14.632369342603182,15.568840980529785,14.632369342603182,15.568840980529785,1864000,0.0,0.0
1995-11-03,15.97854868213782,16.271196093898585,15.510312823320595,15.627371788024902,1742800,0.0,0.0
1995-11-06,15.451782001340522,16.3882536377854,15.393252524062717,15.861488342285156,1656600,0.0,0.0
1995-11-07,15.451784085826713,15.510313571000298,13.754429015792718,13.930017471313477,3331600,0.0,0.0
1995-11-08,14.281192478380705,14.39825143312153,13.11060293097245,13.344720840454102,4347400,0.0,0.0
1995-11-09,13.988544661284498,14.222662563565411,13.812956234573814,13.871485710144043,1689800,0.0,0.0
1995-11-10,13.871490243089747,14.515314684752141,13.871490243089747,13.98854923248291,938400,0.0,0.0
1995-11-13,14.04707531218833,14.281193234058135,13.754427909851072,13.754427909851074,771000,0.0,0.0
1995-11-14,12.935018304217557,13.403254260931314,12.876488809628338,13.052077293395996,1354200,0.0,0.0
1995-11-15,12.876485523424652,13.052073962380442,11.881484369341837,12.232661247253418,3584400,0.0,0.0
1995-11-16,12.349718859562508,12.642366225902851,11.70589465361375,12.1741304397583,3855200,0.0,0.0
1995-11-17,12.466782334793447,12.876488796500272,12.291193851204806,12.583841323852539,2668400,0.0,0.0
1995-11-20,12.58383916873558,12.700898137747073,11.82295587016087,11.940014839172363,1391600,0.0,0.0
1995-11-21,11.705892913195552,11.881481306893486,11.062068802969796,11.47177505493164,5462400,0.0,0.0
1995-11-22,11.47177838004209,11.88148475075788,10.827954083202993,10.945013046264648,1852600,0.0,0.0
1995-11-24,11.003541371179004,11.062070846557617,10.945011895800393,11.062070846557617,1158800,0.0,0.0
1995-11-27,11.179130802983822,11.354719244915506,10.710894957832668,10.769424438476562,2663600,0.0,0.0
1995-11-28,10.652367315921687,11.588839167870846,10.652367315921687,11.530309677124023,3889800,0.0,0.0
1995-11-29,11.82295560610803,12.525309404490685,11.82295560610803,12.34972095489502,3027600,0.0,0.0
1995-11-30,12.115602287949558,12.876485523424652,11.881484369341837,12.232661247253418,3304800,0.0,0.0
1995-12-01,12.174134216308595,12.232663707733154,11.588839302062988,11.70589828491211,2177400,0.0,0.0
1995-12-04,11.940012546686026,12.525307279366713,11.822953600149889,12.1741304397583,1850800,0.0,0.0
1995-12-05,12.291192430438416,12.525310381494387,11.471779601742522,11.588838577270508,1928200,0.0,0.0
1995-12-06,12.115604932684647,12.115604932684647,10.886485591687654,11.120603561401367,2452600,0.0,0.0
1995-12-07,11.062072009326302,11.413248898511263,10.945013046264647,10.945013046264648,2158200,0.0,0.0
1995-12-08,11.17913216292256,11.6473680650345,10.710896260810621,11.588838577270508,1742400,0.0,0.0
1995-12-11,11.705897552798492,11.822956528326477,11.354720626214538,11.588838577270508,849400,0.0,0.0
1995-12-12,11.705897251764933,11.705897251764933,11.062072902917862,11.237661361694336,1161000,0.0,0.0
1995-12-13,11.179130554199219,11.413248471564648,11.003542116175147,11.179130554199219,1383400,0.0,0.0
1995-12-14,11.179130627964083,11.179130627964083,9.832952594230187,10.593835830688477,2063000,0.0,0.0
1995-12-15,10.301188066270615,10.535305976867676,9.832952245076497,10.535305976867676,1939600,0.0,0.0
1995-12-18,9.832955477530495,10.242661955760934,9.423248999300059,10.008543968200684,2017000,0.0,0.0
1995-12-19,10.18412871587844,11.17912979731484,10.067069765121218,11.062070846557617,2828800,0.0,0.0
1995-12-20,11.237660283627717,11.471778206203295,10.593835996544879,10.769424438476562,2649200,0.0,0.0
1995-12-21,11.003540978643107,12.057071497874894,11.003540978643107,11.88148307800293,2911800,0.0,0.0
1995-12-22,11.822954756703544,11.998543193684288,11.588836840729215,11.764425277709961,1025400,0.0,0.0
1995-12-26,11.705896962228135,11.881485416661556,11.588837992605853,11.647367477416992,721000,0.0,0.0
1995-12-27,11.647368658617669,11.705898149364492,11.530309677124023,11.530309677124023,655800,0.0,0.0
1995-12-28,11.237662447415865,11.58883939889761,11.17913295550224,11.413250923156738,846800,0.0,0.0
1995-12-29,11.413248403748469,12.34972006764578,11.354718924754888,11.764425277709961,1063600,0.0,0.0
1996-01-02,11.413247794050227,12.876484690723332,11.354718318183302,12.700896263122559,927400,0.0,0.0
1996-01-03,12.700898299470614,12.993545725725697,11.940014991207399,12.11560344696045,3365400,0.0,0.0
1996-01-04,11.822958113507527,12.05707609595322,11.588840131061835,11.998546600341797,3098800,0.0,0.0
1996-01-05,11.764426175830435,12.408250493910707,11.705896692368592,12.057073593139648,1094200,0.0,0.0
1996-01-08,11.940014839172363,12.115603292689604,11.881485354666616,11.940014839172363,223200,0.0,0.0
1996-01-09,11.764426738023758,11.764426738023758,10.769425471623737,11.237661361694336,1418200,0.0,0.0
1996-01-10,10.769425176805065,11.647367446653304,10.769425176805065,10.886484146118164,2629000,0.0,0.0
1996-01-11,11.35472005336129,11.822955931850416,11.179131598927867,11.647367477416992,1358000,0.0,0.0
1996-01-12,11.58883939889761,11.647368890811235,11.17913295550224,11.413250923156738,863200,0.0,0.0
1996-01-15,11.354717210791577,11.354717210791577,10.125598337458468,10.184127807617188,1448400,0.0,0.0
1996-01-16,10.769424165998187,10.769424165998187,9.36471666608538,9.832952499389648,4028000,0.0,0.0
1996-01-17,9.832952297435087,10.535306032966163,9.657363863552318,9.950011253356934,3260800,0.0,0.0
1996-01-18,10.067071481184527,10.418248393318871,9.891483025117354,10.301189422607422,1716400,0.0,0.0
1996-01-19,10.301188205150849,11.179130381726205,10.125599769835777,11.003541946411133,1582400,0.0,0.0
1996-01-22,11.120602389176685,11.588838279247284,10.945013930400211,11.237661361694336,2274800,0.0,0.0
1996-01-23,10.88648332025587,11.413248642203733,10.76942435982301,11.354719161987305,1975200,0.0,0.0
1996-01-24,11.530308792988459,11.647367765506107,11.120602389176685,11.237661361694336,5518000,0.0,0.0
1996-01-25,11.237660453918782,11.354719416980437,10.945013046264647,10.945013046264648,2901600,0.0,0.0
1996-01-26,10.945012467972777,11.179130381726205,10.593835597342634,11.003541946411133,1307400,0.0,0.0
1996-01-29,11.062071668508962,11.062071668508962,10.593835830688477,10.593835830688477,629800,0.0,0.0
1996-01-30,10.65236226066214,10.945009575515495,10.65236226066214,10.710891723632812,1177800,0.0,0.0
1996-01-31,10.769420731539107,10.827950192036603,10.184126126564156,10.35971450805664,3229800,0.0,0.0
1996-02-01,10.476780053023454,10.769427540538075,10.301191560514681,10.652368545532227,3267600,0.0,0.0
1996-02-02,10.769425305453215,10.827954790808938,10.067071481184527,10.301189422607422,2872800,0.0,0.0
1996-02-05,10.30118874942555,11.237660453918782,10.067070823302242,10.945013046264648,3849400,0.0,0.0
1996-02-06,11.179132732643088,11.764427640111313,11.120603241896266,11.530309677124023,3817600,0.0,0.0
1996-02-07,11.471781510573168,11.64737000308194,10.593839048029302,10.652368545532227,5628200,0.0,0.0
1996-02-08,10.652367458663175,10.769426441725408,10.41824949253871,10.476778984069824,3725200,0.0,0.0
1996-02-09,10.535307144850828,10.652366113126947,10.242659724160527,10.418248176574707,1151800,0.0,0.0
1996-02-12,10.359718907963147,10.476777878674595,10.184130451895975,10.301189422607422,1004800,0.0,0.0
1996-02-13,10.184132565508833,10.71089804303515,10.067073570502984,10.652368545532227,5630800,0.0,0.0
1996-02-14,10.535309440211245,10.769427427771495,9.891484974420559,10.008543968200684,6737000,0.0,0.0
1996-02-15,10.067070416041783,10.067070416041783,9.598834582737513,9.832952499389648,2519400,0.0,0.0
1996-02-16,9.832955477530495,10.067073465090745,9.71589648375037,10.008543968200684,3129200,0.0,0.0
1996-02-20,9.89148177539601,10.301188121122472,9.774422819474163,9.950011253356934,1741400,0.0,0.0
1996-02-21,9.950011253356934,10.067070209278778,9.774422819474163,9.950011253356934,1431800,0.0,0.0
1996-02-22,9.950010299682617,10.94501132965088,9.950010299682617,10.82795238494873,4978800,0.0,0.0
1996-02-23,10.886482842763265,10.94501232041253,10.418247021569146,10.535305976867676,3126600,0.0,0.0
1996-02-26,10.301188593325408,10.945012880408246,10.242659112681514,10.769424438476562,2318400,0.0,0.0
1996-02-27,10.418248176574707,10.652366113126947,10.359718692436646,10.418248176574707,2105000,0.0,0.0
1996-02-28,10.476777660712767,10.593836628988887,10.418248176574707,10.418248176574707,1009000,0.0,0.0
1996-02-29,10.125599716648912,10.242658672910748,9.540304935339725,9.657363891601562,4341400,0.0,0.0
1996-03-01,9.364716990894038,9.423246472087127,8.779422178963161,8.83795166015625,4845000,0.0,0.0
1996-03-04,9.072071669937728,9.130601164582488,8.896483186003449,9.013542175292969,3748800,0.0,0.0
1996-03-05,8.955010622542424,9.013540103735513,8.31118632941846,8.83795166015625,8818400,0.0,0.0
1996-03-06,8.837952088336555,8.955011056393994,8.486775184164243,8.60383415222168,3214400,0.0,0.0
1996-03-07,8.54530644416809,8.720894932746887,8.311188459396362,8.428247451782227,3532400,0.0,0.0
1996-03-08,8.018541789223962,8.545307308224077,7.901482785001715,8.252659797668457,3897000,0.0,0.0
1996-03-11,8.36971378326416,8.486772717295826,8.252654849232494,8.36971378326416,1606400,0.0,0.0
1996-03-12,8.369713393735214,8.486772322318924,8.135595536567797,8.31118392944336,1228600,0.0,0.0
1996-03-13,8.369714546203614,8.662361907958985,8.19412612915039,8.486773490905762,2807200,0.0,0.0
1996-03-14,8.31118770143879,8.428246683149196,7.784422283741965,7.842951774597168,5763800,0.0,0.0
1996-03-15,8.018539859823985,8.545305252075195,7.842951395740247,8.545305252075195,8193800,0.0,0.0
1996-03-18,8.77942254668788,9.013540481266222,8.662363579398708,8.89648151397705,4555800,0.0,0.0
1996-03-19,9.013540103735513,9.0720695849286,8.720892697770074,8.83795166015625,1216800,0.0,0.0
1996-03-20,8.72089058535916,8.779420052374993,8.252654849232494,8.36971378326416,2209200,0.0,0.0
1996-03-21,8.369718696760096,8.369718696760096,7.842953184376593,8.077071189880371,2892600,0.0,0.0
1996-03-22,8.077071189880371,8.252659694008205,8.018541688504428,8.077071189880371,1104400,0.0,0.0
1996-03-25,8.25265908771091,8.25265908771091,7.7844231111032,7.901482105255127,1413800,0.0,0.0
1996-03-26,7.7844231111032,8.077070596483019,7.7844231111032,7.901482105255127,1272200,0.0,0.0
1996-03-27,7.901481265452371,8.077069738017979,7.842951774597168,7.842951774597168,2249400,0.0,0.0
1996-03-28,7.901479445005718,7.96000892237613,7.6673615355240665,7.784420490264893,2146800,0.0,0.0
1996-03-29,7.842951774597168,8.018540247162775,7.7258927928867625,7.842951774597168,2829200,0.0,0.0
1996-04-01,7.901481265452371,8.018540247162775,7.784422283741965,7.842951774597168,1654800,0.0,0.0
1996-04-02,7.842952005790942,7.901481498371472,7.725893020629884,7.725893020629883,1041800,0.0,0.0
1996-04-03,7.784423780779467,8.252659797668457,7.755159029723905,8.252659797668457,5570000,0.0,0.0
1996-04-04,8.018538399746543,8.077067877116956,7.6673615355240665,7.784420490264893,5367600,0.0,0.0
1996-04-08,7.550303690774101,8.252657522474017,7.491774204799107,8.194128036499023,4030600,0.0,0.0
1996-04-09,8.194130192632262,8.31118919538415,7.901482685752537,8.077071189880371,2916600,0.0,0.0
1996-04-10,8.018539578574044,8.545304952348982,8.018539578574044,8.194128036499023,3598800,0.0,0.0
1996-04-11,8.252659331272987,8.252659331272987,7.901482338452861,8.01854133605957,2340800,0.0,0.0
1996-04-12,7.96000862121582,8.194126521839815,7.96000862121582,7.96000862121582,2597600,0.0,0.0
1996-04-15,8.018538609715817,8.194127046424923,7.491773299588501,7.667361736297607,7636200,0.0,0.0
1996-04-16,7.784420195747824,8.077067571527818,7.725890720591825,7.96000862121582,4215200,0.0,0.0
1996-04-17,8.018541688504428,8.194130192632262,7.901482685752537,8.077071189880371,5584000,0.0,0.0
1996-04-18,8.311188459396362,8.486776947975159,8.135599970817566,8.428247451782227,6212600,0.0,0.0
1996-04-19,8.545305252075195,8.66236422813102,8.42824627601937,8.545305252075195,4416000,0.0,0.0
1996-04-22,8.83795149261887,9.013539932869577,8.662363052368164,8.662363052368164,7358200,0.0,0.0
1996-04-23,8.837950325012207,9.072068214416504,8.720891380310059,9.072068214416504,6395200,0.0,0.0
1996-04-24,9.247657707759313,9.950011457715716,9.189128228596278,9.832952499389648,7704000,0.0,0.0
1996-04-25,9.950011253356934,10.008540731317856,9.364716473747702,9.950011253356934,4888000,0.0,0.0
1996-04-26,9.891484974420559,10.125602961980809,9.657366986860309,10.008543968200684,3652800,0.0,0.0
1996-04-29,9.950010690344385,10.00854016499347,9.715892791748047,9.715892791748047,2490600,0.0,0.0
1996-04-30,9.715894920069998,9.8329538950106,9.598835945129395,9.598835945129395,2397200,0.0,0.0
1996-05-01,9.657365432599697,9.8329538950106,9.540306457659094,9.598835945129395,3042600,0.0,0.0
1996-05-02,9.832953963168832,10.242660378300867,9.832953963168832,10.067071914672852,5199000,0.0,0.0
1996-05-03,10.184129165200625,10.24265864316155,9.950011253356934,9.950011253356934,2504000,0.0,0.0
1996-05-06,10.067071330340612,10.125600814819336,9.77442390794699,10.125600814819336,1011800,0.0,0.0
1996-05-07,10.067070209278778,10.535306032966163,9.832952297435087,9.950011253356934,2484600,0.0,0.0
1996-05-08,9.89148177539601,9.950011253356934,9.598834385591394,9.950011253356934,1652200,0.0,0.0
1996-05-09,9.774424256745332,9.891483229880007,9.306188364206633,9.423247337341309,2152400,0.0,0.0
1996-05-10,9.540303993225098,9.657362937927246,9.247656631469727,9.364715576171875,2670200,0.0,0.0
1996-05-13,9.423245951708624,9.950011253356934,9.364716473747702,9.950011253356934,2508200,0.0,0.0
1996-05-14,10.067070416041783,10.125599895204816,9.774423020226616,9.832952499389648,1583200,0.0,0.0
1996-05-15,9.832953392425713,10.30118926825551,9.832953392425713,10.125600814819336,3467800,0.0,0.0
1996-05-16,10.008541995828804,10.359718907963147,9.950012510473078,10.301189422607422,2035600,0.0,0.0
1996-05-17,10.184126126564156,10.476773429051631,10.125596666066661,10.35971450805664,1657800,0.0,0.0
1996-05-20,10.418248393318871,10.476777878674595,10.242659937251698,10.301189422607422,1531400,0.0,0.0
1996-05-21,10.301187729694433,10.359717205431334,9.832951923799232,9.891481399536133,1729600,0.0,0.0
1996-05-22,9.891481804125236,9.891481804125236,9.540304935339725,9.657363891601562,1634800,0.0,0.0
1996-05-23,9.59883579704332,9.657365283610657,9.306188364206633,9.423247337341309,2983400,0.0,0.0
1996-05-24,9.42324524287936,9.42324524287936,9.189127348646334,9.24765682220459,1617400,0.0,0.0
1996-05-28,9.24765682220459,9.481774716437618,9.130597875088077,9.24765682220459,2213800,0.0,0.0
1996-05-29,9.306186295762847,9.42324524287936,9.130597875088077,9.24765682220459,962200,0.0,0.0
1996-05-30,9.189127519906286,9.715892791748047,9.189127519906286,9.715892791748047,1126600,0.0,0.0
1996-05-31,9.715894770177995,9.891483229880007,9.423247337341309,9.423247337341309,985600,0.0,0.0
1996-06-03,9.481775308110912,9.540304785321473,9.130598444847545,9.189127922058105,1388000,0.0,0.0
1996-06-04,9.189130659227247,9.247660153872006,9.013542175292969,9.013542175292969,1111800,0.0,0.0
1996-06-05,9.0720695849286,9.130599066121688,8.779422178963161,8.83795166015625,1497200,0.0,0.0
1996-06-06,8.837949108070053,8.896478572361907,8.252654465151505,8.31118392944336,2059600,0.0,0.0
1996-06-07,8.135598424275715,8.779422760009766,8.018539454142251,8.779422760009766,2370000,0.0,0.0
1996-06-10,8.720891380310059,8.720891380310059,8.369714546203614,8.486773490905762,917400,0.0,0.0
1996-06-11,8.486776947975159,8.662365436553955,8.428247451782227,8.428247451782227,1180400,0.0,0.0
1996-06-12,8.60383415222168,8.720893120279118,8.545304668192962,8.60383415222168,2460800,0.0,0.0
1996-06-13,8.603831250902633,8.662360715194488,8.31118392944336,8.31118392944336,2135400,0.0,0.0
1996-06-14,8.311184316248326,8.36971378326416,8.252654849232494,8.36971378326416,1082600,0.0,0.0
1996-06-17,8.369716494424003,8.369716494424003,8.13559855052403,8.194128036499023,1447000,0.0,0.0
1996-06-18,8.194129832469633,8.252659331272987,7.960011837256215,8.01854133605957,1602200,0.0,0.0
1996-06-19,8.018538096371818,8.077067571527818,7.96000862121582,7.96000862121582,1756400,0.0,0.0
1996-06-20,7.960011837256215,8.01854133605957,7.784423340846152,8.01854133605957,1432600,0.0,0.0
1996-06-21,7.960011602331091,8.018541099407056,7.7844231111032,7.901482105255127,1407800,0.0,0.0
1996-06-24,7.901483954285546,8.194131508147974,7.901483954285546,8.135601997375488,2678600,0.0,0.0
1996-06-25,8.135600093558983,8.194129590634947,7.901482105255127,7.901482105255127,1091600,0.0,0.0
1996-06-26,7.901481498371472,7.960010990952001,7.725893020629884,7.725893020629883,1211000,0.0,0.0
1996-06-27,7.725893842042797,8.01854133605957,7.725893842042797,8.01854133605957,1126600,0.0,0.0
1996-06-28,8.077071189880371,8.31118919538415,8.077071189880371,8.077071189880371,2331400,0.0,0.0
1996-07-01,8.369713393735214,8.369713393735214,8.252654465151505,8.31118392944336,1125000,0.0,0.0
1996-07-02,8.311190529692945,8.311190529692945,8.077072486603003,8.135601997375488,1320400,0.0,0.0
1996-07-03,8.135600093558983,8.135600093558983,7.901482105255127,7.901482105255127,1432600,0.0,0.0
1996-07-05,7.784422283741965,7.9600107563075735,7.7258927928867625,7.842951774597168,591800,0.0,0.0
1996-07-08,7.842952005790942,7.960010990952001,7.725893020629884,7.725893020629883,886200,0.0,0.0
1996-07-09,7.842950992286206,7.842950992286206,7.374715112149716,7.491774082183838,1541800,0.0,0.0
1996-07-10,7.491773332868304,7.491773332868304,7.0820669787270685,7.374714374542236,2519800,0.0,0.0
1996-07-11,7.1991273106121625,7.1991273106121625,6.672361897640541,7.140597820281982,2561600,0.0,0.0
1996-07-12,7.199127526118838,7.257657018201105,6.672362097378435,6.789421081542969,1516800,0.0,0.0
1996-07-15,6.7894196896939665,6.7894196896939665,6.4382428091925545,6.496772289276123,1616400,0.0,0.0
1996-07-16,6.379712958769364,6.789419295571067,5.852947668595747,6.438242435455322,2475600,0.0,0.0
1996-07-17,6.613830479291769,6.672359952559838,6.08706521987915,6.08706521987915,4596400,0.0,0.0
1996-07-18,6.145595550537109,6.262654513404483,5.911477624802362,6.145595550537109,5674600,0.0,0.0
1996-07-19,6.145595489162029,6.145595489162029,5.8529480849162185,5.911477565765381,2121600,0.0,0.0
1996-07-22,5.911478264163239,5.911478264163239,5.794419288635254,5.794419288635254,1625400,0.0,0.0
1996-07-23,5.911477950311476,5.911477950311476,5.443242073059082,5.443242073059082,2966200,0.0,0.0
1996-07-24,5.384713303415399,5.67736076555754,5.209124826130114,5.560301780700684,2950000,0.0,0.0
1996-07-25,5.794418541426511,5.970006982075799,5.618830100777223,5.677359580993652,2645800,0.0,0.0
1996-07-26,5.852949730703763,6.321185709160065,5.852949730703763,6.262656211853027,2947800,0.0,0.0
1996-07-29,6.204125246955353,6.379713697340883,6.028536796569825,6.028536796569824,1089600,0.0,0.0
1996-07-30,6.145597217238952,6.2626562118530265,6.028538222624876,6.262656211853027,753200,0.0,0.0
1996-07-31,6.262653730533741,6.438242152885154,6.262653730533741,6.321183204650879,1400800,0.0,0.0
1996-08-01,6.321183204650879,6.3797126787680165,6.262653730533741,6.321183204650879,2235800,0.0,0.0
1996-08-02,6.496772351472274,6.789419754691746,6.496772351472274,6.730890274047852,3667400,0.0,0.0
1996-08-05,6.730890274047852,6.789419754691746,6.496772351472274,6.730890274047852,4015800,0.0,0.0
1996-08-06,6.730890636444093,7.316185474395753,6.672361152648926,7.316185474395752,5305200,0.0,0.0
1996-08-07,7.433244441986084,7.6088328933715825,7.19912650680542,7.316185474395752,3139000,0.0,0.0
1996-08-08,7.257655416216169,7.43324385370527,7.0820669787270685,7.374714374542236,2948400,0.0,0.0
1996-08-09,7.199126243591309,7.316185206901737,7.0820672802808815,7.199126243591309,1793600,0.0,0.0
1996-08-12,7.257656161524668,7.316185646698254,6.906479250483152,6.965008735656738,1485600,0.0,0.0
1996-08-13,6.906480065707503,6.96500955778977,6.730891589460702,6.789421081542969,903600,0.0,0.0
1996-08-14,6.672361056009929,6.965008470747207,6.672361056009929,6.847949504852295,991000,0.0,0.0
1996-08-15,6.847949872582646,6.965008844763545,6.730890900401746,6.906479358673096,836200,0.0,0.0
1996-08-16,6.847949194908143,7.023537635803223,6.847949194908143,7.023537635803223,554200,0.0,0.0
1996-08-19,6.906478987799751,6.965008470747207,6.7894200219048395,6.847949504852295,497600,0.0,0.0
1996-08-20,6.906479358673096,6.965008844763545,6.847949872582646,6.906479358673096,499200,0.0,0.0
1996-08-21,6.847949194908143,7.023537635803223,6.7894197146097826,7.023537635803223,745400,0.0,0.0
1996-08-22,7.023538006238701,7.199126456394668,7.023538006238701,7.082067489624023,1263000,0.0,0.0
1996-08-23,7.0820683299518015,7.1991273106121625,7.023538839621621,7.140597820281982,3156800,0.0,0.0
1996-08-26,7.1405957206603015,7.316184140020801,7.082066247540135,7.257654666900635,2305200,0.0,0.0
1996-08-27,7.257656800942343,7.316186291272523,7.0820683299518015,7.140597820281982,1348800,0.0,0.0
1996-08-28,7.140597820281982,7.257656800942343,7.023538839621621,7.140597820281982,975000,0.0,0.0
1996-08-29,7.199125937053135,7.550302812031338,7.199125937053135,7.374714374542236,2722000,0.0,0.0
1996-08-30,7.433243086261133,7.433243086261133,7.199125193780468,7.257654666900635,826600,0.0,0.0
1996-09-03,7.257655416216169,7.374714374542236,7.0820669787270685,7.374714374542236,824000,0.0,0.0
1996-09-04,7.374714958190919,7.374714958190919,7.257655990600586,7.316185474395752,1107800,0.0,0.0
1996-09-05,7.257655725246523,7.316185206901737,7.0820672802808815,7.199126243591309,1527600,0.0,0.0
1996-09-06,7.199125193780468,7.257654666900635,7.1405957206603015,7.257654666900635,922600,0.0,0.0
1996-09-09,7.257655939779991,7.257655939779991,6.9650085228533785,7.082067489624023,1119000,0.0,0.0
1996-09-10,7.023538839621621,7.140597820281982,6.965009349291441,7.140597820281982,1116600,0.0,0.0
1996-09-11,7.0820683299518015,7.257656800942343,7.0820683299518015,7.140597820281982,2026800,0.0,0.0
1996-09-12,7.0820683299518015,7.1991273106121625,7.023538839621621,7.140597820281982,1264000,0.0,0.0
1996-09-13,7.199126243591309,7.316185206901737,7.023537798625667,7.199126243591309,1145200,0.0,0.0
1996-09-16,7.257656142115594,7.608833052217961,7.199126657098533,7.491774082183838,2186600,0.0,0.0
1996-09-17,7.6673615355240665,7.901479445005718,7.608832058153654,7.784420490264893,3376200,0.0,0.0
1996-09-18,7.72589101289448,7.784420490264893,7.6673615355240665,7.784420490264893,1026800,0.0,0.0
1996-09-19,7.784422283741965,8.077069738017979,7.66736330203156,7.842951774597168,1481800,0.0,0.0
1996-09-20,7.725893020629884,7.901481498371472,7.725893020629884,7.725893020629883,1225400,0.0,0.0
1996-09-23,7.725893020629884,7.842952005790942,7.667363528049354,7.725893020629883,730200,0.0,0.0
1996-09-24,7.842951120649065,8.311187008449009,7.842951120649065,8.194128036499023,2580600,0.0,0.0
1996-09-25,8.077066448184993,8.36971378326416,8.01853698116916,8.36971378326416,1530800,0.0,0.0
1996-09-26,8.31118919538415,8.486777699511984,8.018541688504428,8.077071189880371,1946000,0.0,0.0
1996-09-27,8.018541099407056,8.135600093558983,7.842952608179163,7.901482105255127,877200,0.0,0.0
1996-09-30,7.901479445005718,8.077067877116956,7.784420490264893,7.784420490264893,626600,0.0,0.0
1996-10-01,7.784422283741965,7.901481265452371,7.66736330203156,7.842951774597168,953000,0.0,0.0
1996-10-02,7.96000862121582,8.194126521839815,7.96000862121582,7.96000862121582,1421800,0.0,0.0
1996-10-03,7.901481265452371,8.13559922887318,7.842951774597168,7.842951774597168,866800,0.0,0.0
1996-10-04,7.901482105255127,8.018541099407056,7.842952608179163,7.901482105255127,596400,0.0,0.0
1996-10-07,7.901480606624058,8.194128036499023,7.901480606624058,8.194128036499023,1137800,0.0,0.0
1996-10-08,8.19412538221666,8.36971378326416,8.19412538221666,8.36971378326416,2048200,0.0,0.0
1996-10-09,8.545302184311659,8.603831651327493,8.311184316248326,8.36971378326416,3464600,0.0,0.0
1996-10-10,8.311188459396362,8.486776947975159,8.25265896320343,8.428247451782227,1511400,0.0,0.0
1996-10-11,8.428245700135523,8.60383415222168,8.428245700135523,8.60383415222168,483200,0.0,0.0
1996-10-14,8.662361907958985,9.189127159118653,8.545302963256836,9.072068214416504,2985400,0.0,0.0
1996-10-15,9.247658028507864,9.247658028507864,8.603833735383898,8.83795166015625,3249400,0.0,0.0
1996-10-16,8.428244018554688,8.603832435607911,8.428244018554688,8.486773490905762,2471800,0.0,0.0
1996-10-17,8.545308572782886,8.545308572782886,8.077072486603003,8.135601997375488,2224000,0.0,0.0
1996-10-18,8.077070834862925,8.077070834862925,7.725893842042797,8.01854133605957,1947800,0.0,0.0
1996-10-21,7.960011602331091,8.077070596483019,7.725893614027235,7.901482105255127,1543000,0.0,0.0
1996-10-22,8.07706893235445,8.07706893235445,7.4332445971667775,7.491774082183838,1297000,0.0,0.0
1996-10-23,7.433245338610749,7.901481265452371,7.374715847755546,7.842951774597168,1275600,0.0,0.0
1996-10-24,7.842951774597168,7.901481265452371,7.784422283741965,7.842951774597168,991400,0.0,0.0
1996-10-25,7.901482105255127,7.960011602331091,7.842952608179163,7.901482105255127,573800,0.0,0.0
1996-10-28,7.901481265452371,7.901481265452371,7.784422283741965,7.842951774597168,598000,0.0,0.0
1996-10-29,7.842951609393743,7.842951609393743,7.433245182037353,7.4332451820373535,1062200,0.0,0.0
1996-10-30,7.491773925781251,7.491773925781251,7.257655990600586,7.316185474395752,1453200,0.0,0.0
1996-10-31,7.31618620279267,7.4917746716596945,7.31618620279267,7.4332451820373535,651600,0.0,0.0
1996-11-01,7.491773299588501,7.725891215200642,7.491773299588501,7.667361736297607,653600,0.0,0.0
1996-11-04,7.608831770279828,8.018538096371818,7.608831770279828,7.96000862121582,1143400,0.0,0.0
1996-11-05,8.018542975830517,8.135601997375488,8.018542975830517,8.135601997375488,980600,0.0,0.0
1996-11-06,8.13559883587981,8.603834740103107,8.077069347851896,8.545305252075195,1789600,0.0,0.0
1996-11-07,8.662363579398708,8.955010997621637,8.603834095754122,8.89648151397705,2262400,0.0,0.0
1996-11-08,8.896481141349337,8.896481141349337,8.720892697770074,8.83795166015625,1182800,0.0,0.0
1996-11-11,8.83795166015625,8.83795166015625,8.54530425419081,8.83795166015625,764800,0.0,0.0
1996-11-12,8.95501057918255,9.30618746464069,8.896481098272861,9.130599021911621,2555600,0.0,0.0
1996-11-13,9.13060105521724,9.30618953704834,9.072071561273539,9.30618953704834,1219800,0.0,0.0
1996-11-14,9.189128066554215,9.71589336973248,9.189128066554215,9.657363891601562,2594600,0.0,0.0
1996-11-15,9.59883661110308,10.593837967132059,9.540307119571963,10.476778984069824,7081400,0.0,0.0
1996-11-18,10.418245108468192,10.4767745753697,10.125597773960658,10.242656707763672,2832000,0.0,0.0
1996-11-19,10.301188066270615,10.535305976867676,10.242658588621351,10.535305976867676,1479200,0.0,0.0
1996-11-20,10.476777878674595,10.535307364030318,10.242659937251698,10.301189422607422,1954000,0.0,0.0
1996-11-21,10.359719354052876,10.359719354052876,9.95001293892084,10.067071914672852,3188600,0.0,0.0
1996-11-22,10.65236539939015,11.471778122420163,10.593835919173722,11.354719161987305,6341400,0.0,0.0
1996-11-25,11.237662447415865,11.413250923156738,10.827956004020495,11.413250923156738,2617400,0.0,0.0
1996-11-26,11.35471899222329,11.35471899222329,10.94501263683379,11.179130554199219,3125200,0.0,0.0
1996-11-27,11.237660033540577,11.35471899222329,11.062071595516505,11.179130554199219,1599000,0.0,0.0
1996-11-29,11.062070846557617,11.17912979731484,11.062070846557617,11.062070846557617,279200,0.0,0.0
1996-12-02,11.003544260402622,11.647368658617669,10.9450147696558,11.530309677124023,2698000,0.0,0.0
1996-12-03,11.471778963126388,12.232662261701098,11.41324947862064,11.940014839172363,4464200,0.0,0.0
1996-12-04,11.705896169832437,11.881484612379923,11.647366688983274,11.822955131530762,2277000,0.0,0.0
1996-12-05,11.705892913195552,11.764422377761528,11.47177505493164,11.47177505493164,2022200,0.0,0.0
1996-12-06,10.769425822045518,11.413250191841717,10.652366845718937,11.296191215515137,1935000,0.0,0.0
1996-12-09,11.413249275059377,12.115603076601493,11.413249275059377,12.057073593139648,1876800,0.0,0.0
1996-12-10,12.174131630665034,12.291190588652197,11.705895798716378,11.764425277709961,1499200,0.0,0.0
1996-12-11,11.413250923156738,11.58883939889761,11.003544479761368,11.413250923156738,2115600,0.0,0.0
1996-12-12,11.588837082853022,11.88148448393517,11.354719161987305,11.354719161987305,2372600,0.0,0.0
1996-12-13,11.003544576544511,11.237662546258225,11.003544576544511,11.120603561401367,1408800,0.0,0.0
1996-12-16,11.003539038486167,11.062068501456839,10.65236226066214,10.710891723632812,2736200,0.0,0.0
1996-12-17,10.593838129545514,11.237662546258225,10.476779144688656,11.120603561401367,2357200,0.0,0.0
1996-12-18,11.237660201554446,11.471778122420163,11.237660201554446,11.354719161987305,2047800,0.0,0.0
1996-12-19,11.471779601742522,11.588838577270508,11.354720626214538,11.588838577270508,1548400,0.0,0.0
1996-12-20,11.705898149364492,11.764427640111313,11.4717801863772,11.530309677124023,1353000,0.0,0.0
1996-12-23,11.471779306729633,11.530308792988459,11.237661361694336,11.237661361694336,472800,0.0,0.0
1996-12-24,11.237661727351846,11.296191215515137,11.179132239188554,11.296191215515137,453800,0.0,0.0
1996-12-26,11.237661361694336,11.29619084795316,11.237661361694336,11.237661361694336,475000,0.0,0.0
1996-12-27,11.296191215515137,11.354720703678426,11.237661727351846,11.296191215515137,384400,0.0,0.0
1996-12-30,11.296186661233707,11.588833984063596,11.23765719666773,11.47177505493164,849600,0.0,0.0
1996-12-31,11.471780415070361,11.70589838272486,11.354721431243114,11.413250923156738,586400,0.0,0.0
1997-01-02,11.29619084795316,11.354720334211985,11.062072902917862,11.237661361694336,1165600,0.0,0.0
1997-01-03,11.354716125799685,11.647363448629573,11.354716125799685,11.47177505493164,938600,0.0,0.0
1997-01-06,11.471778963126388,11.998544323678109,11.41324947862064,11.940014839172363,1441200,0.0,0.0
1997-01-07,11.764424131421618,11.881483078002928,11.705894658130964,11.88148307800293,679800,0.0,0.0
1997-01-08,11.881486621604958,11.940016112351781,11.4717801863772,11.530309677124023,1231200,0.0,0.0
1997-01-09,11.588839167870846,11.647368658617669,11.413250695630378,11.530309677124023,581400,0.0,0.0
1997-01-10,11.354720626214538,11.705897552798492,11.296191138450546,11.588838577270508,632200,0.0,0.0
1997-01-13,11.530308792988459,11.588838279247284,11.237661361694336,11.237661361694336,714800,0.0,0.0
1997-01-14,11.237662447415865,11.530309906983986,11.17913295550224,11.413250923156738,1698400,0.0,0.0
1997-01-15,11.354721336364745,11.82295726776123,11.237662353515626,11.70589828491211,2513600,0.0,0.0
1997-01-16,11.6473680650345,11.88148601609047,11.41325011397853,11.588838577270508,1051800,0.0,0.0
1997-01-17,11.64736996410049,12.759430412934204,11.530310969486413,12.525312423706055,4674600,0.0,0.0
1997-01-20,12.583839565242103,12.876486996991918,12.408251106192212,12.759428024291992,3052000,0.0,0.0
1997-01-21,12.700897799597847,14.047075907389324,12.583838833702936,13.69589900970459,7993000,0.0,0.0
1997-01-22,13.344720684398304,13.520309114456175,12.759425917538728,12.876484870910645,3371400,0.0,0.0
1997-01-23,13.578839509383492,13.871486912602963,13.461780548095703,13.461780548095703,4394000,0.0,0.0
1997-01-24,13.403254260931314,13.461783755520536,12.759429820449897,13.052077293395996,1925800,0.0,0.0
1997-01-27,12.935013954128538,13.28619080356189,12.876484479222977,13.110602378845215,2175800,0.0,0.0
1997-01-28,13.344720840454102,13.52030927256534,13.286191363083688,13.344720840454102,1862200,0.0,0.0
1997-01-29,13.227661328656332,13.403249753373009,13.052072903939655,13.110602378845215,1432400,0.0,0.0
1997-01-30,13.11060293097245,13.344720840454102,12.993543976231624,13.344720840454102,1757200,0.0,0.0
1997-01-31,13.695899059897975,14.807959239975162,13.695899059897975,14.456782341003418,6056200,0.0,0.0
1997-02-03,14.515311450493046,14.690899895458687,14.339723005527404,14.398252487182617,1748600,0.0,0.0
1997-02-04,14.22266312753511,14.281192605426202,13.930015738079655,14.10560417175293,1330600,0.0,0.0
1997-02-05,14.047075354534647,14.047075354534647,12.87648574165676,13.461780548095703,1702000,0.0,0.0
1997-02-06,13.695898637239512,13.81295759995096,13.286192267749442,13.637369155883789,1020600,0.0,0.0
1997-02-07,13.812958500966303,13.988546956487061,13.695899530619132,13.930017471313477,1040200,0.0,0.0
1997-02-10,13.871485365761652,13.930014839878789,12.408248512833207,12.642366409301758,2235800,0.0,0.0
1997-02-11,12.81795908610026,13.169136047363281,12.81795908610026,13.169136047363281,2286600,0.0,0.0
1997-02-12,13.637371246931982,14.398254621224325,13.520312266271622,14.281195640563965,3966800,0.0,0.0
1997-02-13,14.047077509361927,14.925019853697046,14.047077509361927,14.866490364074707,3672800,0.0,0.0
1997-02-14,14.807958811877734,14.98354725628735,14.632370367468116,14.690899848937988,1693000,0.0,0.0
1997-02-18,14.398250387560935,14.573838806921435,14.222661968200438,14.51530933380127,994800,0.0,0.0
1997-02-19,14.866489194333555,15.393254559487106,14.749430224299433,14.983548164367676,1972400,0.0,0.0
1997-02-20,14.80795955657959,14.866489040992947,14.690900587752873,14.80795955657959,796800,0.0,0.0
1997-02-21,14.45678277270784,14.515312257617587,14.164135348159098,14.222664833068848,1943400,0.0,0.0
1997-02-24,13.695899887422543,13.98854732091448,13.22766399383545,13.22766399383545,2964400,0.0,0.0
1997-02-25,13.695899745165292,13.871488203436641,13.461781800803491,13.812958717346191,1634600,0.0,0.0
1997-02-26,13.754425420389548,13.754425420389548,13.34471913127156,13.520307540893555,1894800,0.0,0.0
1997-02-27,13.520313741877217,13.871490722185715,13.286195755004885,13.286195755004883,2850200,0.0,0.0
1997-02-28,12.817957510641955,12.993545969691846,12.408251106192212,12.759428024291992,4474400,0.0,0.0
1997-03-03,12.700897178134403,13.169133018802953,12.642367698050835,12.993544578552246,1056800,0.0,0.0
1997-03-04,13.110606553819444,13.461783515082464,13.110606553819444,13.169136047363281,1168400,0.0,0.0
1997-03-05,13.110602378845213,13.28619080356189,12.993543429034096,13.110602378845215,1354800,0.0,0.0
1997-03-06,13.052070537083587,13.052070537083587,12.408246429873186,12.466775894165039,2012200,0.0,0.0
1997-03-07,12.583839328968581,12.642368814219598,12.057073961709431,12.11560344696045,1988600,0.0,0.0
1997-03-10,12.115603446960447,12.174132932211466,11.822956020705364,12.11560344696045,1680600,0.0,0.0
1997-03-11,12.232662647142323,12.817957510641955,12.232662647142323,12.759428024291992,2506800,0.0,0.0
1997-03-12,12.75942980744118,12.993547785559366,12.525311829322993,12.583841323852539,1652200,0.0,0.0
1997-03-13,12.408246429873186,12.700893751332458,12.232658036997622,12.466775894165039,538400,0.0,0.0
1997-03-14,12.700899781851934,13.695901147250472,12.5838407976874,13.578842163085938,3234000,0.0,0.0
1997-03-17,13.461784245159134,13.812961225467632,13.110607264850634,13.286195755004883,2654200,0.0,0.0
1997-03-18,13.344721749105165,13.695898637239512,12.759426935547921,13.637369155883789,2203400,0.0,0.0
1997-03-19,13.169133144876232,13.520310028739598,12.700897299725076,13.461780548095703,1698000,0.0,0.0
1997-03-20,13.461780548095703,13.578839509383492,13.110603664232338,13.461780548095703,1527800,0.0,0.0
1997-03-21,13.520309652303505,13.695898089346407,13.403250694274902,13.403250694274902,959200,0.0,0.0
1997-03-24,13.227662498886522,13.227662498886522,12.81795613830154,12.993544578552246,1408000,0.0,0.0
1997-03-25,13.110602378845213,13.34472027846745,13.052072903939655,13.110602378845215,874600,0.0,0.0
1997-03-26,13.286193074512873,14.281194317978596,13.227663589603125,14.222664833068848,2825400,0.0,0.0
1997-03-27,14.164135633888892,14.281194606069791,13.57884077298439,13.812958717346191,1329000,0.0,0.0
1997-03-31,13.637366480641552,13.754425420389548,13.520307540893555,13.520307540893555,1378800,0.0,0.0
1997-04-01,13.578838178089686,13.578838178089686,13.110602378845213,13.110602378845215,1023400,0.0,0.0
1997-04-02,12.935014347596601,13.286191207712346,12.817955394224686,12.876484870910645,1307200,0.0,0.0
1997-04-03,12.935014347596601,12.935014347596601,12.642366964166813,12.876484870910645,1395200,0.0,0.0
1997-04-04,12.817954613316443,14.51530933380127,12.70089566707611,14.51530933380127,3499000,0.0,0.0
1997-04-07,14.983546206825658,15.802958890011435,14.807957774714419,15.568840980529785,3803000,0.0,0.0
1997-04-08,15.920013427734373,17.149132111493277,15.861483966602997,16.915014266967773,5007000,0.0,0.0
1997-04-09,16.9150215998134,17.500316464858848,16.563844680786133,16.563844680786133,3689400,0.0,0.0
1997-04-10,16.388257922548238,16.680905385450885,15.159138578357119,15.451786041259766,4098000,0.0,0.0
1997-04-11,15.042076110839844,15.276194026961864,14.749428715687317,15.042076110839844,3044600,0.0,0.0
1997-04-14,14.925019264221193,15.159137213463877,14.456783365735822,14.925019264221191,1441200,0.0,0.0
1997-04-15,15.451785447167568,15.510314937497748,14.164136659903603,14.281195640563965,4263600,0.0,0.0
1997-04-16,14.105603021960103,14.690897753161767,13.871485129479439,14.51530933380127,3893200,0.0,0.0
1997-04-17,14.515311981201172,15.042077335357668,14.515311981201172,14.632370948791504,3635600,0.0,0.0
1997-04-18,14.807961053535585,14.807961053535585,14.105607169573423,14.281195640563965,1743200,0.0,0.0
1997-04-21,14.105605528825276,14.105605528825276,13.461781210082213,13.491045951843262,1975600,0.0,0.0
1997-04-22,13.57884056027196,13.988546956487061,13.28619313440403,13.930017471313477,1474800,0.0,0.0
1997-04-23,13.81295802622189,14.690900273651248,13.81295802622189,14.456782341003418,1883000,0.0,0.0
1997-04-24,15.276196791431095,15.393255770675777,14.63237240558534,14.866490364074707,2080800,0.0,0.0
1997-04-25,14.632370413803473,14.690899895458687,14.398252487182617,14.398252487182617,846400,0.0,0.0
1997-04-28,14.339722083317293,14.339722083317293,13.988545215970747,14.10560417175293,731400,0.0,0.0
1997-04-29,14.690901382794399,15.56884369650721,14.57384240763269,15.393255233764648,1815800,0.0,0.0
1997-04-30,15.334723472595213,15.62737086711039,15.159135035886107,15.334723472595215,1067400,0.0,0.0
1997-05-01,15.217666771022087,15.744432159249774,15.159137283441233,15.393255233764648,1069600,0.0,0.0
1997-05-02,15.33472035814832,16.79795703354415,15.33472035814832,16.73942756652832,1934800,0.0,0.0
1997-05-05,16.680897323178574,17.090603573221557,16.50530893030301,16.62236785888672,1847200,0.0,0.0
1997-05-06,16.329721450805664,16.739427723764948,16.271191983240055,16.329721450805664,1261800,0.0,0.0
1997-05-07,15.92002367451243,16.56384816134933,15.92002367451243,16.03708267211914,1282000,0.0,0.0
1997-05-08,16.037083865031345,17.090614921858222,15.8614953555602,17.032085418701172,2147400,0.0,0.0
1997-05-09,16.915015180345993,17.032074108929702,16.50530893030301,16.62236785888672,1514200,0.0,0.0
1997-05-12,16.563845861848986,16.797963824560632,16.446786880493164,16.446786880493164,792000,0.0,0.0
1997-05-13,16.037074112977606,16.973545594027392,16.037074112977606,16.329721450805664,1476800,0.0,0.0
1997-05-14,16.797967105892535,16.91502611011478,16.329731089003545,16.505319595336914,1489200,0.0,0.0
1997-05-15,16.388254580290422,17.55884419316831,16.329725099646527,17.500314712524414,1932400,0.0,0.0
1997-05-16,17.149144425015272,17.324732934486416,17.032085418701172,17.032085418701172,1053600,0.0,0.0
1997-05-19,17.090609224219072,17.968551478887857,17.090609224219072,17.7929630279541,2342400,0.0,0.0
1997-05-20,17.617371541035325,18.553843117967435,17.617371541035325,18.49531364440918,1835600,0.0,0.0
1997-05-21,18.43678981699842,19.373261680718976,18.43678981699842,19.256202697753906,5884600,0.0,0.0
1997-05-22,18.905021837152585,19.139139754640546,18.61237444029264,19.080610275268555,3161000,0.0,0.0
1997-05-23,19.431788287863608,20.309730529785156,19.31472932227407,20.309730529785156,2247800,0.0,0.0
1997-05-27,19.841493141887547,20.777964794602003,19.72443418529824,20.660905838012695,3637200,0.0,0.0
1997-05-28,20.71943243618669,20.95355031682157,20.134137734599495,20.368255615234375,2663400,0.0,0.0
1997-05-29,20.192670484559727,20.426788403221288,19.782964126901994,19.841493606567383,1834600,0.0,0.0
1997-05-30,18.553847528085477,19.314730865199394,18.495318040615178,19.19767189025879,3778800,0.0,0.0
1997-06-02,19.431788287863608,20.4267894953747,19.19767035668453,20.309730529785156,1620600,0.0,0.0
1997-06-03,20.017079544067386,20.017079544067386,18.72943115234375,18.72943115234375,1336600,0.0,0.0
1997-06-04,18.846493509080677,19.607376787397598,18.729434543185764,18.963552474975586,1914600,0.0,0.0
1997-06-05,19.022081957923042,19.256199889712864,18.78796402613322,18.963552474975586,1261800,0.0,0.0
1997-06-06,18.963546189528245,19.490311361459586,18.553839944692758,19.022075653076172,1252800,0.0,0.0
1997-06-09,19.080611907684048,19.72443623585744,18.96355293892525,19.490318298339844,1374800,0.0,0.0
1997-06-10,19.197666931152344,19.314725875854492,18.085606956481936,18.144136428833008,3272000,0.0,0.0
1997-06-11,18.1441391698572,18.1441391698572,16.856490583609272,17.6759033203125,4693600,0.0,0.0
1997-06-12,17.26620343132937,17.441791940800513,16.856496909230028,17.032085418701172,2411000,0.0,0.0
1997-06-13,17.14913631501745,18.202666873619208,17.14913631501745,17.851490020751953,3392000,0.0,0.0
1997-06-16,17.851492447226054,19.1976705661972,17.851492447226054,19.139141082763672,2441800,0.0,0.0
1997-06-17,19.02207961449256,20.075610177756765,18.96355013875566,19.782962799072266,2808800,0.0,0.0
1997-06-18,19.37325243436373,19.78295867919922,19.022075653076172,19.022075653076172,2640200,0.0,0.0
1997-06-19,19.080611086311226,20.192671241648384,18.846493158871827,19.958553314208984,2266000,0.0,0.0
1997-06-20,19.78296091364718,20.660902966027972,19.78296091364718,20.368255615234375,1405000,0.0,0.0
1997-06-23,20.192670907547228,20.42678883111299,19.607376098632812,19.607376098632812,1097400,0.0,0.0
1997-06-24,19.753697774258814,19.900021461475546,19.46105039982535,19.812227249145508,1016200,0.0,0.0
1997-06-25,19.54884604045323,20.046346613339015,19.490316561290197,19.665904998779297,1803400,0.0,0.0
1997-06-26,19.490320663684045,19.63664439239038,19.19767320627137,19.256202697753906,1390800,0.0,0.0
1997-06-27,19.256201230562652,20.01708456186148,19.256201230562652,19.402524948120117,935800,0.0,0.0
1997-06-30,19.43178522134129,19.60737364201606,18.378254697292668,18.49531364440918,1226200,0.0,0.0
1997-07-01,18.84649201346365,19.69516944885254,18.787962535160965,19.69516944885254,1301200,0.0,0.0
1997-07-02,19.753702158151672,20.33899703691172,19.753702158151672,20.134143829345703,1200400,0.0,0.0
1997-07-03,20.25120279962428,20.66090921464558,20.25120279962428,20.514585494995117,887600,0.0,0.0
1997-07-07,20.51458150191273,20.719434669549518,20.251198857808287,20.338993072509766,775000,0.0,0.0
1997-07-08,20.36825225312831,21.07060577909825,20.36825225312831,20.71942901611328,937000,0.0,0.0
1997-07-09,21.129138946533207,21.626639448044376,20.953550534235145,21.129138946533203,2302800,0.0,0.0
1997-07-10,21.129139518737794,21.772963714599612,20.485315322875977,21.65590476989746,1388600,0.0,0.0
1997-07-11,21.860762246365912,22.680175021330093,21.831497504402904,22.182674407958984,2125200,0.0,0.0
1997-07-14,22.18267360333415,23.265469016689508,21.890026194319184,23.03135108947754,2300200,0.0,0.0
1997-07-15,23.294733821555223,23.35326330351893,20.368259723369892,22.065614700317383,8113200,0.0,0.0
1997-07-16,21.83148876556569,21.83148876556569,20.4853111741233,20.71942901611328,5633400,0.0,0.0
1997-07-17,20.83649621785765,21.18767312040581,20.573113540946526,21.041349411010742,2566600,0.0,0.0
1997-07-18,20.719435850549193,20.836494810156818,20.192670532314892,20.221935272216797,1521200,0.0,0.0
1997-07-21,20.16340569517666,20.16340569517666,19.43178720115719,19.46105194091797,956600,0.0,0.0
1997-07-22,19.548850514892223,20.251204425606915,19.431791529773108,20.163410186767578,1399800,0.0,0.0
1997-07-23,20.3682614839994,21.714439685528095,20.251202509953426,21.6851749420166,3084400,0.0,0.0
1997-07-24,21.685166030633642,21.91928388251633,20.953547743500256,21.421783447265625,2349000,0.0,0.0
1997-07-25,21.30472998063996,21.48031841454633,20.807229417905234,20.865758895874023,562000,0.0,0.0
1997-07-28,20.865762427795765,20.895027171733766,20.046349597531695,20.134143829345703,1177400,0.0,0.0
1997-07-29,20.134143084598545,20.134143084598545,19.548848227488122,19.636642456054688,2059000,0.0,0.0
1997-07-30,19.665906294631437,21.655908717302474,19.665906294631437,21.4510555267334,4707200,0.0,0.0
1997-07-31,21.33399285835491,22.21193495129133,20.895021811886703,21.831493377685547,2793200,0.0,0.0
1997-08-01,21.890026092529293,21.948555574060123,21.070613351097716,21.890026092529297,1639800,0.0,0.0
1997-08-04,21.65591047267721,23.265471386187002,21.65591047267721,23.177677154541016,2156600,0.0,0.0
1997-08-05,23.060618314731283,23.762972172032743,23.031353570677055,23.733707427978516,1939600,0.0,0.0
1997-08-06,23.645907209424546,24.055613522459133,23.294730369680618,23.76296615600586,1805000,0.0,0.0
1997-08-07,23.645910263061523,24.17267559070398,23.470321820514037,23.645910263061523,1667600,0.0,0.0
1997-08-08,23.17767161892769,23.499583724746127,23.002083197572176,23.353260040283203,1434400,0.0,0.0
1997-08-11,23.11913826811647,23.2361971960563,21.77296059680842,21.977813720703125,1908400,0.0,0.0
1997-08-12,22.211938240948843,22.59237987089922,21.86076135176388,21.890026092529297,1880400,0.0,0.0
1997-08-13,23.411792339664874,23.85076344603359,22.76796805032409,23.645910263061523,2851400,0.0,0.0
1997-08-14,23.645907409209055,23.67517214610164,23.060612671357347,23.353260040283203,1068400,0.0,0.0
1997-08-15,23.382528572325494,23.499587538895334,22.943557447688598,22.972822189331055,704400,0.0,0.0
1997-08-18,22.97282123329616,23.675175003486103,22.855762271597833,23.645910263061523,751800,0.0,0.0
1997-08-19,23.528851814861095,24.582382493138457,23.323998627418273,24.553117752075195,1392400,0.0,0.0
1997-08-20,24.46532657282139,25.665181105698995,24.231208615186738,25.196945190429688,1661400,0.0,0.0
1997-08-21,25.28473270300663,26.338263232298573,25.167673755307526,26.074880599975586,1577200,0.0,0.0
1997-08-22,25.16767387036924,26.133410193302012,24.40679070684645,25.284732818603516,2916800,0.0,0.0
1997-08-25,25.284733260576314,26.279734337960104,25.284733260576314,26.0163516998291,1713000,0.0,0.0
1997-08-26,26.016349869925016,26.133408811971922,24.93355465599113,25.2262020111084,1504400,0.0,0.0
1997-08-27,25.284734665538387,26.191941580621364,25.284734665538387,25.87002944946289,1296400,0.0,0.0
1997-08-28,25.752970042981598,27.391795409353154,25.25546948533309,26.689441680908203,2244000,0.0,0.0
1997-08-29,26.630910601546333,26.806499023094993,26.04561586305081,26.074880599975586,1061200,0.0,0.0
1997-09-02,26.543121502672363,27.099151611328125,26.455327274989873,27.099151611328125,1350600,0.0,0.0
1997-09-03,27.216211314749927,27.274740801448313,26.39679850097251,26.4553279876709,932800,0.0,0.0
1997-09-04,26.4553268006394,26.894297931180986,26.01635567009782,26.191944122314453,929600,0.0,0.0
1997-09-05,26.396795530135424,27.362531951969647,26.191942349746345,27.333267211914062,2354600,0.0,0.0
1997-09-08,27.36253971570389,27.36253971570389,26.543126761650726,26.572391510009766,1275800,0.0,0.0
1997-09-09,26.543121183355165,26.982092316486725,26.250473761267454,26.36753273010254,656000,0.0,0.0
1997-09-10,26.426060036767886,26.426060036767886,25.37252940407282,25.431058883666992,1456800,0.0,0.0
1997-09-11,25.16767387036924,25.518850715072066,24.523849655080724,25.284732818603516,3232600,0.0,0.0
1997-09-12,25.6359196876993,26.2212146577381,25.167683711668264,25.811508178710938,1402600,0.0,0.0
1997-09-15,25.840767409287245,25.928561636045867,23.82150019383898,23.880029678344727,2367200,0.0,0.0
1997-09-16,24.523854780634608,25.63591502128391,24.055618889834903,25.518856048583984,3431800,0.0,0.0
1997-09-17,25.167673505269565,25.343261925073772,23.997084039908188,24.3482608795166,2473600,0.0,0.0
1997-09-18,24.64091316259132,24.816501617431637,24.114147798070366,24.81650161743164,1839400,0.0,0.0
1997-09-19,24.7579676517945,25.167673972273374,24.231202382607385,25.079879760742188,2213400,0.0,0.0
1997-09-22,25.021352241779194,25.928559165165343,25.021352241779194,25.460323333740234,1198400,0.0,0.0
1997-09-23,25.46032124095493,25.518850715072066,25.050614922134965,25.284732818603516,533600,0.0,0.0
1997-09-24,25.28473839393029,25.518856342022236,24.728708267211918,24.728708267211914,554000,0.0,0.0
1997-09-25,24.7579706464495,24.93355909075056,24.523852720714753,24.582382202148438,768400,0.0,0.0
1997-09-26,24.84576198853642,24.84576198853642,23.67517249555473,24.289731979370117,1371200,0.0,0.0
1997-09-29,24.40679723485013,25.43106330585703,24.40679723485013,24.99209213256836,873200,0.0,0.0
1997-09-30,24.699444530456045,25.518857382177334,24.49459131752572,25.196945190429688,1382400,0.0,0.0
1997-10-01,25.079889596065627,25.431066579907853,24.406800377034692,25.05062484741211,1869800,0.0,0.0
1997-10-02,24.992087502315126,25.723705988916855,24.904293283922918,25.460323333740234,1400400,0.0,0.0
1997-10-03,25.987091939383692,25.987091939383692,25.05062015778428,25.518856048583984,1465000,0.0,0.0
1997-10-06,25.05061729102614,25.05061729102614,24.231204575899117,24.465322494506836,2012200,0.0,0.0
1997-10-07,24.465322205100293,24.582381163019434,23.880027415504593,24.494586944580078,3921800,0.0,0.0
1997-10-08,24.377527973569673,25.60664703106058,24.289733755177465,25.460323333740234,2642800,0.0,0.0
1997-10-09,25.343266430510777,26.16267920193607,25.0506190121446,25.635913848876953,2568800,0.0,0.0
1997-10-10,25.98708932754841,27.596650040403322,25.635912444743703,27.50885581970215,3463600,0.0,0.0
1997-10-13,27.538119228663984,27.625913445120933,26.74797128055141,27.45032501220703,1667200,0.0,0.0
1997-10-14,27.391796178692815,27.421060918199966,26.367530295942547,26.806501388549805,1972600,0.0,0.0
1997-10-15,26.57238284763751,27.655178183939917,26.51385336999954,27.45032501220703,2374800,0.0,0.0
1997-10-16,27.479587972364843,27.713705867763053,25.313997439931406,26.074880599975586,3853600,0.0,0.0
1997-10-17,25.22620937474412,25.255474118798347,22.709441386080552,23.733707427978516,7232200,0.0,0.0
1997-10-20,23.645910427084132,23.850763611477188,22.709438727001594,23.82149887084961,5060400,0.0,0.0
1997-10-21,24.465323976995823,24.992089325782814,24.26047078580088,24.69944190979004,3258800,0.0,0.0
1997-10-22,24.582383805426996,24.81650174643106,24.17267740866988,24.2312068939209,1232400,0.0,0.0
1997-10-23,23.411792785482636,23.587381231373755,21.890026254426264,22.065614700317383,3900000,0.0,0.0
1997-10-24,22.007085771006544,22.007085771006544,18.7879641821625,19.139141082763672,10664800,0.0,0.0
1997-10-27,19.25619640350342,19.6366379737854,16.856488037109376,16.973546981811523,3837200,0.0,0.0
1997-10-28,17.324725418812847,18.934286057384984,17.324725418812847,18.553844451904297,7190200,0.0,0.0
1997-10-29,18.612373929670557,19.431786618398192,18.43678549637178,18.553844451904297,5840200,0.0,0.0
1997-10-30,17.910015106201172,18.436780256383557,16.79795534470502,16.915014266967773,3274800,0.0,0.0
1997-10-31,17.675910554863577,17.763704812586408,17.17840976110086,17.529586791992188,4224200,0.0,0.0
1997-11-03,17.91002231977562,18.846494075058008,17.91002231977562,18.524581909179688,5391400,0.0,0.0
1997-11-04,18.26119554703159,20.397521308142657,17.79295976377437,20.07560920715332,5101000,0.0,0.0
1997-11-05,20.075609861179608,21.012081458202566,19.665903537482066,20.39752197265625,4780400,0.0,0.0
1997-11-06,20.39752778166333,20.660910493334736,19.080614223306302,19.256202697753906,2892600,0.0,0.0
1997-11-07,17.997814927232092,18.495315502456396,17.588108571165023,18.1148738861084,4982800,0.0,0.0
1997-11-10,18.466058874369068,19.02208917328034,17.441792534269357,17.529586791992188,3204200,0.0,0.0
1997-11-11,17.617376186703677,17.91002363166553,16.856492829802853,17.441787719726562,1730600,0.0,0.0
1997-11-12,17.09060825173471,17.26619669267719,14.63237007853999,14.72016429901123,6516800,0.0,0.0
1997-11-13,15.422520840345923,16.03708049432555,14.07634255067626,15.685903549194336,9347600,0.0,0.0
1997-11-14,15.890756767187545,16.24193371231876,15.15913813149751,15.685903549194336,5498600,0.0,0.0
1997-11-17,16.476049754084375,17.76369840271619,16.417520270055654,17.20766830444336,5465200,0.0,0.0
1997-11-18,16.85649255203874,17.6173758964016,16.739433575982915,17.09061050415039,3385200,0.0,0.0
1997-11-19,17.032085418701172,17.734439456585758,16.622378896601834,17.032085418701172,2193200,0.0,0.0
1997-11-20,17.324724364049224,18.20266647709226,17.14913594144062,18.085607528686523,3011800,0.0,0.0
1997-11-21,18.61237466657484,18.67090414665841,17.14913766448562,17.324726104736328,4367400,0.0,0.0
1997-11-24,17.090607014684863,17.675901775461742,16.417518039791453,16.47604751586914,1672600,0.0,0.0
1997-11-25,16.739434604445403,16.88575833350524,15.94928646752228,16.797964096069336,2215800,0.0,0.0
1997-11-26,16.622374472962587,17.032080886028567,14.837225101746533,15.393255233764648,7792200,0.0,0.0
1997-11-28,15.422520272391184,15.568843994140625,15.159137573242187,15.363990783691406,1817600,0.0,0.0
1997-12-01,15.451783885126527,15.832225533813356,14.48604739230612,14.80795955657959,5443800,0.0,0.0
1997-12-02,14.837226369164208,15.59810977271109,14.573843652551826,15.451786041259766,7468600,0.0,0.0
1997-12-03,15.56884340696697,16.300461988121434,14.77869533932015,16.18340301513672,6852600,0.0,0.0
1997-12-04,16.21266896689116,16.329727948601565,15.451785585773525,15.685903549194336,4746200,0.0,0.0
1997-12-05,15.978550373784799,17.32472861040403,15.802961908138812,16.885757446289062,3534600,0.0,0.0
1997-12-08,17.061343228005615,17.52957906273647,16.593107393274757,16.768695831298828,2436800,0.0,0.0
1997-12-09,16.56384467733704,16.73943313681411,16.095608785398184,16.18340301513672,2166200,0.0,0.0
1997-12-10,16.212664618211633,16.47604725641363,15.45178144118365,15.92001724243164,1613400,0.0,0.0
1997-12-11,15.45178080493619,15.45178080493619,14.0470734590329,14.134867668151855,5042800,0.0,0.0
1997-12-12,14.456782467289058,14.486047209125674,12.75942744076524,12.817956924438477,4047400,0.0,0.0
1997-12-15,13.110605020438674,13.549576170676577,12.349721693359644,13.22766399383545,11424200,0.0,0.0
1997-12-16,13.403253285611262,14.573843092214865,13.403253285611262,14.281195640563965,5542600,0.0,0.0
1997-12-17,14.515314684752141,14.749432663538466,13.900754990438038,13.98854923248291,3526800,0.0,0.0
1997-12-18,13.900752740403625,14.398253364797018,13.63737005690124,14.31045913696289,2296400,0.0,0.0
1997-12-19,14.310461210797362,15.510315831743561,13.93001950171686,15.422521591186523,3380000,0.0,0.0
1997-12-22,15.978544095667397,16.095603026771187,15.481043638476288,15.598102569580078,1896600,0.0,0.0
1997-12-23,15.363988710965724,15.481047672573082,14.925017604938132,15.188400268554688,2787200,0.0,0.0
1997-12-24,15.334721370093149,15.451780311849586,15.129868222019386,15.159132957458496,513200,0.0,0.0
1997-12-26,15.129872395442083,15.27619611299955,15.129872395442083,15.217666625976562,601000,0.0,0.0
1997-12-29,15.393255770675777,15.45178526029812,14.749431384830023,14.866490364074707,2470400,0.0,0.0
1997-12-30,14.954283714294434,15.305460631264166,14.895754228132812,14.954283714294434,3265600,0.0,0.0
1997-12-31,14.954283421859147,15.334725074470045,14.807959709316494,14.983548164367676,2427600,0.0,0.0
1998-01-02,14.778698011680886,15.832228959048237,14.778698011680886,15.802964210510254,2177800,0.0,0.0
1998-01-05,15.802965763441321,16.94429106857875,15.71517150919998,16.300466537475586,3869400,0.0,0.0
1998-01-06,15.97855010957319,16.037079597154044,15.393255233764648,15.393255233764648,3427000,0.0,0.0
1998-01-07,15.334724145106586,15.334724145106586,14.339722960118754,14.690899848937988,1844200,0.0,0.0
1998-01-08,14.69089926992144,15.627370936529976,14.515310832432338,14.749428749084473,2045800,0.0,0.0
1998-01-09,14.807957842405925,15.042075752957796,13.432515117913674,13.725162506103516,2204000,0.0,0.0
1998-01-12,13.169132408342863,13.871486136787816,12.993543976231624,13.344720840454102,3170600,0.0,0.0
1998-01-13,13.637369852278827,14.603106343963807,13.491046141417465,14.427517890930176,6684400,0.0,0.0
1998-01-14,14.72016766673021,15.451786338038868,14.544579185616133,15.422521591186523,5058200,0.0,0.0
1998-01-15,15.422516434214941,16.21266433501912,15.21766327474719,15.656634330749512,3465200,0.0,0.0
1998-01-16,15.744427011443696,16.03707435366384,15.598103340333624,15.71516227722168,3087400,0.0,0.0
1998-01-20,15.802960584038182,17.7929630279541,15.802960584038182,17.7929630279541,4435400,0.0,0.0
1998-01-21,17.32472627059273,17.822226856065832,17.090608348017152,17.500314712524414,3277800,0.0,0.0
1998-01-22,17.236930559449277,17.38325424840895,16.85648896815413,17.26619529724121,1208200,0.0,0.0
1998-01-23,17.09060907205474,17.705168644851227,17.09060907205474,17.617374420166016,1765200,0.0,0.0
1998-01-26,17.61738104971502,17.96855808060635,17.529586791992188,17.529586791992188,1573400,0.0,0.0
1998-01-27,17.52958136338454,17.910023029033955,17.32472815880409,17.88075828552246,2106000,0.0,0.0
1998-01-28,18.29046527231772,19.080613372081846,18.231935783446307,18.583112716674805,5551000,0.0,0.0
1998-01-29,18.466053011994923,19.16840685080297,18.085611349307232,18.846494674682617,3025400,0.0,0.0
1998-01-30,18.84649048575872,19.080608379991748,18.31972522373441,18.49531364440918,1557800,0.0,0.0
1998-02-02,19.431785944650862,19.812227536940714,19.22693277957171,19.782962799072266,3134200,0.0,0.0
1998-02-03,19.900025867280508,20.953556648489474,19.54884894021085,20.89502716064453,2550200,0.0,0.0
1998-02-04,20.777963744118747,20.80722848178652,20.368257416769925,20.573110580444336,2894400,0.0,0.0
1998-02-05,20.60237684221746,20.807230021046326,19.841493606567383,19.841493606567383,2414400,0.0,0.0
1998-02-06,19.695169333850636,20.134140418557557,19.461051422006943,19.900022506713867,1339000,0.0,0.0
1998-02-09,19.90002138068877,19.958550855337855,19.37325610884701,19.431785583496094,1014400,0.0,0.0
1998-02-10,19.548852253099835,20.221941477383215,19.490322755336063,19.987823486328125,2205800,0.0,0.0
1998-02-11,20.134140647702633,20.660905955346017,20.075611169075593,20.456052780151367,1301200,0.0,0.0
1998-02-12,20.543845842776562,20.777963744118747,20.192668990763288,20.573110580444336,1670400,0.0,0.0
1998-02-13,20.485316546914945,20.895022877853243,20.134139691824974,20.748699188232422,1808800,0.0,0.0
1998-02-17,21.01208116263578,21.18766958460767,20.309727474748236,20.426786422729492,2135000,0.0,0.0
1998-02-18,20.309730864035405,21.18767312040581,20.221936638398365,21.041349411010742,1856200,0.0,0.0
1998-02-19,21.24620819091797,21.685179434531975,20.982825444749565,21.24620819091797,1437200,0.0,0.0
1998-02-20,21.392517811834477,21.392517811834477,20.39751698337706,20.71942901611328,1013000,0.0,0.0
1998-02-23,20.777963714810657,21.216934779208067,20.777963714810657,21.158405303955078,1032800,0.0,0.0
1998-02-24,21.421792250413162,21.421792250413162,20.54384994506836,20.54384994506836,1217600,0.0,0.0
1998-02-25,20.953555788679367,21.86076281304956,20.83649681779289,21.743703842163086,1401000,0.0,0.0
1998-02-26,21.538847782697335,22.475319425423304,21.451053566191774,22.036348342895508,2001400,0.0,0.0
1998-02-27,22.24121245327375,22.680183751693626,22.065623933905798,22.09488868713379,2753200,0.0,0.0
1998-03-02,19.19767189025879,19.431789840139995,18.67090650302608,19.19767189025879,13402600,0.0,0.0
1998-03-03,18.875758541054115,19.168405960295264,18.61237586373708,18.934288024902344,2809800,0.0,0.0
1998-03-04,18.8172310891962,19.168408030207637,18.729436853943337,19.109878540039062,2701400,0.0,0.0
1998-03-05,18.261198043823242,18.787963372010452,18.173403822458706,18.261198043823242,2590000,0.0,0.0
1998-03-06,18.261201342550816,19.256202697753906,18.261201342550816,19.256202697753906,2331200,0.0,0.0
1998-03-09,18.96355485687986,19.022084347178872,18.31973046359073,18.348995208740234,1536600,0.0,0.0
1998-03-10,18.495310457330646,18.729428311220907,18.02707474955012,18.2319278717041,1733800,0.0,0.0
1998-03-11,18.26119595129513,18.378254899700867,18.085607528686523,18.085607528686523,1443800,0.0,0.0
1998-03-12,18.085612098642645,18.085612098642645,17.383258230734192,17.441787719726562,3160000,0.0,0.0
1998-03-13,17.441785064903467,17.73443246532131,17.26619662465276,17.324726104736328,1535000,0.0,0.0
1998-03-16,17.38325990949358,18.085613845230696,17.38325990949358,18.027084350585938,1072600,0.0,0.0
1998-03-17,18.027080504257682,18.027080504257682,17.471050423769213,17.646638870239258,1563800,0.0,0.0
1998-03-18,17.558844357926322,17.792962282698674,17.441785395540148,17.6759033203125,1750000,0.0,0.0
1998-03-19,18.085613628603376,18.61237907409668,17.910025146772277,18.61237907409668,1294200,0.0,0.0
1998-03-20,18.61237608784377,18.670905572396737,17.236933200849027,17.383256912231445,3162200,0.0,0.0
1998-03-23,17.35399121017085,18.261198170567642,17.35399121017085,18.056344985961914,1870600,0.0,0.0
1998-03-24,17.88075725342098,18.261198897110788,17.734433544309514,17.7929630279541,2039800,0.0,0.0
1998-03-25,18.495317166827114,18.817229332705434,18.173405000948794,18.524581909179688,4227600,0.0,0.0
1998-03-26,18.466047519236756,19.314724822022598,18.348988580921468,19.226930618286133,2898400,0.0,0.0
1998-03-27,19.256202265460495,19.431790735966214,19.022084304786205,19.109878540039062,1716600,0.0,0.0
1998-03-30,19.19767444628449,19.256203941547554,18.758703231811523,18.758703231811523,901400,0.0,0.0
1998-03-31,18.846497474706116,18.93429171760071,18.72943848417999,18.758703231811523,2588000,0.0,0.0
1998-04-01,18.7294361255787,19.870761139481154,18.49531817400897,19.75370216369629,3150400,0.0,0.0
1998-04-02,19.8707567240322,20.338992523125743,19.578109349598737,19.812227249145508,2200800,0.0,0.0
1998-04-03,19.9292891091163,19.9292891091163,19.139141082763672,19.139141082763672,1334800,0.0,0.0
1998-04-06,19.314725196967693,19.373254667261534,18.992813110351562,18.992813110351562,1004800,0.0,0.0
1998-04-07,18.729438286323052,18.758703033645432,17.997819603263558,18.027084350585938,1290600,0.0,0.0
1998-04-08,18.085613119835948,18.14414261213315,17.763700912201326,17.910024642944336,1602800,0.0,0.0
1998-04-09,17.91002153994432,17.93928628102266,17.588109388082575,17.646638870239258,701200,0.0,0.0
1998-04-13,17.85149159638778,17.910021077031676,17.35399101091468,17.500314712524414,1657000,0.0,0.0
1998-04-14,17.50031435200779,18.17340336554655,17.50031435200779,18.1148738861084,2253800,0.0,0.0
1998-04-15,18.495310457330646,18.495310457330646,17.52957431003332,18.2319278717041,3990800,0.0,0.0
1998-04-16,18.20266609695485,18.261195569935413,17.67590084012979,17.73443031311035,3977400,0.0,0.0
1998-04-17,17.617375147081344,17.617375147081344,17.20766874831201,17.353992462158203,2705800,0.0,0.0
1998-04-20,17.266192948522647,18.05634076142114,17.207663480900536,17.705163955688477,2194400,0.0,0.0
1998-04-21,17.822227611098178,18.056345543592077,17.55884493704254,17.617374420166016,855200,0.0,0.0
1998-04-22,17.734435128039262,18.963554394339013,17.734435128039262,18.583112716674805,2691200,0.0,0.0
1998-04-23,18.49531346185766,18.49531346185766,17.73443031311035,17.73443031311035,1638800,0.0,0.0
1998-04-24,17.763697009479483,18.144138625827477,17.734432269760404,18.1148738861084,1483000,0.0,0.0
1998-04-27,17.79296286953644,17.822227611098178,17.353991746110378,17.617374420166016,1064400,0.0,0.0
1998-04-28,17.792968449334204,18.114880707463605,17.73443894785613,17.822233200073242,2116200,0.0,0.0
1998-04-29,17.792966168140598,17.792966168140598,17.26620072237328,17.29546546936035,1772400,0.0,0.0
1998-04-30,17.441787432317863,17.500316920345774,17.09061050415039,17.09061050415039,1316800,0.0,0.0
1998-05-01,16.97354820264418,17.412519276850496,16.797959772961654,17.23693084716797,1245000,0.0,0.0
1998-05-04,17.471050524179972,17.64663897165917,17.061344146728516,17.061344146728516,673200,0.0,0.0
1998-05-05,17.061341373833887,17.822224522581195,16.973547164363044,17.73443031311035,1715600,0.0,0.0
1998-05-06,17.734437346458435,17.792966842651367,16.856494903564453,16.856494903564453,1967000,0.0,0.0
1998-05-07,16.856489821891923,16.856489821891923,16.183400818587213,16.212665557861328,3040600,0.0,0.0
1998-05-08,16.3297245149578,16.62237190769898,15.978547643668387,16.212665557861328,2773600,0.0,0.0
1998-05-11,16.388260385264523,16.50531938801641,16.154142379760742,16.154142379760742,1861000,0.0,0.0
1998-05-12,16.2126704454422,17.119877636432648,16.183405697345734,16.856494903564453,2307000,0.0,0.0
1998-05-13,16.505316371171077,16.739434333882723,16.38825738981525,16.446786880493164,1632400,0.0,0.0
1998-05-14,16.154139585752745,16.73943449828002,16.066345348873654,16.241933822631836,2853600,0.0,0.0
1998-05-15,16.24193450305222,16.271199249904566,15.334727350629484,15.422521591186523,3330000,0.0,0.0
1998-05-18,15.627372000352391,16.154137348678876,15.363989326189149,15.510313034057617,1616200,0.0,0.0
1998-05-19,15.802958890011435,16.00781206080788,15.510311503159372,15.568840980529785,1339200,0.0,0.0
1998-05-20,15.920016877039181,15.920016877039181,15.217663191287453,15.276192665100098,3276800,0.0,0.0
1998-05-21,15.393254559487106,15.59810775704682,14.925018679350616,14.983548164367676,3039400,0.0,0.0
1998-05-22,15.10060532824828,15.159134806264746,14.573840026100083,14.778693199157715,1753000,0.0,0.0
1998-05-26,15.276192796844796,15.276192796844796,14.16413278481395,14.193397521972656,1873800,0.0,0.0
1998-05-27,14.193399666774612,14.45678234100342,14.134870183612655,14.456782341003418,1822200,0.0,0.0
1998-05-28,14.456781353269305,14.983546665736608,14.427516613687787,14.749428749084473,1508800,0.0,0.0
1998-05-29,14.895753081251936,15.04207678538997,14.398252487182617,14.398252487182617,2171600,0.0,0.0
1998-06-01,14.398251527275134,14.398251527275134,13.315456188841843,13.432515144348145,1425400,0.0,0.0
1998-06-02,13.695898929719004,14.047075825352824,13.432516257993637,13.608104705810547,2052800,0.0,0.0
1998-06-03,13.930016393246857,14.047075354534647,13.461780548095703,13.461780548095703,1056200,0.0,0.0
1998-06-04,13.49104579254821,13.54957527537922,13.227663119808657,13.315457344055176,1618400,0.0,0.0
1998-06-05,13.461781051132704,13.69589898245675,13.227663119808657,13.315457344055176,1766800,0.0,0.0
1998-06-08,13.403249753373009,13.666632390448024,13.110602378845213,13.110602378845215,1448000,0.0,0.0
1998-06-09,13.403251027046364,13.754427909851072,13.16913310517656,13.754427909851074,1322200,0.0,0.0
1998-06-10,13.403252374141589,13.403252374141589,12.759428024291992,12.759428024291992,1958400,0.0,0.0
1998-06-11,12.817956131597594,12.935015091703509,12.32045555114746,12.320455551147461,1682200,0.0,0.0
1998-06-12,12.349718859562508,12.37898359619654,11.530306233809545,12.1741304397583,2724400,0.0,0.0
1998-06-15,11.998542873391806,12.525308170272421,11.881483918529446,12.086337089538574,1711000,0.0,0.0
1998-06-16,12.291191571379361,12.847221666275093,12.232662087706125,12.817956924438477,1487800,0.0,0.0
1998-06-17,12.817956878143608,12.935015845067294,11.969279367946886,12.057073593139648,1886600,0.0,0.0
1998-06-18,12.115601252360516,12.408248625605939,12.02780704038689,12.144865989685059,1342200,0.0,0.0
1998-06-19,12.144865989685059,12.496042837579568,11.998542303062347,12.144865989685059,1644800,0.0,0.0
1998-06-22,12.174129972878298,12.613101005554197,12.027806295319664,12.6131010055542,1822400,0.0,0.0
1998-06-23,12.876483625159738,12.964277831694918,12.378983121460385,12.6131010055542,2452400,0.0,0.0
1998-06-24,12.81795758694674,13.344722967232222,12.642369126851579,13.22766399383545,2354200,0.0,0.0
1998-06-25,13.578838987048394,13.637368465440844,12.935014724731444,12.935014724731445,1018000,0.0,0.0
1998-06-26,12.935016483341883,12.935016483341883,12.671633794767047,12.759428024291992,780800,0.0,0.0
1998-06-29,12.730162595685625,12.847221562082735,12.291191471696466,12.34972095489502,1322800,0.0,0.0
1998-06-30,12.34972393178494,12.64237141832013,12.027811696596233,12.525312423706055,1947200,0.0,0.0
1998-07-01,13.052071656072874,13.052071656072874,12.583835901594924,12.84721851348877,1286800,0.0,0.0
1998-07-02,12.847221666275093,12.876486408111711,12.64236847341877,12.817956924438477,1749600,0.0,0.0
1998-07-06,12.788692460869843,12.788692460869843,12.408250808715819,12.40825080871582,566000,0.0,0.0
1998-07-07,12.466782861826372,12.964283586359349,12.232664873810853,12.905754089355469,2781600,0.0,0.0
1998-07-08,12.993543254004585,13.227661150473136,12.642366409301758,12.642366409301758,2780400,0.0,0.0
1998-07-09,12.64236798967634,12.671632730393183,12.261926360357377,12.291191101074219,1675400,0.0,0.0
1998-07-10,12.408250438093575,12.58383888768924,12.291191471696466,12.34972095489502,624200,0.0,0.0
1998-07-13,12.349719737978882,12.408249215410061,11.998542873391806,12.086337089538574,1235000,0.0,0.0
1998-07-14,12.408248332830576,12.49604254273268,12.057071493222164,12.1741304397583,1198000,0.0,0.0
1998-07-15,11.998544153013185,12.876486408111711,11.647367250973774,12.817956924438477,3925200,0.0,0.0
1998-07-16,12.847219952789871,12.847219952789871,12.4375136217214,12.700896263122559,2371600,0.0,0.0
1998-07-17,12.174128572705767,12.613099554894676,12.115599108413912,12.466775894165039,1368800,0.0,0.0
1998-07-20,12.466778100255025,12.466778100255025,12.02780704038689,12.144865989685059,1338000,0.0,0.0
1998-07-21,12.291194434477903,12.84722465889476,12.232664937170865,12.525312423706055,1788000,0.0,0.0
1998-07-22,12.64236798967634,12.759426952543713,12.086337916056316,12.291191101074219,1596600,0.0,0.0
1998-07-23,12.057073729715228,12.554574344776293,11.852220535278319,11.85222053527832,1475200,0.0,0.0
1998-07-24,11.940015660460015,12.057074637523348,11.354720775143347,11.38398551940918,1502200,0.0,0.0
1998-07-27,11.23766069935134,11.2669254407559,10.593836388451003,11.208395957946777,1706200,0.0,0.0
1998-07-28,11.208395957946777,11.822955527442554,10.94501328530573,11.208395957946777,1741400,0.0,0.0
1998-07-29,11.47177546030819,11.735158060162204,10.740157127380371,10.740157127380371,1125800,0.0,0.0
1998-07-30,10.827955378358345,11.530309240738347,10.827955378358345,11.38398551940918,925600,0.0,0.0
1998-07-31,11.47177546030819,11.58883439357664,10.740157127380371,10.740157127380371,1233400,0.0,0.0
1998-08-03,10.769424438476562,10.945012880408246,10.418247554613197,10.769424438476562,847600,0.0,0.0
1998-08-04,10.945011636247608,11.03280584723355,10.096334263383488,10.213393211364746,690000,0.0,0.0
1998-08-05,10.535306249346052,10.564570988927569,9.657364061900548,9.832952499389648,2292400,0.0,0.0
1998-08-06,9.774421882629396,10.886481857299806,9.774421882629396,10.82795238494873,2810600,0.0,0.0
1998-08-07,11.325453560675502,12.057072007747562,11.06207091972956,11.442512512207031,2205600,0.0,0.0
1998-08-10,11.442513639276676,11.442513639276676,10.945013046264647,10.945013046264648,868000,0.0,0.0
1998-08-11,10.067071767953728,10.652366638183594,10.067071767953728,10.27192497253418,1401400,0.0,0.0
1998-08-12,10.359717543919881,10.769423887464734,10.271923327445984,10.535305976867676,1040800,0.0,0.0
1998-08-13,10.593836849386042,11.003543246876111,10.27192467992956,10.301189422607422,641200,0.0,0.0
1998-08-14,10.6523667934329,10.6523667934329,10.008542426796847,10.067071914672852,458000,0.0,0.0
1998-08-17,10.154864372147454,10.623100193341573,10.125599633322821,10.535305976867676,1813000,0.0,0.0
1998-08-18,10.740157709757487,11.120599263509115,10.740157709757487,10.974275588989258,1134800,0.0,0.0
1998-08-19,11.091336014535692,11.091336014535692,10.359717543919881,10.535305976867676,705200,0.0,0.0
1998-08-20,10.301187231658846,10.330451968112422,9.979275130669507,10.03780460357666,1036600,0.0,0.0
1998-08-21,9.657363863552318,10.067070209278778,9.364716473747702,9.950011253356934,1500000,0.0,0.0
1998-08-24,10.008540052397544,10.418246370331948,10.008540052397544,10.213393211364746,1376000,0.0,0.0
1998-08-25,10.330449777807893,10.710891271041612,10.301185047559146,10.35971450805664,1047200,0.0,0.0
1998-08-26,9.83295337573902,9.950012344497818,9.628100180411124,9.745159149169922,1113000,0.0,0.0
1998-08-27,9.452511524441233,9.48177626600297,8.662363502274319,8.808687210083008,1582600,0.0,0.0
1998-08-28,8.867216693206482,9.042805142576908,8.252657120409994,8.808687210083008,2119800,0.0,0.0
1998-08-31,8.8964856374178,8.984279903576528,8.077072486603003,8.135601997375488,1196600,0.0,0.0
1998-09-01,8.545304092201027,8.955010452786007,8.194127211699614,8.662363052368164,1462400,0.0,0.0
1998-09-02,8.691625629263514,9.364714482708164,8.662360896505051,8.984272956848145,1249200,0.0,0.0
1998-09-03,8.867218673229218,8.92574816942215,8.369717955589294,8.428247451782227,1651800,0.0,0.0
1998-09-04,8.516040002456819,8.750157940668691,8.428245775627367,8.691628456115723,1645400,0.0,0.0
1998-09-08,9.072071306066576,9.13060079836378,8.83795333687776,8.955012321472168,2301200,0.0,0.0
1998-09-09,9.072071669937728,9.218395406549627,8.779424196713931,9.013542175292969,1812200,0.0,0.0
1998-09-10,8.720893716158931,8.867217436228712,8.457511020033326,8.545305252075195,794600,0.0,0.0
1998-09-11,8.691626985389066,9.715892791748047,8.603832773415439,9.715892791748047,2373800,0.0,0.0
1998-09-14,9.715892791748047,10.12559911429164,9.598833842449878,9.715892791748047,2491400,0.0,0.0
1998-09-15,9.042805674653616,9.540306310475984,9.042805674653616,9.423247337341309,1151200,0.0,0.0
1998-09-16,9.423245979077889,9.745158108797941,9.218392805619674,9.657363891601562,1393600,0.0,0.0
1998-09-17,9.364716117904031,10.330452467562884,9.15986295282488,9.891481399536133,1478600,0.0,0.0
1998-09-18,9.950012183699767,10.067071150566823,9.306187865930958,9.569570541381836,1612000,0.0,0.0
1998-09-21,9.101334706733102,9.247658415844565,8.77942254668788,8.89648151397705,10426200,0.0,0.0
1998-09-22,8.896481730143229,9.042805442810058,8.633099047342936,8.779422760009766,4137800,0.0,0.0
1998-09-23,8.955012573386139,9.42324852493574,8.779424091555038,9.30618953704834,2051800,0.0,0.0
1998-09-24,9.306186617835094,9.452510306794764,8.633097648620605,8.633097648620605,2997400,0.0,0.0
1998-09-25,8.5160382270813,9.21839189529419,8.39897928237915,9.072068214416504,4630600,0.0,0.0
1998-09-28,9.24766004310464,9.48177801887944,9.13060105521724,9.30618953704834,1913200,0.0,0.0
1998-09-29,9.423245048522949,9.540303993225098,9.130597686767578,9.364715576171875,1288200,0.0,0.0
1998-09-30,9.364718084465967,9.452512316507836,8.545305252075195,8.545305252075195,1052000,0.0,0.0
1998-10-01,8.457511020033326,8.779423204186845,8.457511020033326,8.545305252075195,807800,0.0,0.0
1998-10-02,8.603834438323975,8.750158153261458,7.9892748355865475,8.194128036499023,1390800,0.0,0.0
1998-10-05,8.07706786433709,8.1941268188927,7.7551557393091635,7.930744171142578,957600,0.0,0.0
1998-10-06,8.018538187200372,8.135597138838333,7.960008711381392,8.047802925109863,1552000,0.0,0.0
1998-10-07,8.047803366694469,8.077068106209722,7.374714357843659,7.521038055419922,2544200,0.0,0.0
1998-10-08,7.023538055419922,7.667362377166748,7.023538055419922,7.316185474395752,2302200,0.0,0.0
1998-10-09,7.725893497467042,8.457512199878693,7.608834505081178,8.428247451782227,5694600,0.0,0.0
1998-10-12,8.69162768674043,9.569569877320273,8.633098207368441,9.540305137634277,3754600,0.0,0.0
1998-10-13,9.423245048522949,9.481774520874025,8.984274005889892,9.364715576171875,2720600,0.0,0.0
1998-10-14,9.423246383666992,10.827953919120457,9.423246383666992,10.769424438476562,2942400,0.0,0.0
1998-10-15,10.71089711440237,11.120603561401367,10.3597201598318,11.120603561401367,2470800,0.0,0.0
1998-10-16,11.881483078002928,12.115600971165549,11.120599925224417,11.88148307800293,2434000,0.0,0.0
1998-10-19,11.852220535278319,11.852220535278319,11.559573114654164,11.85222053527832,1689400,0.0,0.0
1998-10-20,12.291191471696466,13.461781135667557,12.291191471696466,12.34972095489502,3666600,0.0,0.0
1998-10-21,12.525311305605133,13.637371655168206,12.496046559563998,13.578842163085938,4081000,0.0,0.0
1998-10-22,13.403249258827225,14.16413240452484,12.876484004113491,14.134867668151855,3018600,0.0,0.0
1998-10-23,14.983546826873717,15.685900584383422,14.222663589571535,14.251928329467773,4326600,0.0,0.0
1998-10-26,14.13486989917177,14.603105755044956,13.373986633377845,14.48604679107666,2426600,0.0,0.0
1998-10-27,14.573837998625521,14.632367468499519,13.432513336082557,13.520307540893555,1803800,0.0,0.0
1998-10-28,13.46178194655906,14.573842194318287,13.227663999662381,14.368988990783691,1482000,0.0,0.0
1998-10-29,14.281196463945015,15.627374819152946,14.164137476535629,15.422521591186523,4420400,0.0,0.0
1998-10-30,16.12487367483286,16.12487367483286,15.129872395442083,15.217666625976562,3303800,0.0,0.0
1998-11-02,15.01281364019527,15.217666847761286,14.66163671293924,15.100607872009277,1522800,0.0,0.0
1998-11-03,14.983548136895575,14.983548136895575,13.930017408520104,14.222664833068848,1877200,0.0,0.0
1998-11-04,14.339722676969192,14.80795851948247,14.105604755712552,14.72016429901123,1792600,0.0,0.0
1998-11-05,14.515309241000663,14.603103450119619,14.0470734590329,14.134867668151855,1071400,0.0,0.0
1998-11-06,14.047076678789292,15.246931145102545,14.047076678789292,14.954283714294434,1952800,0.0,0.0
1998-11-09,14.895753329385542,15.217665483851633,14.398252727028853,14.661635398864746,768600,0.0,0.0
1998-11-10,14.544576273060807,14.690899978021177,14.251928863140067,14.48604679107666,641600,0.0,0.0
1998-11-11,15.685896767907922,15.685896767907922,15.21766104349276,15.598102569580078,3665800,0.0,0.0
1998-11-12,15.48104705199908,15.744429705057666,15.100605442025568,15.539576530456543,2362800,0.0,0.0
1998-11-13,15.305458030208916,16.007811744788295,15.305458030208916,15.890752792358398,1726400,0.0,0.0
1998-11-16,15.890754674515634,16.154137348678876,15.334724584615454,15.510313034057617,640600,0.0,0.0
1998-11-17,15.217666402021733,15.246931145102545,14.690901026567134,14.954283714294434,2279600,0.0,0.0
1998-11-18,15.188399659711763,15.890753401201325,15.159134920483032,15.539576530456543,1786800,0.0,0.0
1998-11-19,15.568840391495648,16.007811455165637,15.539575653917648,15.92001724243164,981200,0.0,0.0
1998-11-20,16.007812382942504,16.35898925423192,15.978547643668387,16.212665557861328,1348600,0.0,0.0
1998-11-23,16.212672283234244,16.505319797372046,15.89076001768266,16.300466537475586,1518000,0.0,0.0
1998-11-24,16.271195036409566,16.680901386247218,16.095606600764857,16.212665557861328,1756400,0.0,0.0
1998-11-25,16.212672283234244,16.446790294544485,16.154142780406683,16.300466537475586,1241200,0.0,0.0
1998-11-27,16.241930297135447,16.300459775683684,16.095606600764857,16.212665557861328,214000,0.0,0.0
1998-11-30,16.38825236240558,16.446781835128455,15.012809753417969,15.012809753417969,1327800,0.0,0.0
1998-12-01,14.895750807972213,15.100603962502284,14.515309235273513,15.012809753417969,2349400,0.0,0.0
1998-12-02,15.042077895573208,16.505315044948034,14.983548409598214,16.388256072998047,2907200,0.0,0.0
1998-12-03,16.73943328857422,18.670906360332783,16.446785853459286,17.119874954223633,4322400,0.0,0.0
1998-12-04,17.792963350365323,18.67090562094256,17.675904380955025,18.524581909179688,3293800,0.0,0.0
1998-12-07,18.729432235808062,19.782962799072266,18.55384380859736,19.782962799072266,2302800,0.0,0.0
1998-12-08,19.724433188078923,21.275464284470885,19.607374237407832,20.573110580444336,3393600,0.0,0.0
1998-12-09,20.631639199771268,21.070610246574912,19.900020788431863,20.07560920715332,2504200,0.0,0.0
1998-12-10,20.075608310787633,20.075608310787633,18.43678314256007,18.992813110351562,2452000,0.0,0.0
1998-12-11,18.75869803687635,19.40252230647273,17.96855006964443,18.319726943969727,2192600,0.0,0.0
1998-12-14,18.34899200619878,18.34899200619878,17.324726104736328,17.324726104736328,1143200,0.0,0.0
1998-12-15,17.67590667375552,18.31973108902476,17.588112435309714,17.910024642944336,3798000,0.0,0.0
1998-12-16,17.96854966809468,18.114873362460273,17.324725412886075,17.58810806274414,1856800,0.0,0.0
1998-12-17,17.55884509337576,17.968551478887857,17.55884509337576,17.7929630279541,4113600,0.0,0.0
1998-12-18,18.963552632463085,19.43178849993131,18.583110990145155,19.139141082763672,5877600,0.0,0.0
1998-12-21,19.139141218371147,19.431788637612296,18.875758541054115,18.934288024902344,1650000,0.0,0.0
1998-12-22,18.84649704987148,19.08061502564628,18.553849580152978,18.61237907409668,1332400,0.0,0.0
1998-12-23,18.758698088835477,18.84649230765998,18.524580171970136,18.70016860961914,3161800,0.0,0.0
1998-12-24,18.729434788898953,18.729434788898953,18.114875209888204,18.173404693603516,457200,0.0,0.0
1998-12-28,18.144136428833008,18.378254318237307,17.93928327560425,18.144136428833008,846800,0.0,0.0
1998-12-29,18.085609601094173,18.319727524732933,17.968550639274792,18.261198043823242,2172800,0.0,0.0
1998-12-30,18.261195373535156,19.05134325027466,18.261195373535156,18.72943115234375,1242200,0.0,0.0
1998-12-31,18.75869823275766,19.841493606567383,18.64163927342688,19.841493606567383,683800,0.0,0.0
1999-01-04,19.724435806274414,19.782965289379085,19.31472942454171,19.724435806274414,1344600,0.0,0.0
1999-01-05,20.485316237358198,21.94855311145521,20.397522024912377,21.363258361816406,4844800,0.0,0.0
1999-01-06,22.24119653507155,23.177667968127192,21.802225550826716,22.94355010986328,6650600,0.0,0.0
1999-01-07,22.70944273009781,23.382531883180604,22.47532476380814,22.65091323852539,3439800,0.0,0.0
1999-01-08,23.353263830683034,23.411793313967955,22.41679209812432,22.972822189331055,3620200,0.0,0.0
1999-01-11,22.91429330356157,23.323999697239557,22.70944010672258,23.294734954833984,1674000,0.0,0.0
1999-01-12,23.265469939620406,23.792235296743886,23.119146229308328,23.70444107055664,1834800,0.0,0.0
1999-01-13,22.53384941252903,23.967821647871787,22.47531993353545,23.528850555419922,4034200,0.0,0.0
1999-01-14,23.441055761673315,23.616644194345024,23.089878896329896,23.587379455566406,2775200,0.0,0.0
1999-01-15,23.587378905123515,26.191940595639636,23.558114167027828,26.162675857543945,2511600,0.0,0.0
1999-01-19,25.752968958445955,26.221204757690426,24.172673135995865,26.22120475769043,3255400,0.0,0.0
1999-01-20,28.06488645367506,29.9085651258143,27.947827490364634,28.796504974365234,9088000,0.0,0.0
1999-01-21,28.650180606047314,29.235475409030915,27.860032622019453,28.09415054321289,4802000,0.0,0.0
1999-01-22,27.391796178692815,27.508855136721415,26.3967950354497,26.806501388549805,3383600,0.0,0.0
1999-01-25,26.71871067781364,26.835769651210413,26.162680554178962,26.4553279876709,2141200,0.0,0.0
1999-01-26,26.57238460532808,28.32826905061407,26.513855123818544,28.035621643066406,2732200,0.0,0.0
1999-01-27,27.684443275177102,27.977090667092295,26.80650109943153,26.835765838623047,1508200,0.0,0.0
1999-01-28,26.923562155829536,27.860033882988827,26.689444224039715,27.39179801940918,1337600,0.0,0.0
1999-01-29,27.625917874849762,31.13768709622897,27.567388387826774,30.435333251953125,5359000,0.0,0.0
1999-02-01,29.967095881378807,30.084154849665442,29.00135939301406,29.820772171020508,2804600,0.0,0.0
1999-02-02,29.26473942334438,29.352533641614414,27.889296670447195,28.357532501220703,2743400,0.0,0.0
1999-02-03,28.094154049119265,29.645185470581055,27.9770950739146,29.645185470581055,2401800,0.0,0.0
1999-02-04,29.411063674111038,29.908564253673113,27.742973495579367,27.918561935424805,1831800,0.0,0.0
1999-02-05,27.83076908614609,27.860033827561598,26.19194356687776,26.63091468811035,2289800,0.0,0.0
1999-02-08,28.006359094280306,28.09415332341598,27.30400526119491,27.625917434692383,3669200,0.0,0.0
1999-02-09,27.508861965603298,27.538126712375217,26.250477854410807,26.338272094726562,2639000,0.0,0.0
1999-02-10,26.191937516110364,26.923555882482162,24.699436048711895,25.69443702697754,2267000,0.0,0.0
1999-02-11,25.635912217434097,28.094150375270242,25.577382737485618,27.918561935424805,4876200,0.0,0.0
1999-02-12,27.450327502356636,27.450327502356636,25.899296204249065,27.39179801940918,1368400,0.0,0.0
1999-02-16,27.977092161556875,28.299004309859306,27.39179734646154,28.035621643066406,1929400,0.0,0.0
1999-02-17,28.21121061591692,28.913564407184563,26.36753191383936,27.216209411621094,2817000,0.0,0.0
1999-02-18,27.47959371946626,27.684446920782833,26.806504629426083,27.625917434692383,1387600,0.0,0.0
1999-02-19,27.596651480668537,27.830769414756922,26.806503453120232,26.982091903686523,1701600,0.0,0.0
1999-02-22,26.513857198973835,28.09415332341598,25.928562338069334,27.625917434692383,1729400,0.0,0.0
1999-02-23,27.977093912974123,28.094152883321296,26.718709981742023,27.860034942626953,2175400,0.0,0.0
1999-02-24,27.889296670447195,29.908563690657957,27.889296670447195,28.357532501220703,2964000,0.0,0.0
1999-02-25,27.91855952995164,28.26973637938499,25.752968958445955,26.22120475769043,3270000,0.0,0.0
1999-02-26,26.1041508714358,26.1041508714358,21.597380429506302,22.475322723388672,7046200,0.0,0.0
1999-03-01,22.24120079099065,23.3239960926573,21.363258654504175,22.885025024414062,3132000,0.0,0.0
1999-03-02,22.914294750440288,24.114149264831156,22.914294750440288,23.148412704467773,3167000,0.0,0.0
1999-03-03,23.558109487806046,23.76296261378697,22.73869698388236,22.94355010986328,1655400,0.0,0.0
1999-03-04,23.002089863501226,23.61664951634286,22.797236645887345,23.060619354248047,2232600,0.0,0.0
1999-03-05,23.76297088838973,25.05061955721873,23.67517666096957,24.81650161743164,2141000,0.0,0.0
1999-03-08,24.816497359957012,26.308998970048766,24.49458524797644,26.22120475769043,2665200,0.0,0.0
1999-03-09,26.221209884783544,27.274740639082882,24.93356118508435,25.518856048583984,4038600,0.0,0.0
1999-03-10,25.51885551304333,27.099151611328125,25.226208087435037,27.099151611328125,1815200,0.0,0.0
1999-03-11,27.099150188898633,27.59665078631902,25.694442619711662,25.899295806884766,2524400,0.0,0.0
1999-03-12,26.338268027586096,26.338268027586096,23.880029678344727,23.880029678344727,2627600,0.0,0.0
1999-03-15,23.967823767864832,24.611648093741547,23.762970573267697,24.084882736206055,2096000,0.0,0.0
1999-03-16,25.284742582211937,26.894303741959224,24.81650660846727,26.572391510009766,3012000,0.0,0.0
1999-03-17,26.689444068170364,27.538121565952096,26.07488450081118,27.216209411621094,2432800,0.0,0.0
1999-03-18,27.216213818254143,27.391802294500945,26.92356635784281,27.157684326171875,1647800,0.0,0.0
1999-03-19,28.064887941606514,28.064887941606514,26.54312133789062,26.543121337890625,2439000,0.0,0.0
1999-03-22,26.338263352711994,26.396792826829135,24.553114392139292,25.284732818603516,1657400,0.0,0.0
1999-03-23,25.635911114856636,25.665175853572226,24.14340944036156,24.17267417907715,1231600,0.0,0.0
1999-03-24,24.17267711717631,24.58238350899286,23.76297072535976,24.26047134399414,2515200,0.0,0.0
1999-03-25,24.582382460771978,26.19194321713205,24.582382460771978,25.899295806884766,2648800,0.0,0.0
1999-03-26,25.167674768835695,25.635910578488453,24.46532105435656,24.611644744873047,1519600,0.0,0.0
1999-03-29,24.728700431152067,25.957819269150157,24.728700431152067,25.92855453491211,1029000,0.0,0.0
1999-03-30,25.75296956287096,26.543117492640864,25.431057443335074,25.577381134033203,1236400,0.0,0.0
1999-03-31,25.606646160899157,26.396794099578333,25.079880868446374,25.54811668395996,1914600,0.0,0.0
1999-04-01,25.635917532032934,27.157684326171875,25.57738803995067,27.157684326171875,1720000,0.0,0.0
1999-04-05,28.269739151000977,28.269739151000977,26.689443173615828,26.923561096191406,3042600,0.0,0.0
1999-04-06,26.865030352010766,28.32826729928804,26.747971396228582,28.21120834350586,2791600,0.0,0.0
1999-04-07,28.211212295596884,28.416065496913458,27.21621103205923,27.625917434692383,2147200,0.0,0.0
1999-04-08,27.15767826263561,27.15767826263561,26.133412379885346,26.806501388549805,1740800,0.0,0.0
1999-04-09,27.128420742103337,28.401437249418866,26.104154586791992,26.104154586791992,3360600,0.0,0.0
1999-04-12,25.78223548169062,25.957823918569332,24.02635111290352,24.494586944580078,2144600,0.0,0.0
1999-04-13,25.050617009253052,25.60664705969208,23.323997378942384,23.528850555419922,2656800,0.0,0.0
1999-04-14,24.114146350678944,25.606648127237957,23.616645758492606,24.582382202148438,3298800,0.0,0.0
1999-04-15,24.67017104113061,25.899289883037476,23.880023214190484,25.72370147705078,1348600,0.0,0.0
1999-04-16,25.167671803189847,25.723701761632412,24.28972976354369,25.69443702697754,1451600,0.0,0.0
1999-04-19,24.52385536324424,24.9042970335571,23.880030998099404,23.938560485839844,2220800,0.0,0.0
1999-04-20,23.96782914723191,25.050624847412106,23.177680933586903,25.05062484741211,3008000,0.0,0.0
1999-04-21,25.050616021589796,28.386796192689374,25.050616021589796,25.75296974182129,5773800,0.0,0.0
1999-04-22,27.625912976034968,28.03561931254396,26.718706088050766,27.304000854492188,2390200,0.0,0.0
1999-04-23,26.92355976644944,27.04061872195574,25.782234950262996,26.86503028869629,1522000,0.0,0.0
1999-04-26,26.835767421406278,27.01135586691166,26.191943121219865,26.484590530395508,1116800,0.0,0.0
1999-04-27,26.630912951506904,27.362531439185663,25.81150024530669,26.806501388549805,1219400,0.0,0.0
1999-04-28,26.8064991456491,26.8064991456491,24.99208544801783,25.284732818603516,2359200,0.0,0.0
1999-04-29,24.11414788733266,24.11414788733266,21.12914414399779,23.089881896972656,7271200,0.0,0.0
1999-04-30,23.08989029688551,23.880038634041288,22.036359180677806,22.09488868713379,3772000,0.0,0.0
1999-05-03,22.21194060643514,23.265471386187002,22.182675862553143,23.177677154541016,2193000,0.0,0.0
1999-05-04,23.52885157539245,23.52885157539245,21.890026092529293,21.890026092529297,2003200,0.0,0.0
1999-05-05,22.094880130912568,24.114147321684708,20.456054584778656,23.90929412841797,4122200,0.0,0.0
1999-05-06,24.31900154054165,24.58238422870636,22.475322723388672,22.475322723388672,2927000,0.0,0.0
1999-05-07,22.47532184764105,23.06061668742337,22.153409685760774,22.5631160736084,2097800,0.0,0.0
1999-05-10,22.79723918761812,22.97282767943546,22.211944214893652,22.62165069580078,2546400,0.0,0.0
1999-05-11,23.089886673980356,23.20694566852525,22.270473712166098,22.62165069580078,1622400,0.0,0.0
1999-05-12,22.826501655578614,23.5873850440979,22.182677249908448,23.41179656982422,2133400,0.0,0.0
1999-05-13,23.645908933123643,25.065248763886636,23.52884997800917,23.587379455566406,4004200,0.0,0.0
1999-05-14,22.475326952619664,23.2654751657977,22.387532706710992,22.62165069580078,2160200,0.0,0.0
1999-05-17,22.504588330892183,23.17767744872121,21.772969724556287,23.148412704467773,2041200,0.0,0.0
1999-05-18,23.265465961562263,25.284732818603516,22.738700694508022,25.284732818603516,2411200,0.0,0.0
1999-05-19,26.39679609143171,27.3332677931233,25.811501277874466,27.274738311767578,4408000,0.0,0.0
1999-05-20,27.274744478576388,27.274744478576388,25.752977619256676,26.104154586791992,2303200,0.0,0.0
1999-05-21,26.806502881353303,26.806502881353303,25.109147895416083,25.314001083374023,903800,0.0,0.0
1999-05-24,25.37253185631572,25.518855569443264,23.704441526661746,24.2312068939209,1348600,0.0,0.0
1999-05-25,24.46532741546631,24.757974872589113,23.20694334983826,23.41179656982422,1831400,0.0,0.0
1999-05-26,24.231209449768066,24.231209449768066,22.650913181304933,23.41179656982422,1842600,0.0,0.0
1999-05-27,23.41178840938134,25.28473148213185,22.943552641193715,25.2262020111084,1907400,0.0,0.0
1999-05-28,25.226208906907303,25.255473650418796,24.49459031911997,24.728708267211914,863200,0.0,0.0
1999-06-01,25.635905359832336,25.89928794914568,24.640904466870808,24.933551788330078,1474600,0.0,0.0
1999-06-02,24.933558515600257,26.396795517689473,24.14341053447208,25.987089157104492,1714000,0.0,0.0
1999-06-03,26.22121004087735,26.777240164512026,25.957827350734608,26.4553279876709,1204600,0.0,0.0
1999-06-04,27.21621285377417,28.825773828997374,26.982094893741703,28.767244338989258,2708600,0.0,0.0
1999-06-07,28.328269506911997,28.73797588407808,27.713709941162872,28.18194580078125,929800,0.0,0.0
1999-06-08,28.181946984043826,29.030624515235175,27.86003481704021,28.445329666137695,1230200,0.0,0.0
1999-06-09,29.147684680714327,30.435333401549098,29.11841993705899,29.850038528442383,2748600,0.0,0.0
1999-06-10,29.79151021777175,30.376805113995168,29.089156342303657,29.732980728149414,2810400,0.0,0.0
1999-06-11,29.703714958183387,30.054891883797378,29.2647438011659,29.645185470581055,1449800,0.0,0.0
1999-06-14,29.762247548836232,31.28401438515824,29.323276346051035,30.845043182373047,2030600,0.0,0.0
1999-06-15,30.903566394374124,32.279009216851,30.727977948951544,31.284008026123047,4177600,0.0,0.0
1999-06-16,31.605927421769334,32.48386985015181,31.605927421769334,32.45460510253906,3273200,0.0,0.0
1999-06-17,32.39606986745903,32.42533460988673,31.225480170351208,31.693716049194336,2013600,0.0,0.0
1999-06-18,31.693719298092287,32.0156314977959,31.19621862582306,31.371807098388672,2258400,0.0,0.0
1999-06-21,31.37179928149785,32.74724197387695,31.25474032895495,32.74724197387695,2341600,0.0,0.0
1999-06-22,32.16195517506973,33.098427027301064,31.927837212011898,32.1326904296875,1876400,0.0,0.0
1999-06-23,31.693711400990832,32.74724197387695,31.401064019633576,32.74724197387695,1550200,0.0,0.0
1999-06-24,32.074156764768205,32.63018685466838,30.815772877099377,31.020626068115234,1540200,0.0,0.0
1999-06-25,30.845026860114622,31.547380412906605,30.17193803868897,30.757232666015625,1255200,0.0,0.0
1999-06-28,30.8157784355207,31.166955397748854,30.58166046070193,30.845043182373047,1028800,0.0,0.0
1999-06-29,30.845041890187307,32.8643093384064,30.845041890187307,32.48386764526367,2469000,0.0,0.0
1999-06-30,32.776515309403585,34.62019429555754,32.71798581777965,33.59592819213867,3336800,0.0,0.0
1999-07-01,33.537395463671004,33.91783712250846,32.65945317404611,32.776512145996094,1712400,0.0,0.0
1999-07-02,32.981371104717255,33.8885782957077,32.80578261613846,33.712989807128906,1228800,0.0,0.0
1999-07-06,33.47886321729323,34.91283550544652,33.47886321729323,33.625186920166016,1775800,0.0,0.0
1999-07-07,33.71298663047709,33.830045611832915,32.80577952496946,32.89357376098633,1694600,0.0,0.0
1999-07-08,32.776510799632355,35.08842540067785,32.6887165742762,34.825042724609375,2617800,0.0,0.0
1999-07-09,34.76651382446289,34.79577856673937,34.005630525274306,34.76651382446289,1118000,0.0,0.0
1999-07-12,35.351806308912195,35.87857163470724,35.00062942504883,35.00062942504883,1844800,0.0,0.0
1999-07-13,34.298275657322094,35.234747347624406,34.298275657322094,35.00062942504883,1579200,0.0,0.0
1999-07-14,35.35180916537243,37.107693726566424,35.35180916537243,36.43460464477539,2066800,0.0,0.0
1999-07-15,36.34681008251225,36.72725173393951,34.707984507133276,35.32254409790039,1888000,0.0,0.0
1999-07-16,35.32254197415888,36.84430848837285,34.971365086263354,36.11268997192383,1713600,0.0,0.0
1999-07-19,36.20048411792477,36.639455226872926,35.351806640625,35.351806640625,2456200,0.0,0.0
1999-07-20,34.912847570751026,34.912847570751026,32.308284759521484,32.308284759521484,2327400,0.0,0.0
1999-07-21,33.478865570356014,34.59092579035036,33.156953401410284,34.151954650878906,4166400,0.0,0.0
1999-07-22,33.5081337421864,33.5081337421864,31.605925276472764,32.48386764526367,2811400,0.0,0.0
1999-07-23,32.396058485541545,33.595912503524566,32.30826428910377,33.24473571777344,1828000,0.0,0.0
1999-07-26,33.06915376897444,33.712978001644736,32.65944743909334,33.36180114746094,1742400,0.0,0.0
1999-07-27,34.06416588325005,36.22975718510615,34.00563638860529,36.054168701171875,3296800,0.0,0.0
1999-07-28,35.70298497817096,37.7222521613626,35.439602302102486,37.31254577636719,3077000,0.0,0.0
1999-07-29,36.43460689775096,36.66872485372044,34.561663249995085,34.883575439453125,2319000,0.0,0.0
1999-07-30,35.1176907317807,35.67372083503389,34.53239588625102,34.76651382446289,1247400,0.0,0.0
1999-08-02,35.23474799262153,35.410336437767484,33.97636413574219,33.97636413574219,1012800,0.0,0.0
1999-08-03,34.09343023994046,35.38107910737168,33.18622308334118,34.5909309387207,2367800,0.0,0.0
1999-08-04,34.53239945121433,34.883576394786004,33.654457092285156,33.654457092285156,1391600,0.0,0.0
1999-08-05,33.47887182235718,33.800784051418304,32.19122290611267,33.712989807128906,1460000,0.0,0.0
1999-08-06,33.71298257928145,35.76151450684196,33.47886464470311,35.5859260559082,1805600,0.0,0.0
1999-08-09,35.49812626423058,36.96136312590537,35.23474362912911,36.932098388671875,2160000,0.0,0.0
1999-08-10,36.961366984008095,37.22474964660197,35.17621782642733,35.966365814208984,2225600,0.0,0.0
1999-08-11,35.96636601900443,36.522396087646484,34.7079821794461,36.522396087646484,2705800,0.0,0.0
1999-08-12,36.7565145172198,36.7565145172198,33.5373930228773,33.97636413574219,3276200,0.0,0.0
1999-08-13,34.415339266613415,34.53239824371074,31.986365491843927,33.771514892578125,4751600,0.0,0.0
1999-08-16,34.444587875814996,34.620176259209124,33.15693973092471,33.83002853393555,2620400,0.0,0.0
1999-08-17,34.122696100585515,34.181225596469886,33.010635678782556,33.917842864990234,2687600,0.0,0.0
1999-08-18,31.722984978646945,32.30827990445224,30.87430733622927,30.90357208251953,4801600,0.0,0.0
1999-08-19,30.90356959292763,31.37180549585078,30.435333690004487,30.58165740966797,2087000,0.0,0.0
1999-08-20,31.488862939178947,31.54739242419601,29.557389933615926,29.96709632873535,1649800,0.0,0.0
1999-08-23,30.142683440286948,31.81077368892419,30.142683440286948,31.63518524169922,2491200,0.0,0.0
1999-08-24,31.635188703861253,33.712985556751306,31.371806004199133,33.5666618347168,2148800,0.0,0.0
1999-08-25,33.7129783323559,33.947096237441706,32.65944775946978,32.74724197387695,1901400,0.0,0.0
1999-08-26,32.805774491408776,33.15695138159335,32.2497444152832,32.2497444152832,2059800,0.0,0.0
1999-08-27,32.366808392745334,32.60092635580317,32.01563144815859,32.1326904296875,2460800,0.0,0.0
1999-08-30,32.425338154010944,33.09842730341731,32.425338154010944,32.48386764526367,2319200,0.0,0.0
1999-08-31,30.610922558576934,31.986365541610507,30.55239306993721,31.869306564331055,4090600,0.0,0.0
1999-09-01,34.82504098311715,36.05416007663893,33.77151033152705,35.00062942504883,2773700,0.0,2.0
1999-09-02,34.82503323515585,35.93709311997595,34.18120909131263,35.41032791137695,1932800,0.0,0.0
1999-09-03,36.52239242865115,37.575922979477625,36.40533347855932,37.28327560424805,1644600,0.0,0.0
1999-09-07,37.45887021129542,38.219753512462354,36.46386897130788,37.049163818359375,2509900,0.0,0.0
1999-09-08,37.22474867848162,38.86357409199967,36.58092440888524,36.63945388793945,1678200,0.0,0.0
1999-09-09,36.639453758027166,38.39533812342783,36.639453758027166,37.81004333496094,1058700,0.0,0.0
1999-09-10,38.39533836591598,38.68798576199766,36.9321013855076,37.40033721923828,1202700,0.0,0.0
1999-09-13,37.400340048890364,37.400340048890364,34.94210173581776,35.5859260559082,1970700,0.0,0.0
1999-09-14,35.82004230556203,39.27328167815707,35.70298334377915,39.214752197265625,2481900,0.0,0.0
1999-09-15,39.21474789288456,39.56592473968651,36.40533311846895,36.932098388671875,1963000,0.0,0.0
1999-09-16,36.756512947858596,38.74651524121399,35.82004128039723,37.40033721923828,2064100,0.0,0.0
1999-09-17,37.107679889385516,38.3953280874399,36.52238525390625,38.044151306152344,1780600,0.0,0.0
1999-09-20,38.04415965008232,38.86357231946871,37.57592383900438,38.74651336669922,1087100,0.0,0.0
1999-09-21,38.2782848176502,38.68799123007153,36.52240019298735,36.87357711791992,1449100,0.0,0.0
1999-09-22,37.28327146140478,38.33680189516504,36.11268209056004,38.102684020996094,1460300,0.0,0.0
1999-09-23,38.10268205151884,38.39532937910347,35.644444499807946,35.93709182739258,1120100,0.0,0.0
1999-09-24,35.70298828534632,36.81504857620137,33.30327923665911,34.883575439453125,2019000,0.0,0.0
1999-09-27,35.820051100994235,38.2197604067798,35.585933119941984,37.51740646362305,1776200,0.0,0.0
1999-09-28,37.45886870901232,37.69298663844365,35.99563165006653,36.81504440307617,1553200,0.0,0.0
1999-09-29,36.87356327566339,38.27827044806962,35.87856236187565,35.93709182739258,1241000,0.0,0.0
1999-09-30,34.70799475189642,34.82505375611867,32.60093267589596,33.01063919067383,4376900,0.0,0.0
1999-10-01,33.71298540402947,34.82504568645405,33.18622000709151,33.771514892578125,1939000,0.0,0.0
1999-10-04,34.47386901650653,34.883575439453125,33.36180872565148,34.883575439453125,1123200,0.0,0.0
1999-10-05,34.76651638962153,38.27828572190653,34.23975098977878,37.16622543334961,2948800,0.0,0.0
1999-10-06,37.16622224362593,38.04416450134938,36.171221018206026,37.86857604980469,1535500,0.0,0.0
1999-10-07,37.40033627984528,37.40033627984528,35.11768664774205,35.17621612548828,1524500,0.0,0.0
1999-10-08,34.825038039893435,34.825038039893435,33.18621272036904,33.36180114746094,1904400,0.0,0.0
1999-10-11,33.59592819213867,34.12269361675409,33.18622175077113,33.59592819213867,2184100,0.0,0.0
1999-10-12,35.23475333835768,35.937107225501016,33.42033912990404,33.654457092285156,2160400,0.0,0.0
1999-10-13,33.88857505466627,34.590928941809615,33.30328014871348,33.654457092285156,1605800,0.0,0.0
1999-10-14,33.71298332010361,34.532396109133906,32.71798207628111,32.83504104614258,1621000,0.0,0.0
1999-10-15,32.77650546183628,34.12268336473313,32.24974019548534,33.06915283203125,1567800,0.0,0.0
1999-10-18,33.06916233318955,33.06916233318955,30.142687790429413,31.371807098388672,1521100,0.0,0.0
1999-10-19,31.313275557297928,32.074158888596756,29.557390946608326,30.435333251953125,2603000,0.0,0.0
1999-10-20,28.67944818432048,28.91356612868228,25.226208504983934,27.625917434692383,9202700,0.0,0.0
1999-10-21,26.45532400677313,28.855032600307858,26.45532400677313,28.21120834350586,3078600,0.0,0.0
1999-10-22,28.503858299873137,29.732977446274237,28.152681400901397,28.913564682006836,1480100,0.0,0.0
1999-10-25,30.201219416720047,30.318278406707332,28.328275576923453,29.08915901184082,1318600,0.0,0.0
1999-10-26,29.615920865258506,30.552392671274585,29.5573913773825,30.201215744018555,1417300,0.0,0.0
1999-10-27,30.435329267549793,30.435329267549793,29.615916556500373,30.259740829467773,2140800,0.0,0.0
1999-10-28,31.781519247137982,32.65946176777715,31.196224233378537,32.308284759521484,2158300,0.0,0.0
1999-10-29,34.590931335052886,36.17122769046139,33.94710689396053,36.054168701171875,2880800,0.0,0.0
1999-11-01,36.405349919361434,37.224762940054454,35.46887789571226,35.644466400146484,1912800,0.0,0.0
1999-11-02,35.58592336353188,37.86857305296896,35.17621700901754,37.40033721923828,2178800,0.0,0.0
1999-11-03,38.39534889256898,38.92211434993654,37.22475898730773,37.51740646362305,1696000,0.0,0.0
1999-11-04,37.575922979477625,37.8685703547072,36.17121557837566,37.28327560424805,1611200,0.0,0.0
1999-11-05,38.33680806440465,39.800045013427734,38.10269015256096,39.800045013427734,1988600,0.0,0.0
1999-11-08,39.56593624219343,40.26829013998385,38.39534641254274,38.51240539550781,782000,0.0,0.0
1999-11-09,41.14622195676077,41.672987244969654,40.44386823914892,40.67798614501953,2400800,0.0,0.0
1999-11-10,40.67799069871681,43.01917001950627,40.61946121569707,42.9021110534668,1736300,0.0,0.0
1999-11-11,43.48740035256731,45.5944614732839,43.42887087699185,45.0091667175293,2272500,0.0,0.0
1999-11-12,45.00917348775777,45.94564523782816,43.07770050323761,45.47740936279297,10842000,0.0,0.0
1999-11-15,45.47741495176803,45.77006240963012,44.71653156132661,45.30182647705078,2566400,0.0,0.0
1999-11-16,45.301820909654765,46.53094008162215,44.716526065860776,45.47740936279297,2241700,0.0,0.0
1999-11-17,46.999177465836205,47.4674133559068,44.42388007044792,44.950645446777344,2314200,0.0,0.0
1999-11-18,44.77505193833788,45.360346734917464,43.54593286552077,44.30681610107422,2031200,0.0,0.0
1999-11-19,45.41887664794922,46.82358417314352,44.950640806217784,45.41887664794922,1849600,0.0,0.0
1999-11-22,44.950644820407135,45.06770379129361,43.3703487134397,43.48740768432617,1258800,0.0,0.0
1999-11-23,43.31181861470401,44.54093779160777,42.19975840702917,42.78505325317383,2022600,0.0,0.0
1999-11-24,42.609459728664824,42.90210711691115,41.84857651922438,42.1412239074707,1112600,0.0,0.0
1999-11-26,42.02416933826346,43.311817980940056,41.84858088698938,42.082698822021484,359500,0.0,0.0
1999-11-29,41.90710669696246,42.43387200460584,40.26828129540527,40.912105560302734,1084700,0.0,0.0
1999-11-30,39.682983923847736,41.61445659270758,39.39033654977806,40.7950439453125,1277900,0.0,0.0
1999-12-01,41.029173300299846,42.43388108804192,40.97064380914392,41.555938720703125,879300,0.0,0.0
1999-12-02,43.955627889049296,45.88710021972656,43.60445110165343,45.88710021972656,1525000,0.0,0.0
1999-12-03,46.82358492923884,47.35035025969278,45.770054268330966,46.88211441040039,1808600,0.0,0.0
1999-12-06,46.94063802734101,52.44240856919893,46.7065201319428,52.14976119995117,2047100,0.0,0.0
1999-12-07,51.50593450063895,51.50593450063895,48.637990420489736,50.4524040222168,1688500,0.0,0.0
1999-12-08,48.6965229080384,49.750053451721925,47.35034499110946,48.579463958740234,1876500,0.0,0.0
1999-12-09,49.398883892472384,49.51594285904223,44.423877813254194,45.94564437866211,1687600,0.0,0.0
1999-12-10,46.88211295242709,46.88211295242709,44.24828638206602,44.716522216796875,1187500,0.0,0.0
1999-12-13,44.83357582092285,46.00416526794434,42.96063270568848,43.31180953979492,1256100,0.0,0.0
1999-12-14,43.25328709442944,43.955640876747644,38.98063491866036,39.91710662841797,2381600,0.0,0.0
1999-12-15,39.91711177670859,43.487410630637065,39.91711177670859,43.19476318359375,2402900,0.0,0.0
1999-12-16,45.88711636812817,46.29682276427217,44.365349753879016,46.17976379394531,1430200,0.0,0.0
1999-12-17,47.057703369605946,47.23329181501493,45.24328943371318,46.06270217895508,1349800,0.0,0.0
1999-12-20,47.2332943520456,49.86712117465037,46.99917641225851,49.63300323486328,1461400,0.0,0.0
1999-12-21,51.74005845572444,56.42241668701172,50.74505733157589,56.42241668701172,2640100,0.0,0.0
1999-12-22,55.54447713105575,56.305360379426375,52.55947361821714,53.84712219238281,1931700,0.0,0.0
1999-12-23,54.08123592318278,54.959178064792894,52.208292687747885,53.495941162109375,1339100,0.0,0.0
1999-12-27,53.378886923307434,54.54947654881857,53.14476899820521,53.78859329223633,620900,0.0,0.0
1999-12-28,53.964179061086554,55.83712236906353,53.08623688547235,55.603004455566406,519100,0.0,0.0
1999-12-29,55.48593731708707,56.36387936324351,55.017701559136974,55.66152572631836,558200,0.0,0.0
1999-12-30,55.720065405013706,55.83712436594861,55.01771163940429,55.0177116394043,491600,0.0,0.0
1999-12-31,55.48595896634189,61.80714416503907,55.48595896634189,61.80714416503906,1193500,0.0,0.0
2000-01-03,60.92920340373133,61.28038036859434,56.305373366368435,57.88566970825195,1353500,0.0,0.0
2000-01-04,56.42241192162348,57.358883488787356,55.720058246250574,56.129764556884766,1611800,0.0,0.0
2000-01-05,56.07123957717342,56.53947539827717,52.67652987417127,54.90065002441406,1855800,0.0,0.0
2000-01-06,54.3153709787959,54.72507744092044,51.74007321687023,52.208309173583984,964700,0.0,0.0
2000-01-07,52.208294379593376,53.495942895682006,51.38888168753698,53.32035446166992,809200,0.0,0.0
2000-01-10,54.54948383720082,59.348901943048965,54.54948383720082,58.002723693847656,1109800,0.0,0.0
2000-01-11,57.885658743971355,59.23183685429627,55.661538387782365,56.305362701416016,1933400,0.0,0.0
2000-01-12,55.076242483992175,58.41242295326694,54.081241291401454,57.18330383300781,1405400,0.0,0.0
2000-01-13,57.24183624173388,57.76860160592161,55.72006963408042,56.89065933227539,1474900,0.0,0.0
2000-01-14,60.40241836099064,67.66007328033447,60.40241836099064,63.68006896972656,3204300,0.0,0.0
2000-01-18,63.97271982372609,67.77713591571346,63.504483997019946,65.26036834716797,1533900,0.0,0.0
2000-01-19,71.05478168228298,73.278901701992,69.76713324981985,72.3424301147461,3629200,0.0,0.0
2000-01-20,72.10832041105971,73.10332158556297,69.29890533010933,69.591552734375,3571000,0.0,0.0
2000-01-21,70.4695017654867,70.4695017654867,66.66508514193468,67.77714538574219,2060100,0.0,0.0
2000-01-24,67.77712840181395,69.7086009728501,66.19683266187529,66.7821273803711,1412500,0.0,0.0
2000-01-25,66.48948829564858,67.77713683658544,63.03624902677247,67.48448944091797,1786600,0.0,0.0
2000-01-26,67.25035722184889,67.30888668853457,62.74358828705135,65.02623748779297,1358600,0.0,0.0
2000-01-27,65.61155914695755,66.48950150842441,63.563026970201506,64.265380859375,1601800,0.0,0.0
2000-01-28,64.14831042431932,64.20683990463348,58.7635982354166,58.88065719604492,1414700,0.0,0.0
2000-01-31,60.16829606280824,61.28035600949438,58.52947087821813,60.636531829833984,1457700,0.0,0.0
2000-02-01,60.636549367930144,66.13832122177709,59.58301858740626,65.7286148071289,2122700,0.0,0.0
2000-02-02,65.72860733045508,68.12831605756874,65.49448940585862,67.25037384033203,1913500,0.0,0.0
2000-02-03,67.01625817637903,70.82067457940491,66.6065517945147,70.46949768066406,1477600,0.0,0.0
2000-02-04,70.23540378845844,70.64511031055778,68.0112826684906,68.12834167480469,1189800,0.0,0.0
2000-02-07,68.36243945074507,72.51803294475441,67.95273304992725,72.04979705810547,1175500,0.0,0.0
2000-02-08,71.81566257476807,72.69360466003418,69.06477737426758,72.57654571533203,1391800,0.0,0.0
2000-02-09,72.81067942301432,74.50803448994954,69.94273465474446,70.23538208007812,1990400,0.0,0.0
2000-02-10,71.17182938069082,74.21536155815457,70.93771152088591,73.92271423339844,1321300,0.0,0.0
2000-02-11,74.9177371605514,74.9177371605514,70.29390807017361,70.58655548095703,1251700,0.0,0.0
2000-02-14,71.34743224678256,72.98625759781612,70.23537218715265,72.40096282958984,1042400,0.0,0.0
2000-02-15,72.28390435504306,73.51302337646484,71.05478533362128,73.51302337646484,1146900,0.0,0.0
2000-02-16,74.44948883056641,75.79566669464111,74.03978252410889,74.917724609375,1135300,0.0,0.0
2000-02-17,74.21538781454396,76.14686084126318,72.34244427348293,75.50303649902344,1112800,0.0,0.0
2000-02-18,75.38596038818359,75.44448986053467,71.757133102417,72.57654571533203,884200,0.0,0.0
2000-02-22,72.63509011483407,79.13186288094735,72.10832475541947,77.96127319335938,2110400,0.0,0.0
2000-02-23,79.36597549261735,79.71715237532804,74.56655809557117,75.7956771850586,2520300,0.0,0.0
2000-02-24,76.67362911756649,80.53657531738281,76.55657014181448,80.53657531738281,1698100,0.0,0.0
2000-02-25,79.60008354355556,83.81420561350849,78.78067091884249,79.48302459716797,1878900,0.0,0.0
2000-02-28,79.36597649782698,79.83421234737169,74.33244111522144,79.54156494140625,1858700,0.0,0.0
2000-02-29,80.06831517712823,83.34596550601651,79.48302047554104,81.4730224609375,1461200,0.0,0.0
2000-03-01,81.47305221131394,83.98982034715195,81.47305221131394,83.8142318725586,1443000,0.0,0.0
2000-03-02,83.98981544568481,85.160405207994,77.96127816979245,78.6051025390625,2166900,0.0,0.0
2000-03-03,78.60509856530719,83.52157531846117,78.60509856530719,82.81922149658203,1293700,0.0,0.0
2000-03-06,82.81921014819947,84.51656498515904,81.47303217405913,81.64862060546875,1224500,0.0,0.0
2000-03-07,81.64861087141365,84.1653780882386,80.41949199808055,81.4730224609375,1380500,0.0,0.0
2000-03-08,81.47302106744078,81.47302106744078,75.56154468251871,76.90772247314453,1906100,0.0,0.0
2000-03-09,76.90773196955102,79.13185207217123,75.50302453631721,77.49302673339844,2270200,0.0,0.0
2000-03-10,78.19537523885916,85.04332351950774,78.0783162938908,83.87273406982422,2812800,0.0,0.0
2000-03-13,82.05833676156033,83.34598541259766,80.36098172155658,83.34598541259766,1506600,0.0,0.0
2000-03-14,84.75067278982579,87.5015578872856,76.3809585571289,76.3809585571289,1918700,0.0,0.0
2000-03-15,76.38097224028215,76.38097224028215,70.00125885009766,70.00125885009766,2123500,0.0,0.0
2000-03-16,73.04479558844315,73.6886199085336,66.95772928940622,71.1718521118164,3301100,0.0,0.0
2000-03-17,71.87419486907592,80.53655711714043,71.69860644512866,77.72714233398438,2397900,0.0,0.0
2000-03-20,75.09332241069603,81.23891777556203,75.09332241069603,79.36597442626953,2033100,0.0,0.0
2000-03-21,82.05832345801664,82.05832345801664,75.85419914521367,77.72714233398438,2103400,0.0,0.0
2000-03-22,77.9612642288208,84.2824478149414,77.9612642288208,84.2824478149414,1980900,0.0,0.0
2000-03-23,84.22392374602386,84.28245322743179,81.82421500829837,82.58509826660156,1063400,0.0,0.0
2000-03-24,84.22392175176473,88.73069171346444,82.64362579116873,85.86274719238281,1557600,0.0,0.0
2000-03-27,85.62862626834136,88.90627703459367,82.64362289193302,83.4630355834961,1290900,0.0,0.0
2000-03-28,85.21892600014688,85.21892600014688,80.887744321568,80.94627380371094,1042800,0.0,0.0
2000-03-29,81.59009636266909,81.76568480534341,75.15185346461055,78.42950439453125,1911600,0.0,0.0
2000-03-30,78.48806491839849,79.77571400729093,72.22540798605797,74.68364715576172,1510900,0.0,0.0
2000-03-31,76.08833371139156,77.55157089814908,71.23038625135655,76.79068756103516,1766700,0.0,0.0
2000-04-03,76.79068502648082,76.79068502648082,67.77714425355548,69.41596984863281,2758700,0.0,0.0
2000-04-04,71.17184822936777,77.1418552354496,65.49448862554485,75.7956771850586,3298300,0.0,0.0
2000-04-05,73.98125028062141,83.46302444633396,72.34242511617725,81.4730224609375,2699600,0.0,0.0
2000-04-06,84.28246515447444,90.72070902044123,83.81422923694957,90.13541412353516,3726800,0.0,0.0
2000-04-07,91.77420043945312,92.65214240794279,88.37949149462641,91.77420043945312,2408100,0.0,0.0
2000-04-10,92.53510419686002,93.23745792890449,86.6821564298227,88.14539337158203,2269500,0.0,0.0
2000-04-11,86.44801442809023,87.50154473256256,83.81418866690942,86.3309555053711,3048500,0.0,0.0
2000-04-12,86.5651161255967,88.49658930486966,78.89775289878591,79.0733413696289,2065600,0.0,0.0
2000-04-13,79.2489206637221,87.09187145318943,76.79068235657562,78.07833099365234,2702900,0.0,0.0
2000-04-14,78.19539173951107,79.95127628455997,68.42096777207217,70.64508819580078,2948200,0.0,0.0
2000-04-17,68.83066141297961,81.82420463889923,68.83066141297961,81.70714569091797,2273500,0.0,0.0
2000-04-18,81.70717363078768,88.0283589833128,78.4295219665154,86.09688568115234,1935000,0.0,0.0
2000-04-19,92.24246025344249,95.52011112539222,86.15539434839297,86.27245330810547,5119200,0.0,0.0
2000-04-20,87.20892062673005,93.12039779672988,84.9262710264331,90.19392395019531,2861200,0.0,0.0
2000-04-24,88.61362113952637,88.73068008422852,81.47302551269532,86.62361907958984,2358700,0.0,0.0
2000-04-25,88.96480463436177,100.20246416712325,88.96480463436177,96.80775451660156,2989700,0.0,0.0
2000-04-26,96.86630666656961,100.20248762124905,94.64218603011665,95.69571685791016,2680900,0.0,0.0
2000-04-27,94.23247164498193,103.59718932398634,93.7642357610317,101.0804214477539,2375800,0.0,0.0
2000-04-28,102.36805472373962,104.88482222123578,101.25599466670643,103.01187896728516,1739800,0.0,0.0
2000-05-01,103.07041867028786,108.10395416469147,102.07541746790577,102.3680648803711,2287800,0.0,0.0
2000-05-02,101.60716706735117,107.4015850049478,101.02187232617979,101.13893127441406,2161500,0.0,0.0
2000-05-03,100.72924874175436,100.72924874175436,91.0718832319406,93.82276916503906,2521600,0.0,0.0
2000-05-04,95.28598524119757,99.20746006377756,93.88127784206443,98.27098846435547,2134900,0.0,0.0
2000-05-05,99.26599739171282,102.77776616736303,97.86128988145273,101.72423553466797,2128700,0.0,0.0
2000-05-08,101.49011952511265,102.66070913901244,94.75922924518879,94.99334716796875,1505100,0.0,0.0
2000-05-09,94.99332949829102,97.27597882080079,87.56008683268229,87.79420471191406,2436300,0.0,0.0
2000-05-10,84.51656791142055,84.51656791142055,77.14185353687832,78.66361999511719,3757800,0.0,0.0
2000-05-11,78.72214340301882,79.89273289600051,75.15184544942466,77.72714233398438,3290400,0.0,0.0
2000-05-12,79.07332428889488,86.09686160545105,78.78067690070503,82.3509750366211,2319000,0.0,0.0
2000-05-15,82.11685105521931,83.75567630792504,77.20037529710213,81.41449737548828,2004100,0.0,0.0
2000-05-16,83.93128556964778,85.57011122930618,81.06334066524559,83.58010864257812,2311200,0.0,0.0
2000-05-17,83.34595527023565,86.38948734471055,81.99977762191021,85.6871337890625,2190100,0.0,0.0
2000-05-18,85.68718675345428,86.5651292406823,83.93130177899826,84.98483276367188,2049900,0.0,0.0
2000-05-19,84.80921603515085,84.80921603515085,77.84420795496938,79.36597442626953,2217500,0.0,0.0
2000-05-22,78.60508591465695,79.54155752644736,71.69860777770273,79.13185119628906,2632600,0.0,0.0
2000-05-23,76.79068185799937,76.79068185799937,69.65008491693541,70.46949768066406,5671200,0.0,0.0
2000-05-24,69.29893049957059,69.76716651645958,60.87068219556877,66.02127838134766,6567300,0.0,0.0
2000-05-25,66.9577314560168,73.10332743755681,66.7236135138629,69.41596984863281,4950200,0.0,0.0
2000-05-26,69.708638260045,71.64011186422762,66.48951558640734,68.12834167480469,1521800,0.0,0.0
2000-05-30,70.87919801654238,79.42450182365648,70.87919801654238,79.19038391113281,2445500,0.0,0.0
2000-05-31,79.71716248711874,82.58510739304299,79.36598555986271,80.53657531738281,3308400,0.0,0.0
2000-06-01,81.12185469917628,86.15538969494047,81.12185469917628,84.80921173095703,2172000,0.0,0.0
2000-06-02,92.47658234555126,94.58364371544991,90.36952097565263,92.97408294677734,2866000,0.0,0.0
2000-06-05,92.88629469275475,95.98835746447244,88.61364219586054,89.90129089355469,2083200,0.0,0.0
2000-06-06,90.19392967224121,92.4180499367092,85.45304174008577,86.1553955078125,1820800,0.0,0.0
2000-06-07,86.38951286632344,89.0233394781016,84.8677463795183,88.90628051757812,1508200,0.0,0.0
2000-06-08,90.48658512049268,91.77423380914135,85.74569676683168,87.67716979980469,1353900,0.0,0.0
2000-06-09,88.32097772049578,89.43303774480951,84.92626817259071,85.45303344726562,1283100,0.0,0.0
2000-06-12,87.20890568324498,87.20890568324498,81.47301792689733,81.94125366210938,1376900,0.0,0.0
2000-06-13,82.17538263876435,83.05332476097337,78.42949625067253,81.590087890625,2008500,0.0,0.0
2000-06-14,82.40949825685752,83.22891088157058,79.42449512397418,79.48302459716797,2611000,0.0,0.0
2000-06-15,80.06831517712823,81.94125822220725,78.7806668336364,81.4730224609375,1800300,0.0,0.0
2000-06-16,81.94127038536426,82.35097673729109,74.80067396606823,75.62008666992188,3372100,0.0,0.0
2000-06-19,76.32244648854773,78.60509634518374,73.33744282986986,78.07833099365234,3853900,0.0,0.0
2000-06-20,77.31743874586266,80.00979467493887,75.03478915381979,76.67361450195312,2435400,0.0,0.0
2000-06-21,74.91773154081231,76.73214535156636,73.86420094101963,74.21537780761719,2149000,0.0,0.0
2000-06-22,74.91773817274306,78.5465661154853,74.33244334326851,75.85420989990234,2832000,0.0,0.0
2000-06-23,76.08832783169217,77.20038800769383,74.56656127505833,75.85420989990234,1541200,0.0,0.0
2000-06-26,75.97126214060498,78.95626550668422,71.75713974143429,74.21537780761719,1966900,0.0,0.0
2000-06-27,73.39597249031067,75.56156338516034,68.53802534781003,71.1718521118164,3047500,0.0,0.0
2000-06-28,71.40596172360519,74.39096504155917,70.52801957126579,72.40096282958984,1963800,0.0,0.0
2000-06-29,72.10832560221354,72.75214993794758,69.06479237874349,70.23538208007812,1803600,0.0,0.0
2000-06-30,71.64008845115195,73.74714987618583,68.74287899173036,68.83067321777344,2474600,0.0,0.0
2000-07-03,69.53304547133895,72.8692269459739,68.88922097623397,72.6351089477539,931400,0.0,0.0
2000-07-05,69.5330305833083,70.35244340163011,66.48949725811299,68.47949981689453,2305500,0.0,0.0
2000-07-06,68.713605532658,70.93772564359583,67.83566338360359,70.87919616699219,2187200,0.0,0.0
2000-07-07,72.57655632801544,75.85420725895808,71.52302567164104,73.04479217529297,2111400,0.0,0.0
2000-07-10,73.27890616335704,75.67861475177368,72.69361138569444,74.21537780761719,1359000,0.0,0.0
2000-07-11,74.27391137017143,74.74214721805274,70.05978873923972,71.11331939697266,1760300,0.0,0.0
2000-07-12,71.52303437010882,73.04480105883454,67.71861764829453,68.36244201660156,4130200,0.0,0.0
2000-07-13,68.94770521276136,69.76711766860063,63.914171555463,67.6600570678711,5574900,0.0,0.0
2000-07-14,67.95273302007018,70.70361885292402,67.77714456265399,70.52803039550781,3423900,0.0,0.0
2000-07-17,70.70360405837434,73.98125457763672,69.82566195500048,73.98125457763672,2637400,0.0,0.0
2000-07-18,71.23037126485039,71.52301864063038,63.21183316847857,63.68006896972656,3903000,0.0,0.0
2000-07-19,64.61655310101729,66.25537872314453,63.03625696539458,66.25537872314453,7057300,0.0,0.0
2000-07-20,65.55304236445868,68.24539946157037,64.67509983279182,66.02127838134766,3983200,0.0,0.0
2000-07-21,65.08477711070667,65.6115423930775,64.03124654596502,64.3824234008789,2169300,0.0,0.0
2000-07-24,64.44096582652045,65.20184916507155,60.05125425795639,61.573020935058594,2468700,0.0,0.0
2000-07-25,62.27536903433249,62.56801644520811,58.52948217512452,60.226837158203125,2761900,0.0,0.0
2000-07-26,57.47595950423694,59.3489031948027,56.30536969763333,57.12478256225586,2727300,0.0,0.0
2000-07-27,57.24184570825688,57.827140654149076,52.03272068981633,52.208309173583984,3489100,0.0,0.0
2000-07-28,54.31535884084682,57.12477395330441,52.44241543254176,56.07124328613281,3074300,0.0,0.0
2000-07-31,56.07124103818621,59.81712770462036,55.95418207986014,58.99771499633789,2636900,0.0,0.0
2000-08-01,58.88066727216126,58.88066727216126,56.65654663961441,57.12478256225586,1856400,0.0,0.0
2000-08-02,56.188297130741816,59.17330041581247,55.01770760718469,55.42741394042969,1581700,0.0,0.0
2000-08-03,44.482410137469955,50.920653709998504,43.019172961895286,50.218299865722656,11093800,0.0,0.0
2000-08-04,51.50594732212526,51.62300629331191,45.77005773397949,48.05270767211914,5536400,0.0,0.0
2000-08-07,48.63798899639712,52.09122768567201,48.228282711228914,51.38887405395508,2597500,0.0,0.0
2000-08-08,51.38887973260023,51.97417449037472,48.05269961328564,48.87211227416992,2261200,0.0,0.0
2000-08-09,50.15976732679942,50.335355777184944,47.99417643871123,48.228294372558594,2070900,0.0,0.0
2000-08-10,48.22829673532616,50.45241721583878,47.643001872033366,49.51594543457031,2534100,0.0,0.0
2000-08-11,49.515948039729416,51.27183272198933,48.28682876214748,50.393890380859375,1591700,0.0,0.0
2000-08-14,50.3938715931647,54.256816453964774,49.63298851452225,53.9056396484375,2231900,0.0,0.0
2000-08-15,54.95918100199122,56.598006420580944,54.02270933422566,55.134769439697266,3839700,0.0,0.0
2000-08-16,56.42240923300557,58.939176449830505,55.60299665078349,56.01270294189453,2821000,0.0,0.0
2000-08-17,56.42242604864786,60.40243120560642,55.720072197419874,59.29037094116211,3377100,0.0,0.0
2000-08-18,62.97771416779991,64.67506891767556,62.09977205579526,62.62653732299805,3184900,0.0,0.0
2000-08-21,63.855665053060854,63.855665053060854,58.99771803252552,60.226837158203125,2296700,0.0,0.0
2000-08-22,59.992714734672916,60.343891601412466,58.58800726771472,59.524478912353516,1825800,0.0,0.0
2000-08-23,59.93419638708178,63.32890672931884,59.70007843244475,62.97772979736328,1910200,0.0,0.0
2000-08-24,65.55302487143987,65.55302487143987,64.1483171956233,64.73361206054688,1701000,0.0,0.0
2000-08-25,64.616555458258,64.96773239009636,62.802141310426485,63.73861312866211,750700,0.0,0.0
2000-08-28,63.97273437868364,64.61655878688632,62.74361505393309,63.03626251220703,1117300,0.0,0.0
2000-08-29,63.09477938845601,63.680074187977866,62.80213198869509,63.1533088684082,814300,0.0,0.0
2000-08-30,63.21183153775915,63.504478905989515,59.93418101357905,60.34388732910156,1456100,0.0,0.0
2000-08-31,60.69506154091394,61.22182678090259,59.9341784164859,60.709693908691406,1851900,0.0,0.0
2000-09-01,61.280351890496846,61.39741082438509,59.465938415229026,59.87564468383789,1108800,0.0,0.0
2000-09-05,61.45596167620491,61.45596167620491,59.173311671088726,59.700077056884766,903800,0.0,0.0
2000-09-06,58.529487022986785,58.529487022986785,55.3688947237455,55.54448318481445,2326000,0.0,0.0
2000-09-07,55.60300788494071,58.295364056211525,55.251830993035824,57.94418716430664,2260400,0.0,0.0
2000-09-08,56.129768798225804,56.18829827559622,53.14476545233475,53.378883361816406,2913100,0.0,0.0
2000-09-11,53.55447006225587,56.12976698328237,52.20829212626473,53.55447006225586,2242600,0.0,0.0
2000-09-12,53.3788806109612,53.3788806109612,49.80858267535963,50.159759521484375,2176600,0.0,0.0
2000-09-13,48.05270650407089,48.6965308299476,46.823587336488075,48.16976547241211,4241900,0.0,0.0
2000-09-14,49.0477071410244,50.276826293723104,47.760058504863856,48.228294372558594,2005700,0.0,0.0
2000-09-15,47.701521839003966,48.579463958740234,45.360342853040585,48.579463958740234,2983500,0.0,0.0
2000-09-18,45.41887865987833,47.70152848943407,44.482406934932385,44.83358383178711,3390000,0.0,0.0
2000-09-19,45.65300657691026,48.46242236625858,45.477418090075986,47.99418640136719,2783300,0.0,0.0
2000-09-20,47.93563934326171,48.228286714099696,45.243283531552265,46.09196090698242,2794300,0.0,0.0
2000-09-21,39.33181595475706,40.56093520334322,33.71298510407748,34.18122100830078,10066700,0.0,0.0
2000-09-22,35.585924393091446,37.45886778220152,35.23474750763331,36.522396087646484,6198600,0.0,0.0
2000-09-25,36.990631934924004,38.10269207220811,36.522396087646484,36.522396087646484,3623800,0.0,0.0
2000-09-26,35.995629854464184,37.985632155361394,35.64445297783527,36.2297477722168,2518000,0.0,0.0
2000-09-27,36.99063361672794,37.22475155101103,33.83004150390625,34.825042724609375,3185600,0.0,0.0
2000-09-28,34.53240045535019,36.93210963953554,34.18122350156697,35.82004928588867,3297000,0.0,0.0
2000-09-29,34.64945569719587,35.17622107097081,32.7179826600211,32.776512145996094,3765800,0.0,0.0
2000-10-02,33.24475080575516,33.83004571430719,31.020630153257454,31.371807098388672,2570400,0.0,0.0
2000-10-03,32.30828227740561,32.30828227740561,30.142690892869364,30.493867874145508,4361300,0.0,0.0
2000-10-04,30.727974456899307,32.249740810955274,29.381796528311337,31.84003448486328,6801300,0.0,0.0
2000-10-05,31.605923293661256,31.722982268822964,30.1426861041399,30.786510467529297,3499100,0.0,0.0
2000-10-06,30.552387754795916,31.547388888572794,29.08915079335933,31.079153060913086,3366700,0.0,0.0
2000-10-09,31.781511605811623,31.957100067722184,29.26474365176024,30.61092185974121,2380400,0.0,0.0
2000-10-10,29.967095106661677,31.02062579400525,28.386799075646316,29.323270797729492,2591600,0.0,0.0
2000-10-11,28.91356672793912,32.483865453453866,28.445330829510954,30.61092185974121,3929400,0.0,0.0
2000-10-12,32.074150041263536,32.776503691802155,29.323264909987284,30.318265914916992,3612900,0.0,0.0
2000-10-13,30.727990202991315,35.11770308913293,30.201224656654322,35.059173583984375,5487000,0.0,0.0
2000-10-16,34.41533523808807,34.41533523808807,31.781508561703777,32.2497444152832,3829700,0.0,0.0
2000-10-17,29.967099609375,29.967099609375,21.53885284423828,23.41179656982422,14557000,0.0,0.0
2000-10-18,22.709441550286694,24.816503137426697,21.71444024524836,22.76797103881836,6602500,0.0,0.0
2000-10-19,24.465321254730224,26.33826450868086,23.5288496277549,25.75296974182129,6010600,0.0,0.0
2000-10-20,26.221212518188747,26.982095917154044,25.57738810367965,26.396800994873047,4676500,0.0,0.0
2000-10-23,26.51385911957162,29.03062720376937,26.33827064858108,28.56239128112793,4225000,0.0,0.0
2000-10-24,28.094151814778648,28.503858195410835,27.157680087619358,27.39179801940918,3245000,0.0,0.0
2000-10-25,27.04061979860873,27.0991492786923,25.460323836352377,25.987089157104492,2813300,0.0,0.0
2000-10-26,27.625911312718543,29.03061866760254,26.279733430954717,29.03061866760254,3314800,0.0,0.0
2000-10-27,28.32826523472843,28.386794708353904,25.57737997433125,26.279733657836914,4171300,0.0,0.0
2000-10-30,26.22120820732527,28.21121061591692,25.577383898663268,27.216209411621094,3065800,0.0,0.0
2000-10-31,28.09415222167969,30.43533157348633,27.742975318908695,29.264741897583008,4686300,0.0,0.0
2000-11-01,28.094147097679876,30.259737603126034,27.68444078583871,29.03061866760254,2290900,0.0,0.0
2000-11-02,30.903569296258816,31.840041093115143,30.31827442322361,30.61092185974121,2872800,0.0,0.0
2000-11-03,30.90356492810676,30.90356492810676,29.55738691040514,30.084152221679688,2400400,0.0,0.0
2000-11-06,30.20121530386118,30.845039661114036,29.967097355769234,30.435333251953125,1469900,0.0,0.0
2000-11-07,30.435330800742033,30.55238976536027,28.91356426070493,29.147682189941406,2196300,0.0,0.0
2000-11-08,29.498857534615095,29.557387013850445,27.56738471984863,27.567384719848633,1538900,0.0,0.0
2000-11-09,26.80650253136621,28.62091645816174,26.39679616079948,28.035621643066406,1957300,0.0,0.0
2000-11-10,26.806507373678276,27.918567723241345,26.630918897431474,27.157684326171875,2041700,0.0,0.0
2000-11-13,26.80650059323469,32.19121250279275,26.68944163867908,31.722976684570312,3834700,0.0,0.0
2000-11-14,32.015631400817654,33.12769172369797,31.196218531326892,32.89357376098633,2695400,0.0,0.0
2000-11-15,32.89356046289831,33.88856140216747,32.249736325724136,33.47885513305664,2380200,0.0,0.0
2000-11-16,32.65944656657282,32.89356446310739,31.196209713231738,31.313268661499023,1339000,0.0,0.0
2000-11-17,30.90357117154705,32.54239691549272,30.201217281284617,31.371807098388672,1389800,0.0,0.0
2000-11-20,31.430334531343902,35.82004605806791,30.845039661114036,34.239749908447266,2875400,0.0,0.0
2000-11-21,34.298277124368916,35.52739627046405,30.142683820904427,31.020626068115234,2196400,0.0,0.0
2000-11-22,31.430332450146945,33.77151177604243,30.66944916923091,31.020626068115234,2333400,0.0,0.0
2000-11-24,32.5423990224863,36.054168701171875,32.249751549262506,36.054168701171875,1988300,0.0,0.0
2000-11-27,36.463879357213564,36.81505636546923,31.957107751265816,32.308284759521484,2441400,0.0,0.0
2000-11-28,32.65945076360935,33.18621609850628,28.620916529399594,28.796504974365234,2984600,0.0,0.0
2000-11-29,28.562384159607294,29.908562101555997,27.86003045076449,29.6744441986084,2943600,0.0,0.0
2000-11-30,28.0356223845928,28.97209411351448,26.923562206498303,28.152681350708008,2353400,0.0,0.0
2000-12-01,28.152679477419174,31.137682914733887,28.152679477419174,29.498857498168945,1936700,0.0,0.0
2000-12-04,29.381799697875977,30.90356621609266,28.855034364647125,29.381799697875977,1538400,0.0,0.0
2000-12-05,30.43533802032471,33.712989807128906,30.259749531745914,33.712989807128906,2413700,0.0,0.0
2000-12-06,32.835047364234924,35.059168219566345,32.71798837184906,33.712989807128906,2066300,0.0,0.0
2000-12-07,32.71797180175781,33.186207534162214,31.37179407109515,32.71797180175781,1497300,0.0,0.0
2000-12-08,34.06415308941441,35.995625687267804,33.65444678077884,35.87856674194336,2393100,0.0,0.0
2000-12-11,35.46886666615804,38.98063564300537,34.12268855836657,37.92710494995117,2784500,0.0,0.0
2000-12-12,37.927106323242185,37.927106323242185,34.942102584838864,35.11769104003906,2880700,0.0,0.0
2000-12-13,35.41033901487078,36.40534027644566,32.65945317404611,32.776512145996094,3062500,0.0,0.0
2000-12-14,32.71797180175781,33.53738433346552,31.957088736600653,32.71797180175781,1455600,0.0,0.0
2000-12-15,32.1912257567696,33.06916827740877,30.4938702168672,32.308284759521484,2206100,0.0,0.0
2000-12-18,32.42533788350979,32.952103300389915,31.488866031278462,32.1326904296875,1447500,0.0,0.0
2000-12-19,31.722994838687157,35.35182450658126,31.547406306369698,32.54240798950195,1957300,0.0,0.0
2000-12-20,31.196212499238538,32.30827260709132,29.323269159697013,30.259740829467773,1697900,0.0,0.0
2000-12-21,30.259747736662334,32.30827998189093,29.615923316733348,30.142688751220703,1828200,0.0,0.0
2000-12-22,30.9621034860611,34.00563728809357,30.9621034860611,33.712989807128906,2014500,0.0,0.0
2000-12-26,33.94710514188228,34.064164125130155,32.19122039316424,33.59592819213867,787400,0.0,0.0
2000-12-27,33.88856630168978,36.69798112462779,32.83503574308802,35.702980041503906,1926700,0.0,0.0
2000-12-28,35.23474254265889,36.34680252324115,34.47385939804998,35.87856674194336,1208200,0.0,0.0
2000-12-29,35.82004726333106,36.69798959821663,34.00563310456756,34.883575439453125,1107600,0.0,0.0
2001-01-02,34.883573099772136,36.2882807413737,33.303277002970376,35.11769104003906,2056700,0.0,0.0
2001-01-03,33.77150624311423,37.868569392192214,31.488856774342214,36.99062728881836,4110600,0.0,0.0
2001-01-04,36.99063609289744,39.91711046733553,36.171223268054774,36.87357711791992,4219700,0.0,0.0
2001-01-05,36.639456040658835,36.6979855231519,32.6594512311304,34.12268829345703,3563300,0.0,0.0
2001-01-08,34.29827397102813,37.224747859341115,32.13268329367653,37.107688903808594,2311300,0.0,0.0
2001-01-09,37.10768623593487,38.62945254844956,35.99562623832799,36.99062728881836,3100800,0.0,0.0
2001-01-10,34.88356678232716,37.92709945461074,34.707978358926184,36.932098388671875,3218100,0.0,0.0
2001-01-11,36.11269376381274,39.15622711181641,35.64445786411987,39.156227111816406,3727700,0.0,0.0
2001-01-12,39.09768753051758,40.03415908813477,36.99062652587891,37.4588623046875,3403900,0.0,0.0
2001-01-16,36.05415877126145,36.46386512093488,33.595920673220895,34.35680389404297,3289100,0.0,0.0
2001-01-17,36.054160414942054,37.458867963576154,35.05915923465956,35.351806640625,5248900,0.0,0.0
2001-01-18,34.76651638962153,37.16622543334961,34.41533945639303,37.16622543334961,4699100,0.0,0.0
2001-01-19,37.166219787597655,37.4588671875,35.93710070800781,36.58092498779297,2783800,0.0,0.0
2001-01-22,35.87856179834382,37.049151090296306,35.176208223172324,35.99562072753906,2143100,0.0,0.0
2001-01-23,35.76150951698178,35.995627418893285,34.825037909335784,35.702980041503906,1667700,0.0,0.0
2001-01-24,35.937105312317755,38.278284811491545,35.937105312317755,37.63446044921875,3859800,0.0,0.0
2001-01-25,37.45886684041802,37.51739631985617,35.937100375026034,36.2297477722168,1589300,0.0,0.0
2001-01-26,36.28828051719243,38.10269454305206,35.4103382466152,37.049163818359375,2057800,0.0,0.0
2001-01-29,36.850148866637326,39.33179955309609,36.41937287175433,38.882293701171875,1437800,0.0,0.0
2001-01-30,38.8823135240116,40.02481037950443,38.442170590038444,39.200714111328125,2221600,0.0,0.0
2001-01-31,40.45558233393303,41.25158193222525,39.89369711247111,41.03619384765625,2983500,0.0,0.0
2001-02-01,40.83016903033955,41.11111342808212,38.39534378051758,38.39534378051758,2985000,0.0,0.0
2001-02-02,38.39533301153486,39.53782942966597,36.76587096555041,36.87825012207031,1627200,0.0,0.0
2001-02-05,36.47557021026837,36.48493335460536,34.67754284733067,35.14577865600586,2027300,0.0,0.0
2001-02-06,35.30498779180738,37.458872230595325,35.30498779180738,35.49228286743164,1761600,0.0,0.0
2001-02-07,35.4922817241783,36.38192705311314,32.54239420209612,32.776512145996094,3470100,0.0,0.0
2001-02-08,33.15109267103528,34.87420038131513,32.785865783691406,32.785865783691406,2519700,0.0,0.0
2001-02-09,33.01062751881429,33.581875829014706,32.40191948314196,32.870155334472656,2089700,0.0,0.0
2001-02-12,33.05744727742319,34.349779105694516,32.35509356654725,33.572505950927734,2143600,0.0,0.0
2001-02-13,33.33838983302309,34.705641178420024,32.87015400069212,32.898250579833984,2176100,0.0,0.0
2001-02-14,34.36851091566036,37.30903138037044,32.58921331826406,36.85015869140625,3573100,0.0,0.0
2001-02-15,38.34851898819727,40.26828536679412,36.756516294108586,39.050872802734375,3222000,0.0,0.0
2001-02-16,36.803336881541796,37.30903245396696,35.71702985875219,36.522396087646484,2576700,0.0,0.0
2001-02-20,36.38192110495275,36.75651118289268,33.84408386535917,34.49961471557617,1832600,0.0,0.0
2001-02-21,33.244740768960526,36.494298263333825,33.0199860200945,35.53909683227539,3457800,0.0,0.0
2001-02-22,35.58592602822405,36.47557489340089,34.32169061142699,34.9210319519043,3204900,0.0,0.0
2001-02-23,34.92103920981684,35.492287660047616,31.84004569545026,33.55379104614258,3103200,0.0,0.0
2001-02-26,33.85345188228643,34.04074335609381,32.7765080461146,33.54441452026367,2634300,0.0,0.0
2001-02-27,33.52569604404994,34.23741674670612,30.903575224335327,30.997220993041992,2502000,0.0,0.0
2001-02-28,31.746388972874502,31.746388972874502,28.674761452443466,29.246007919311523,3067200,0.0,0.0
2001-03-01,28.197159541948253,29.246006700002084,27.204498391782238,29.03061866760254,4585300,0.0,0.0
2001-03-02,28.094151468560668,32.77651004665412,28.047328597250953,31.053401947021484,4380700,0.0,0.0
2001-03-05,32.87016395518675,34.27487187758545,32.07416422810361,34.134403228759766,2880400,0.0,0.0
2001-03-06,35.445447460097334,36.24145043721432,33.71297648627276,33.72233963012695,3017200,0.0,0.0
2001-03-07,33.94710639715658,34.508988108580596,32.87016228251097,33.881553649902344,2556000,0.0,0.0
2001-03-08,33.48822173786117,34.46215302705215,33.0199859533296,33.72233963012695,2089300,0.0,0.0
2001-03-09,30.997207748867552,32.77650517291064,30.997207748867552,31.512269973754883,2959800,0.0,0.0
2001-03-12,31.27816057765192,32.38319762378406,29.498862670189915,30.528980255126953,3721800,0.0,0.0
2001-03-13,31.34371972000024,32.46748328853257,30.53835320949008,32.308284759521484,2588800,0.0,0.0
2001-03-14,31.1376997309623,33.05746696982826,30.013932409659013,32.54240798950195,3168400,0.0,0.0
2001-03-15,33.666164846791865,33.666164846791865,30.678817259173343,30.90357208251953,2381000,0.0,0.0
2001-03-16,30.013918984694588,30.92229772872817,29.264742296378543,29.42394256591797,2247200,0.0,0.0
2001-03-19,29.433307384979692,32.96380631076555,29.049354110417106,32.72032165527344,2305100,0.0,0.0
2001-03-20,32.870161012509996,33.71298711943862,30.65072369407348,30.725643157958984,2454400,0.0,0.0
2001-03-21,30.725635524623605,32.7765071121653,30.43532803272492,30.866104125976562,4401600,0.0,0.0
2001-03-22,31.39990297443001,33.712989807128906,30.444701167878524,33.712989807128906,4301100,0.0,0.0
2001-03-23,35.11768486754552,36.0447933198852,34.0969306845013,35.47354507446289,3721400,0.0,0.0
2001-03-26,35.4735486726042,36.0541601210471,34.5183471186366,35.19260787963867,2514600,0.0,0.0
2001-03-27,34.27486996198322,36.98127674199176,33.87218676094609,35.211341857910156,2805800,0.0,0.0
2001-03-28,35.11768529312896,35.11768529312896,32.0179629852074,32.24271774291992,2619500,0.0,0.0
2001-03-29,32.74841265282442,34.64944883779849,31.14704351857374,32.205257415771484,3323300,0.0,0.0
2001-03-30,31.971149455611314,31.971149455611314,30.013923080824142,30.90357208251953,2594200,0.0,0.0
2001-04-02,31.35306723682204,31.530995546247357,26.848639556812092,27.831933975219727,3638700,0.0,0.0
2001-04-03,28.094156199488147,28.384461980086254,26.651988657215483,27.157684326171875,3939800,0.0,0.0
2001-04-04,26.68945077200916,27.0640391975385,24.582388868955807,25.05062484741211,3556100,0.0,0.0
2001-04-05,26.31485627154226,29.498859832763674,26.239938603731574,29.264741897583008,3200000,0.0,0.0
2001-04-06,28.140970002929013,29.133631154549192,26.970380538810872,27.728923797607422,2992500,0.0,0.0
2001-04-09,27.728932740471873,28.37509704701169,25.57504636013744,27.157684326171875,2317800,0.0,0.0
2001-04-10,27.157681579318286,30.24803773421772,26.436597881115695,29.74234390258789,3015700,0.0,0.0
2001-04-11,33.01062523691278,33.52568392330125,30.060738148501656,31.13768196105957,3776500,0.0,0.0
2001-04-12,30.43533140321252,33.14173414718274,29.77043732838474,32.420650482177734,3708800,0.0,0.0
2001-04-16,32.214633195646236,32.67350240343132,30.613263610856862,31.371807098388672,1991400,0.0,0.0
2001-04-17,31.371800508511757,33.01998905294325,29.87344550012337,31.184505462646484,3223500,0.0,0.0
2001-04-18,32.776512145996094,35.304986654587054,32.327006122390905,32.776512145996094,5496400,0.0,0.0
2001-04-19,33.151104796501556,36.14781184754816,32.77651462894244,35.60466003417969,4832200,0.0,0.0
2001-04-20,36.75651773767789,36.75651773767789,34.1812203165667,34.930397033691406,3097300,0.0,0.0
2001-04-23,34.44342598205051,34.44342598205051,32.55175282925382,32.9825325012207,1798500,0.0,0.0
2001-04-24,33.619329839753114,35.679564377517345,32.77650402168197,33.52568054199219,3434800,0.0,0.0
2001-04-25,33.01062662322828,35.02404215826827,32.54239078460093,34.246768951416016,2505600,0.0,0.0
2001-04-26,35.02403722593084,35.820036610556585,34.040739245403756,34.574527740478516,3643700,0.0,0.0
2001-04-27,35.21132974591338,36.12907503190963,34.41533033712615,35.15514373779297,2462900,0.0,0.0
2001-04-30,36.14780144063724,37.92709886575047,35.211329863705124,36.99062728881836,3140300,0.0,0.0
2001-05-01,36.98127598490215,36.98127598490215,34.93976700778714,35.82004928588867,2921600,0.0,0.0
2001-05-02,36.47557681978332,36.70969476654399,35.35180996086085,35.71703338623047,1988300,0.0,0.0
2001-05-03,34.74309922919864,35.00531373883959,34.134394757307945,34.602630615234375,1806000,0.0,0.0
2001-05-04,33.525690736792306,34.22804460797799,33.05745482266851,33.432044982910156,2663700,0.0,0.0
2001-05-07,34.087571330320095,34.41533499658323,32.91698170458597,32.99189758300781,2090200,0.0,0.0
2001-05-08,33.619339344370715,33.79726770188594,32.82333616396203,33.656795501708984,1398200,0.0,0.0
2001-05-09,33.478858184814456,34.95848496058024,32.598576206702276,33.94709396362305,2950700,0.0,0.0
2001-05-10,37.458876572646105,37.55252233513498,35.81068757528669,36.054168701171875,6019900,0.0,0.0
2001-05-11,36.475575250928394,36.981270851546434,35.75449157723738,36.26955032348633,2343500,0.0,0.0
2001-05-14,36.05416702293891,36.138449634198494,34.7712015603046,35.13642501831055,1361000,0.0,0.0
2001-05-15,35.351804566717405,37.08427567945527,34.649450833603815,35.72639465332031,1860300,0.0,0.0
2001-05-16,35.58592918196263,39.33181646427449,34.97722106964436,38.592002868652344,3364300,0.0,0.0
2001-05-17,38.816745161638885,40.455570319239456,38.30168654086406,40.21208572387695,3370700,0.0,0.0
2001-05-18,39.472284107117154,40.54922443297755,39.40673137303679,39.987342834472656,2492400,0.0,0.0
2001-05-21,39.753223006078485,44.20146342740085,39.65957369590026,44.19209671020508,3151600,0.0,0.0
2001-05-22,43.59275131941071,44.210822419102136,42.796751905629,42.984046936035156,2189700,0.0,0.0
2001-05-23,42.141233008556696,42.178692739707664,40.521137146021644,40.642879486083984,2437500,0.0,0.0
2001-05-24,40.549225558579806,41.20475648993639,40.12781256182513,41.12983703613281,1755900,0.0,0.0
2001-05-25,41.354594034295125,42.37534842658106,41.22348855549156,41.663631439208984,2532400,0.0,0.0
2001-05-29,40.59604033005989,40.867617937370085,39.04149769740755,39.519100189208984,2512000,0.0,0.0
2001-05-30,38.39534226231455,38.40470540810274,36.428752990016555,36.97190475463867,2279800,0.0,0.0
2001-05-31,36.962544610123416,38.30169962501673,36.84080227085405,37.31840133666992,2218200,0.0,0.0
2001-06-01,38.02075048763456,39.800048188535044,37.327763413812434,39.097694396972656,2216700,0.0,0.0
2001-06-04,39.21007286417381,39.78132122790045,37.27157654381526,37.83346176147461,1414800,0.0,0.0
2001-06-05,38.863569686013655,41.1579257192976,38.02074385424224,40.70841979980469,1939700,0.0,0.0
2001-06-06,40.26828472456049,41.19539331679988,39.28499011436222,40.464942932128906,1711100,0.0,0.0
2001-06-07,40.46493095471502,43.78004078256774,40.26827280535642,43.65829849243164,2755300,0.0,0.0
2001-06-08,43.07769875871325,43.920524728587026,42.03821458665428,42.22550964355469,1431300,0.0,0.0
2001-06-11,42.047574203774545,42.047574203774545,39.85623062450822,40.30573654174805,1679900,0.0,0.0
2001-06-12,39.7906863169523,41.204757090729224,38.25486964279135,41.16729736328125,2495600,0.0,0.0
2001-06-13,41.1673017683456,42.075680608199896,39.34118094195124,39.61275863647461,3061800,0.0,0.0
2001-06-14,39.33180407639107,39.33180407639107,37.046814839905814,37.36521530151367,2596600,0.0,0.0
2001-06-15,37.36521208330959,38.62944710507926,36.61603206944825,37.66488265991211,2057400,0.0,0.0
2001-06-18,38.629460854240875,39.088333597437135,37.08428099112871,37.533790588378906,2163200,0.0,0.0
2001-06-19,38.44216027794604,38.76992749681254,35.34244142211245,35.72639465332031,2668500,0.0,0.0
2001-06-20,33.712983921595985,33.712983921595985,32.40192200681361,32.776512145996094,5495500,0.0,0.0
2001-06-21,32.7764982368709,33.385206061640424,31.60590901412551,32.102237701416016,3385100,0.0,0.0
2001-06-22,32.682865142822266,33.769172217925174,32.3270048814945,32.682865142822266,2102900,0.0,0.0
2001-06-25,32.82333928012394,33.09491698765883,31.765125036101054,32.53303527832031,1214300,0.0,0.0
2001-06-26,31.933690997953036,32.91698937044969,31.512281492433747,32.46747970581055,2023700,0.0,0.0
2001-06-27,31.88686590344313,32.26145607385908,30.92230103730351,31.371807098388672,1745400,0.0,0.0
2001-06-28,31.84003981049032,33.066819101001585,31.746394063519617,32.59858322143555,3120400,0.0,0.0
2001-06-29,32.776512145996094,35.11769158499582,30.997214343413777,32.776512145996094,3294200,0.0,0.0
2001-07-02,32.82333012964615,34.696273401778384,32.82333012964615,34.01264953613281,1911500,0.0,0.0
2001-07-03,34.76183352356356,35.07087094392137,33.88155128449355,34.64009475708008,1293800,0.0,0.0
2001-07-05,34.0875710205998,34.1718536157811,33.169825618689586,33.61933517456055,1857500,0.0,0.0
2001-07-06,32.68287385110831,32.74842660456191,30.238681387787565,30.341693878173828,2224900,0.0,0.0
2001-07-09,30.341681893365006,30.43532762634995,29.72360898136165,30.042011260986328,2285400,0.0,0.0
2001-07-10,30.435333987209795,30.894206748392268,28.281449527201627,28.496837615966797,1705400,0.0,0.0
2001-07-11,28.094147097679876,29.461394732401633,27.86939413523977,29.03061866760254,1791700,0.0,0.0
2001-07-12,30.201212995906484,32.4019201108518,30.126293543511288,32.12097930908203,2242900,0.0,0.0
2001-07-13,31.60591510026971,32.73904482872147,30.734996265051613,31.615278244018555,1763100,0.0,0.0
2001-07-16,31.793215627540754,31.83067535372869,29.030623337412532,29.217918395996094,2683500,0.0,0.0
2001-07-17,28.796502397360914,30.781821237179525,28.28144371935894,30.706905364990234,2988800,0.0,0.0
2001-07-18,29.498857498168945,30.43532916477748,29.077444533723924,29.498857498168945,2498800,0.0,0.0
2001-07-19,30.43532761182377,31.296879786412344,30.332315162176066,31.090858459472656,1746800,0.0,0.0
2001-07-20,30.482157790714705,31.268794282129896,30.20121695214283,30.809925079345703,1815000,0.0,0.0
2001-07-23,30.969117507749736,31.165775698967423,29.70488040962281,30.004552841186523,1209500,0.0,0.0
2001-07-24,30.004552067954805,30.80991824630785,29.274103549017536,29.564409255981445,1561400,0.0,0.0
2001-07-25,29.676791804361997,29.84535701393599,28.047331088777103,29.1242733001709,2121100,0.0,0.0
2001-07-26,29.264745108665533,30.9972165901559,28.412555873995455,30.809925079345703,2211800,0.0,0.0
2001-07-27,30.903566264556936,32.21462808048056,30.575802596754055,31.81194496154785,1840500,0.0,0.0
2001-07-30,31.76512015226907,32.63603916849124,30.73500265274163,31.802579879760742,1214600,0.0,0.0
2001-07-31,31.811931643252645,33.07616648676104,31.643366521137587,31.8212947845459,1600400,0.0,0.0
2001-08-01,33.057450389476145,33.94709922147568,32.6079444008814,32.870155334472656,1902900,0.0,0.0
2001-08-02,32.87014690597347,34.13438552380637,32.87014690597347,33.58186721801758,2507300,0.0,0.0
2001-08-03,33.4788646925846,33.4788646925846,32.4112874809575,32.682865142822266,1042900,0.0,0.0
2001-08-06,32.2052740712134,32.72969971899406,31.914970014420547,32.43939208984375,867800,0.0,0.0
2001-08-07,31.765114409805204,32.3925522286164,31.268785613513117,31.933679580688477,1325700,0.0,0.0
2001-08-08,31.840042757779642,32.167806474872975,30.060744821784613,30.154394149780273,1643400,0.0,0.0
2001-08-09,30.20121530386118,31.27815929402669,29.732979407677284,30.435333251953125,1175800,0.0,0.0
2001-08-10,30.341682765862554,30.76309214876845,29.171091421933088,30.369775772094727,1636000,0.0,0.0
2001-08-13,30.38850719834335,30.716270862447335,29.367752908533223,30.482152938842773,2104900,0.0,0.0
2001-08-14,30.491516227439323,30.856739575614963,29.985820711955082,30.107563018798828,1126200,0.0,0.0
2001-08-15,30.1169300342602,30.62262561474952,29.227281195774786,29.330293655395508,1289900,0.0,0.0
2001-08-16,29.03062155411008,29.358386993408203,28.34699766877665,29.358386993408203,1873500,0.0,0.0
2001-08-17,28.09414845300601,28.56238426055611,27.728925094693846,28.21588897705078,2269800,0.0,0.0
2001-08-20,28.000501665118623,28.86205564494587,27.822571553475523,28.787137985229492,906200,0.0,0.0
2001-08-21,28.787143966002514,29.002532059163553,27.298153606883567,27.476083755493164,1304400,0.0,0.0
2001-08-22,28.468738162103406,29.629962808419304,27.888126732034433,29.489492416381836,1986300,0.0,0.0
2001-08-23,29.395845605089047,29.957728973028676,29.12426974539465,29.274105072021484,1412700,0.0,0.0
2001-08-24,29.732974260207197,32.888882653865636,29.639326739947347,32.82332992553711,2968400,0.0,0.0
2001-08-27,32.8233225301961,34.15311380315384,32.589204675383925,33.08553695678711,2770400,0.0,0.0
2001-08-28,33.08555224882226,33.43204583383311,31.8587728365452,32.03670120239258,2097600,0.0,0.0
2001-08-29,32.214631572811165,32.3738300651864,31.278159766303354,31.399898529052734,1706900,0.0,0.0
2001-08-30,31.324976120926852,31.324976120926852,30.163749750764335,30.95038604736328,1729900,0.0,0.0
2001-08-31,30.435327466985065,30.90356327416945,29.826621274880935,30.697538375854492,1730600,0.0,0.0
2001-09-04,30.68817568895008,31.044035907973853,29.236643593336897,29.28346824645996,1711400,0.0,0.0
2001-09-05,28.57175312630882,29.639330342986266,27.017210174025553,28.347000122070312,3167100,0.0,0.0
2001-09-06,27.485445674444545,27.81321113767754,26.324220941823764,27.13895034790039,2243100,0.0,0.0
2001-09-07,26.502145388690334,28.55301867913544,26.483417314310444,27.644641876220703,1834500,0.0,0.0
2001-09-10,27.157678603212158,27.710197034930367,26.221206927239322,26.764360427856445,2140600,0.0,0.0
2001-09-17,24.114149480354197,25.649962700923986,23.374335881649614,24.27334976196289,2292200,0.0,0.0
2001-09-18,24.20778743816425,24.807128597024356,22.70943275483644,22.71879768371582,1573000,0.0,0.0
2001-09-19,23.55226467058738,23.86130028340195,20.8645916895409,22.58769989013672,2443500,0.0,0.0
2001-09-20,22.100732150232503,22.47532046745448,19.66590540902267,19.825105667114258,3056100,0.0,0.0
2001-09-21,18.027082475935856,19.19767224710052,17.849152330588918,18.823083877563477,4043800,0.0,0.0
2001-09-24,19.85320081441976,21.248543437291765,19.05719950978056,20.508729934692383,3194100,0.0,0.0
2001-09-25,20.368255480691143,21.716774964370096,19.94684258386095,20.227785110473633,1909400,0.0,0.0
2001-09-26,20.040494023656976,20.302706742692738,18.326750884027767,18.401668548583984,2328500,0.0,0.0
2001-09-27,18.729434766267474,18.869905169778864,17.25917442290397,17.7929630279541,3150200,0.0,0.0
2001-09-28,18.354845570514346,19.18830480709137,17.93343259349338,18.261198043823242,2640300,0.0,0.0
2001-10-01,18.710700482123084,18.729430341146873,17.792958824089528,18.15818214416504,1961400,0.0,0.0
2001-10-02,18.354845570514346,19.225764532239012,17.83978506680227,18.261198043823242,2096000,0.0,0.0
2001-10-03,18.308022051129335,20.58364869601806,17.90534069785101,19.525436401367188,3663000,0.0,0.0
2001-10-04,20.358895706789934,21.407744856630433,19.946847635119223,20.190330505371094,2755300,0.0,0.0
2001-10-05,20.1903302546285,20.55555544855965,18.869905241483355,20.040494918823242,1340200,0.0,0.0
2001-10-08,20.031125194377605,21.295362100656547,19.52543150357263,20.88331413269043,1832900,0.0,0.0
2001-10-09,21.16426342255199,21.351556714254926,19.871931314764012,20.021766662597656,1450800,0.0,0.0
2001-10-10,20.021763851271007,21.5388487677902,19.684635259071847,21.398378372192383,2029700,0.0,0.0
2001-10-11,21.819789330793576,24.722851882892723,21.819789330793576,24.404451370239258,4492800,0.0,0.0
2001-10-12,23.973681648980794,24.123517014159923,22.0539131300832,22.990385055541992,2656100,0.0,0.0
2001-10-15,20.930145299087727,21.679322032199508,20.864592558212724,21.46393394470215,3057200,0.0,0.0
2001-10-16,21.632496618259136,22.28802573628031,21.14553090577848,21.81978988647461,2828200,0.0,0.0
2001-10-17,22.428496669096912,22.671977725577786,19.900022506713867,19.900022506713867,4733500,0.0,0.0
2001-10-18,19.881290739530233,19.890655669447735,18.457853543269447,18.72943115234375,6998000,0.0,0.0
2001-10-19,17.41837670290221,17.9802601680626,17.32472916101243,17.802330017089844,8850600,0.0,0.0
2001-10-22,17.802328512683317,18.691975620009824,17.427740162957516,18.626422882080078,4496800,0.0,0.0
2001-10-23,18.6357868831215,19.10402274343198,18.13945801434635,18.560869216918945,4427400,0.0,0.0
2001-10-24,18.551500942893266,20.41507911682129,18.31738305491973,20.41507911682129,4816800,0.0,0.0
2001-10-25,20.087316554082786,22.053905487060547,19.506703375597677,22.053905487060547,6105500,0.0,0.0
2001-10-26,21.81979651329085,23.037211164229358,21.63250318819316,22.278669357299805,3920200,0.0,0.0
2001-10-29,22.428502473270115,22.428502473270115,20.677299253574855,20.789676666259766,2480000,0.0,0.0
2001-10-30,20.789665594924315,21.07060629775677,19.909381987243908,20.171594619750977,2346700,0.0,0.0
2001-10-31,22.1007348478428,22.1007348478428,20.883320435551582,21.585674285888672,4173900,0.0,0.0
2001-11-01,22.428501828362933,23.64591453552246,21.875983286420816,23.41179656982422,4838000,0.0,0.0
2001-11-02,23.64591511934407,24.657304684684725,23.486714827291454,24.516834259033203,5019800,0.0,0.0
2001-11-05,24.535557626165737,25.031886451072882,23.908121557358495,24.076684951782227,2934000,0.0,0.0
2001-11-06,23.59908679791333,24.582381336918903,23.17767383195211,24.39508628845215,2777800,0.0,0.0
2001-11-07,24.34825797195266,25.434564723191727,23.805104596333123,24.535552978515625,2353600,0.0,0.0
2001-11-08,25.191087565168925,26.21184182833903,24.160968370957683,24.39508628845215,3291000,0.0,0.0
2001-11-09,24.114146810376216,24.87268840408732,23.599088078412215,24.217159271240234,1911700,0.0,0.0
2001-11-12,24.011140403661997,25.28474283664026,22.821822375878657,25.05062484741211,2032400,0.0,0.0
2001-11-13,26.31485279236948,26.87673611975026,25.28473365653436,26.1275577545166,3045300,0.0,0.0
2001-11-14,26.68943923464045,27.157675010686773,25.312826696088244,25.743602752685547,2462600,0.0,0.0
2001-11-15,25.284735587492115,26.249302069594595,25.050617665385705,25.472030639648438,2170900,0.0,0.0
2001-11-16,25.987085263624124,26.445956104388234,25.640590007524274,25.724872589111328,2762200,0.0,0.0
2001-11-19,25.724871413672886,26.26802481120591,25.22854266275852,26.033906936645508,2583400,0.0,0.0
2001-11-20,25.612500689338226,25.621865620437205,24.17969838239763,24.404451370239258,2225300,0.0,0.0
2001-11-21,24.348262800298215,25.0037936670851,23.880026977215557,24.741580963134766,3342100,0.0,0.0
2001-11-23,24.910145316439383,25.621863958186548,24.357626920690635,25.34092140197754,541200,0.0,0.0
2001-11-26,25.00379587296397,28.328269795670614,25.00379587296397,27.260692596435547,3766700,0.0,0.0
2001-11-27,27.260696803813737,28.094156199488147,26.005824350675667,27.157684326171875,2649800,0.0,0.0
2001-11-28,26.92355948854781,27.34497243849189,26.024547576904297,26.024547576904297,2228400,0.0,0.0
2001-11-29,26.033913255861616,27.616550972173577,26.033913255861616,27.522903442382812,3012000,0.0,0.0
2001-11-30,27.129581595603504,27.138946525940227,25.846616504495476,26.090099334716797,2666500,0.0,0.0
2001-12-03,26.090101390757106,26.680077759041367,25.33155804930567,25.706148147583008,1895800,0.0,0.0
2001-12-04,26.22120836046007,27.860033882988827,25.98709042867025,27.39179801940918,3095200,0.0,0.0
2001-12-05,28.094150670916253,30.34168415353195,28.075420808452925,30.070106506347656,3264900,0.0,0.0
2001-12-06,29.967094221383938,30.903565915802186,29.611235763423327,30.482152938842773,2967800,0.0,0.0
2001-12-07,30.154395953179094,30.80992699892671,29.414582293373115,29.62060546875,2409600,0.0,0.0
2001-12-10,29.620591800670766,29.96708703037764,28.56237982582869,28.693485260009766,2263700,0.0,0.0
2001-12-11,29.358387474989094,29.779798658561067,28.656033716191164,29.002527236938477,1628300,0.0,0.0
2001-12-12,29.002528542771582,29.555047000797227,28.10351654839782,29.217918395996094,1703300,0.0,0.0
2001-12-13,28.2814423194645,28.459370632918112,26.59579241037412,26.69880485534668,3018100,0.0,0.0
2001-12-14,26.876737456121685,27.85066705732018,26.511512292766543,27.654008865356445,1882400,0.0,0.0
2001-12-17,27.65401216273682,29.30220270131438,27.579094492173212,28.674766540527344,1684400,0.0,0.0
2001-12-18,28.70286103876274,29.779803278766835,28.637308296893192,29.44267463684082,2263500,0.0,0.0
2001-12-19,28.796503074630568,28.796503074630568,27.775748839009594,27.878761291503906,2040000,0.0,0.0
2001-12-20,27.860035037474905,28.01923530913617,26.32422191286842,26.41786766052246,3175700,0.0,0.0
2001-12-21,26.923565144906544,27.43862393755519,26.502152106428003,27.335613250732422,2553000,0.0,0.0
2001-12-24,27.11086026787308,27.335613293352633,26.408506393432617,26.408506393432617,483000,0.0,0.0
2001-12-26,26.623892947357163,28.000505818666685,26.45532774144617,26.970386505126953,779300,0.0,0.0
2001-12-27,26.961023433923934,28.140976306215787,26.961023433923934,28.028600692749023,1542500,0.0,0.0
2001-12-28,28.1128749529628,28.76840393345462,28.084780164844634,28.375085830688477,1395800,0.0,0.0
2001-12-31,28.37509129263675,28.534291550262363,27.85066765006096,28.225255966186523,1607000,0.0,0.0
2002-01-02,28.46873951986043,28.796504974365234,27.635280272667156,28.796504974365234,2559100,0.0,0.0
2002-01-03,28.936979646708927,31.36244365378202,28.936979646708927,31.353076934814453,4131200,0.0,0.0
2002-01-04,31.559092539816234,31.82130343556741,30.34168021651438,31.634008407592773,3020400,0.0,0.0
2002-01-07,31.980506017765954,32.30826964317477,31.306245334232866,31.933679580688477,2617800,0.0,0.0
2002-01-08,31.55909330457407,32.66413006681123,31.090857509468687,32.205257415771484,1844700,0.0,0.0
2002-01-09,32.767130838874614,33.38520172531012,32.10223353172763,32.44873046875,2227400,0.0,0.0
2002-01-10,32.074155895790156,32.41128628116229,31.278156375493985,31.81194496154785,1412600,0.0,0.0
2002-01-11,31.811949710597396,32.64540908088153,30.903570877999073,31.353076934814453,2708900,0.0,0.0
2002-01-14,31.35307324563239,32.06479376444574,30.969119977341776,31.1002254486084,2377100,0.0,0.0
2002-01-15,31.044043378542185,31.746397268804618,30.744372671152075,31.371807098388672,3749200,0.0,0.0
2002-01-16,29.21791581778119,29.227278962323908,26.689441680908203,26.689441680908203,7836200,0.0,0.0
2002-01-17,26.923558093883372,26.923558093883372,24.97569726671214,25.284732818603516,8616400,0.0,0.0
2002-01-18,24.910146531800212,26.03391145293095,24.713486554241122,25.42520523071289,4694000,0.0,0.0
2002-01-22,25.89344310088292,25.89344310088292,24.48873549917667,24.507465362548828,2118800,0.0,0.0
2002-01-23,25.65932906479724,27.157684424779358,25.378388216253622,26.502153396606445,4738400,0.0,0.0
2002-01-24,26.78308860082382,27.53226517987962,26.00581723023673,26.1275577545166,2415000,0.0,0.0
2002-01-25,26.548974850370023,27.298151546639776,26.14629170630823,27.204504013061523,1396200,0.0,0.0
2002-01-28,27.522901269853026,27.98177216481078,27.017207506784903,27.373065948486328,1494500,0.0,0.0
2002-01-29,27.813210191764618,28.075421124490898,26.352313054383863,26.680078506469727,1781300,0.0,0.0
2002-01-30,26.923559347307087,27.850666046142578,26.221205625203424,27.850666046142578,3214400,0.0,0.0
2002-01-31,28.32827430304486,28.562392272491515,27.625920394704906,27.963050842285156,2261300,0.0,0.0
2002-02-01,28.0473276734454,28.318903533217238,27.326244047486885,28.09415054321289,1880600,0.0,0.0
2002-02-04,29.45203420921924,29.45203420921924,27.476078449282415,27.635278701782227,2926800,0.0,0.0
2002-02-05,27.63528176710708,28.421918185986527,27.307516294877622,27.588457107543945,1648500,0.0,0.0
2002-02-06,27.90685275791647,28.487465931515256,27.195135919047758,28.3001708984375,2131400,0.0,0.0
2002-02-07,28.702859769508084,28.702859769508084,26.698810727015555,26.708175659179688,2070100,0.0,0.0
2002-02-08,26.923562129364853,27.288785531020995,26.455326266245464,27.12958526611328,2318200,0.0,0.0
2002-02-11,27.747648861272165,28.69348526000977,27.663368072282598,28.693485260009766,2559600,0.0,0.0
2002-02-12,28.328272493486832,29.302204041537557,27.81321370807655,28.899520874023438,2305100,0.0,0.0
2002-02-13,29.030626415037244,31.278160211595626,29.021261482497454,31.165781021118164,3571800,0.0,0.0
2002-02-14,31.16577193800744,31.652737571083236,30.060735226865333,30.67880630493164,2771400,0.0,0.0
2002-02-15,30.678815188425993,31.137687951121478,30.21057927938657,30.622629165649414,2979800,0.0,0.0
2002-02-19,30.435332398517158,30.444695544341474,29.498860632408938,29.58314323425293,1994200,0.0,0.0
2002-02-20,30.060740771001065,31.46544835043768,29.87344749878302,31.456085205078125,4610400,0.0,0.0
2002-02-21,30.809922517341086,31.090863332551276,29.32093048095703,29.32093048095703,3637800,0.0,0.0
2002-02-22,29.33028983024544,29.779795763494324,28.562383414400816,28.805866241455078,2431100,0.0,0.0
2002-02-25,29.26474993996757,31.74640216381969,29.26474993996757,31.315622329711914,3387300,0.0,0.0
2002-02-26,31.371809176408895,32.30828109212259,30.54771289032092,32.04607009887695,2989700,0.0,0.0
2002-02-27,32.26144720278815,32.99189390465284,31.287515885398133,31.568456649780273,2822200,0.0,0.0
2002-02-28,31.53099796083212,32.28954126461723,31.147044736723654,31.381162643432617,2312400,0.0,0.0
2002-03-01,32.03668997243755,35.16450500488281,32.03668997243755,35.16450500488281,4624600,0.0,0.0
2002-03-04,35.164503104848556,37.449495785806725,35.01466781202796,36.70968246459961,5965200,0.0,0.0
2002-03-05,36.24145084982017,37.17792242954495,36.054155819404095,36.60667419433594,4797800,0.0,0.0
2002-03-06,36.52239774347497,36.75651567772801,35.35180807220974,36.372562408447266,3595600,0.0,0.0
2002-03-07,36.709693689459435,37.07491710411318,35.86686767690751,36.56922149658203,3255600,0.0,0.0
2002-03-08,36.89697747371416,37.07490576757763,35.96050600049659,36.70968246459961,4281100,0.0,0.0
2002-03-11,36.56921851935086,36.56921851935086,35.07086525497404,35.960514068603516,3049300,0.0,0.0
2002-03-12,35.070864055382664,35.55782974273757,34.42469632968296,35.09895706176758,5130700,0.0,0.0
2002-03-13,34.17185858459131,34.41533968809882,33.432044982910156,33.432044982910156,3950400,0.0,0.0
2002-03-14,34.18120838246201,34.368503389439674,32.95442948049566,33.58186721801758,2671100,0.0,0.0
2002-03-15,34.649452209472656,35.117688050141204,33.95646159344658,34.649452209472656,3113000,0.0,0.0
2002-03-18,35.38926212756609,36.41937944425023,34.88356661325689,35.57655715942383,2572500,0.0,0.0
2002-03-19,36.05415980799358,36.19463198943464,35.117688124669066,35.960514068603516,2670300,0.0,0.0
2002-03-20,35.304990403088354,36.28828515739812,35.00531968886741,35.41736602783203,2419100,0.0,0.0
2002-03-21,35.35180918291083,36.11035259977122,34.902303163704914,36.06352615356445,2015200,0.0,0.0
2002-03-22,36.07289922199102,36.66287753896394,35.36117855369041,35.567203521728516,1630500,0.0,0.0
2002-03-25,35.960515455812484,36.47557418703862,34.88357154950284,35.005313873291016,2108200,0.0,0.0
2002-03-26,35.0053170702413,36.035434626771696,34.537081167753584,35.63275146484375,1593700,0.0,0.0
2002-03-27,35.63274892835263,36.05416192506489,35.31434839443184,35.5859260559082,1531900,0.0,0.0
2002-03-28,36.61604197056716,37.168560415397735,36.52239622968985,36.925079345703125,3163200,0.0,0.0
2002-04-01,36.80332599562359,36.88760856609815,36.147795288860834,36.700313568115234,2806700,0.0,0.0
2002-04-02,36.52240516573445,36.53176831317068,35.40800485826437,35.82941436767578,2276900,0.0,0.0
2002-04-03,35.67956362851147,36.381917271374725,34.377868781981746,35.16450500488281,2462300,0.0,0.0
2002-04-04,34.977224424398536,35.85751030648043,34.42470585436982,35.77322769165039,1653900,0.0,0.0
2002-04-05,36.194631912621254,36.260184644526376,34.4527940137573,34.649452209472656,1213800,0.0,0.0
2002-04-08,33.6193393521754,34.874211718388096,33.24474919985418,34.18122100830078,2051000,0.0,0.0
2002-04-09,34.32168667733896,34.96785081615838,32.710954330167596,32.82332992553711,2654100,0.0,0.0
2002-04-10,32.795252478421965,33.15111286700018,31.64339225544355,32.43939208984375,5297800,0.0,0.0
2002-04-11,33.19792702584826,34.18122173103692,33.05745482266851,33.432044982910156,3595600,0.0,0.0
2002-04-12,33.535053211024284,34.565170662770875,33.25410884022424,34.462158203125,3033200,0.0,0.0
2002-04-15,34.46215468331022,35.70766364475425,34.003285592935036,35.38926315307617,2636900,0.0,0.0
2002-04-16,37.646163901011654,37.646163901011654,36.25081946479821,36.98126983642578,4725700,0.0,0.0
2002-04-17,36.28829210616587,36.78462115181842,35.82941922769581,36.42876434326172,5095400,0.0,0.0
2002-04-18,35.351810768859025,35.48291625046452,33.71298510407748,34.18122100830078,4063500,0.0,0.0
2002-04-19,34.22803518077761,34.86483613438464,32.77650496125049,33.31966018676758,3088400,0.0,0.0
2002-04-22,33.31966460383164,33.31966460383164,32.07415553546096,32.71095657348633,2832800,0.0,0.0
2002-04-23,33.52567259389015,33.55376916273515,32.32699044557149,32.47682571411133,2436700,0.0,0.0
2002-04-24,32.589218520893795,32.945078811654724,30.622629133909182,30.763097763061523,3401000,0.0,0.0
2002-04-25,30.444690756175504,31.55909426888533,30.219939568176628,31.090858459472656,3492700,0.0,0.0
2002-04-26,31.399900087542754,31.484182697205963,29.311568284061696,29.508228302001953,3101400,0.0,0.0
2002-04-29,29.564412642846452,30.435331649687544,29.35838950239576,29.79853057861328,1991000,0.0,0.0
2002-04-30,30.154383500519806,31.521631055192763,29.807888254016603,30.85673713684082,2697000,0.0,0.0
2002-05-01,30.7162771819155,31.821314294464297,29.39585196401997,31.57783317565918,2438600,0.0,0.0
2002-05-02,31.371803310631805,31.624651109280833,29.367754357290824,29.920272827148438,3721300,0.0,0.0
2002-05-03,29.92028045449898,29.948373470725016,27.625923390635776,28.178442001342773,5451300,0.0,0.0
2002-05-06,28.09415054321289,28.843327176560706,27.76638509630648,28.09415054321289,2368600,0.0,0.0
2002-05-07,28.094150916522832,28.375091711216857,26.876738424611382,27.991138458251953,3497300,0.0,0.0
2002-05-08,29.264743310896872,30.33232057530137,29.264743310896872,29.629966735839844,7544000,0.0,0.0
2002-05-09,29.59250269708281,30.26676160104266,28.094147790994224,28.3001708984375,3585300,0.0,0.0
2002-05-10,28.421915922580485,28.74031643754119,26.97974867409047,27.429256439208984,2275000,0.0,0.0
2002-05-13,27.813208764740487,28.787138353513157,27.550996059289652,28.684125900268555,3018800,0.0,0.0
2002-05-14,29.967092216836843,31.044036022321727,29.573774060043746,30.866104125976562,4017100,0.0,0.0
2002-05-15,30.650719621010523,31.605921224477473,29.29283666973983,30.060741424560547,3842300,0.0,0.0
2002-05-16,30.20121293513059,30.38850799338557,29.171093687084326,30.145023345947266,2760600,0.0,0.0
2002-05-17,30.201208574905838,30.248031439620622,28.46873578779196,29.1898193359375,3403800,0.0,0.0
2002-05-20,29.405211944410762,29.44267167095031,28.478105146693856,28.974435806274414,1292100,0.0,0.0
2002-05-21,29.452035861861344,29.489493801280744,27.625915321081365,28.140974044799805,1596200,0.0,0.0
2002-05-22,27.95368069019331,28.515564069196905,26.689443533979716,27.2138671875,2962500,0.0,0.0
2002-05-23,27.21386415195892,27.223229082285147,25.706146092992636,26.22120475769043,4677300,0.0,0.0
2002-05-24,24.863324809202012,25.987091649037037,24.807137003063705,25.762338638305664,5067000,0.0,0.0
2002-05-28,26.080739486335975,26.31485743183957,25.022525372399954,25.781068801879883,2350000,0.0,0.0
2002-05-29,25.781067102438797,26.221208167948113,25.106806320680462,26.062007904052734,5216600,0.0,0.0
2002-05-30,25.5469427043287,25.799788647293852,24.741576657212203,25.61249542236328,2503900,0.0,0.0
2002-05-31,26.03391440950042,26.202479613357802,25.200455108403514,25.359655380249023,2333900,0.0,0.0
2002-06-03,25.472032563306744,25.584408174144798,24.685396142727868,24.81650161743164,3641700,0.0,0.0
2002-06-04,24.582380208102137,26.146287896598036,24.48873268816903,25.75296974182129,3652400,0.0,0.0
2002-06-05,25.88407519802091,26.314853075242056,25.11616874968961,25.75296974182129,2469600,0.0,0.0
2002-06-06,25.61250183713632,25.61250183713632,24.83523038286799,25.13490104675293,2114200,0.0,0.0
2002-06-07,23.50543787324746,24.966333091244298,23.50543787324746,24.423179626464844,2793000,0.0,0.0
2002-06-10,24.629201636732223,25.42520283041351,24.226520361037238,24.3482608795166,1252900,0.0,0.0
2002-06-11,24.722849031726824,24.81649654573875,23.59908422211701,23.692729949951172,3504000,0.0,0.0
2002-06-12,23.580361505835658,25.144269569239846,23.514808762021197,24.722856521606445,3804400,0.0,0.0
2002-06-13,24.207795148812533,25.031889504735076,23.674006535908617,23.880029678344727,2643000,0.0,0.0
2002-06-14,23.41179301978273,24.423182406790225,23.08402756027016,24.217159271240234,3061000,0.0,0.0
2002-06-17,24.80712937524678,25.659318282051522,24.54491671693086,25.61249542236328,2150700,0.0,0.0
2002-06-18,25.51885523051523,26.680079988131244,24.863324289939005,24.938241958618164,2211600,0.0,0.0
2002-06-19,24.947605616549613,24.947605616549613,23.73955804751371,23.795745849609375,2352300,0.0,0.0
2002-06-20,23.9268532655194,24.582384226017812,22.915463814524653,23.140216827392578,3573100,0.0,0.0
2002-06-21,22.709437271845434,23.421155932644616,22.325484042308464,22.503414154052734,2278400,0.0,0.0
2002-06-24,22.50341234202675,23.739554521601754,22.091364353442493,23.290048599243164,2874300,0.0,0.0
2002-06-25,23.41178961078386,24.020495783428682,21.913434718458134,22.288022994995117,1885200,0.0,0.0
2002-06-26,21.81979003441986,23.271322250366214,21.36091911284034,23.27132225036621,2391300,0.0,0.0
2002-06-27,23.580356965404736,23.861297752279256,22.381672583305658,23.084026336669922,3408700,0.0,0.0
2002-06-28,23.224496329868924,23.739556811833225,22.00708389282227,22.007083892822266,2812100,0.0,0.0
2002-07-01,22.147558560040846,22.662619141451913,20.368262429207775,20.97696876525879,2895300,0.0,0.0
2002-07-02,20.602379490013412,20.611744422304803,18.776258775290945,19.057201385498047,4536300,0.0,0.0
2002-07-03,19.19767079010073,19.656541731230057,18.542139853528486,18.86054039001465,5483900,0.0,0.0
2002-07-05,19.43178938111723,21.051885127342075,19.010376366814505,21.014427185058594,2597900,0.0,0.0
2002-07-08,21.014423403765413,21.25790623641982,19.787644310063058,19.974939346313477,2998600,0.0,0.0
2002-07-09,19.197670583262358,19.665906451146803,18.6357871845654,19.235130310058594,3030400,0.0,0.0
2002-07-10,19.665902274200782,19.665902274200782,18.37357233924292,18.439125061035156,2978400,0.0,0.0
2002-07-11,18.495316668817374,19.90002426391743,18.027080803784024,19.89065933227539,5414600,0.0,0.0
2002-07-12,20.124775861659543,20.67729428677065,19.544164429759096,19.79701042175293,3201100,0.0,0.0
2002-07-15,19.834474910062355,20.789676666259766,18.916732886819368,20.789676666259766,3351100,0.0,0.0
2002-07-16,20.32143275357847,21.501385300141898,19.759549482819228,20.368255615234375,4631300,0.0,0.0
2002-07-17,19.71273000711549,20.302708221370484,17.137432644437883,17.305997848510742,9293900,0.0,0.0
2002-07-18,17.090607758274256,17.324725672771162,16.0698535081735,16.378889083862305,6744000,0.0,0.0
2002-07-19,16.378888359228625,16.950136616904892,15.966840347814045,16.200958251953125,4081000,0.0,0.0
2002-07-22,16.013665000348578,16.613006263367705,15.845099823579982,16.200958251953125,3387300,0.0,0.0
2002-07-23,16.388257765673465,16.43508064481834,14.04707808486297,14.37484359741211,4465200,0.0,0.0
2002-07-24,14.234368103621028,14.936721801757812,13.81295606335674,14.936721801757812,4200700,0.0,0.0
2002-07-25,14.496581998332365,14.51531186167533,12.829662563637163,13.176156997680664,4724200,0.0,0.0
2002-07-26,14.281197695156171,14.281197695156171,12.998231189712856,13.41964340209961,3551900,0.0,0.0
2002-07-29,13.859783084522126,14.505948245959802,13.485193821482051,14.449760437011719,2436200,0.0,0.0
2002-07-30,14.44975508460092,15.273849193235929,14.31864875713732,15.124013900756836,1889300,0.0,0.0
2002-07-31,14.98354695638021,14.98354695638021,13.719309824700032,14.047075271606445,3231800,0.0,0.0
2002-08-01,14.047074280478606,14.421662570722463,13.38217939547906,13.457097053527832,2070400,0.0,0.0
2002-08-02,13.485195221541346,13.503925088528025,12.595547080725982,12.88585376739502,2467500,0.0,0.0
2002-08-05,12.923308454353405,13.157426357899341,11.968106979203306,12.211589813232422,2041100,0.0,0.0
2002-08-06,12.314604606179097,13.578841974867988,12.314604606179097,13.101241111755371,2591500,0.0,0.0
2002-08-07,13.578839567197942,13.841051391534085,12.501897476000604,13.335356712341309,3188400,0.0,0.0
2002-08-08,13.110604239895231,13.69121660620562,12.651733305840267,13.569475173950195,2290500,0.0,0.0
2002-08-09,13.251076211194718,14.037712701614177,13.110605792086591,13.681853294372559,1668400,0.0,0.0
2002-08-12,13.204251373911054,13.578839697999575,12.876485920516838,13.410274505615234,1026900,0.0,0.0
2002-08-13,13.251074123902072,13.915969062919466,12.839026971158013,12.942038536071777,1705800,0.0,0.0
2002-08-14,12.942035301910321,13.756765365600586,12.642364720255635,13.756765365600586,1939500,0.0,0.0
2002-08-15,13.69121875373464,14.178184559139114,13.26044165398806,13.850419044494629,2053500,0.0,0.0
2002-08-16,13.85041710423053,15.030370826858249,13.541381499126954,14.571500778198242,2541400,0.0,0.0
2002-08-19,14.646418091706371,15.358135923530808,14.234370032824243,15.208300590515137,2464200,0.0,0.0
2002-08-20,14.843079104969352,14.843079104969352,14.009618841155493,14.281195640563965,2159600,0.0,0.0
2002-08-21,14.749427972245604,15.330041160880832,14.309286062056549,15.152111053466797,3130200,0.0,0.0
2002-08-22,15.161476016148438,15.807640147398267,14.74942800353882,15.021005630493164,1808700,0.0,0.0
2002-08-23,14.271829673953938,14.683877756160593,13.812958717346191,13.812958717346191,1703700,0.0,0.0
2002-08-26,13.83168624950782,13.915967945073055,13.129332534841682,13.653756141662598,2477200,0.0,0.0
2002-08-27,13.831687360584025,13.831687360584025,12.857755940647332,12.942038536071777,2192000,0.0,0.0
2002-08-28,12.876486558840401,12.876486558840401,12.239685483232886,12.333333015441895,1540600,0.0,0.0
2002-08-29,11.237660787669833,12.117943823078125,11.172108052196918,11.790179252624512,3887000,0.0,0.0
2002-08-30,11.780812251020567,12.31460075885745,11.490506565143587,11.846364974975586,2495600,0.0,0.0
2002-09-03,11.855732848371153,11.855732848371153,11.331309140356609,11.387496948242188,2184300,0.0,0.0
2002-09-04,11.387497335032167,11.659074130607834,10.825614771645856,11.4155912399292,2469100,0.0,0.0
2002-09-05,10.909892091337749,11.17210474170935,10.58212761800641,10.778786659240723,2427000,0.0,0.0
2002-09-06,11.940013194798192,12.548719392591545,11.424953623463619,11.630977630615234,3120600,0.0,0.0
2002-09-09,11.537331479822134,11.902555777680629,11.144013280001921,11.724626541137695,1976200,0.0,0.0
2002-09-10,11.668436992487907,12.436343472714425,11.668436992487907,12.323966979980469,2022400,0.0,0.0
2002-09-11,12.501896298111182,12.998225999257077,12.473801506905417,12.529990196228027,1315300,0.0,0.0
2002-09-12,12.080482866916517,12.295871791908393,11.5935181160856,11.846364974975586,2172900,0.0,0.0
2002-09-13,11.780812252816109,11.986836247820415,11.368765155896375,11.518600463867188,1788700,0.0,0.0
2002-09-16,11.424954283432852,11.659072202737168,10.891165713207485,10.956718444824219,1837400,0.0,0.0
2002-09-17,11.471778940278769,11.518602706407922,10.666413556595748,10.816248893737793,2307200,0.0,0.0
2002-09-18,10.67577651404816,10.694506375838378,10.30118820913344,10.34801197052002,3930700,0.0,0.0
2002-09-19,9.992152749029698,10.132623141713262,9.38344652328228,9.439634323120117,5149300,0.0,0.0
2002-09-20,9.411539229730828,9.673751012930788,9.383445333374477,9.420904159545898,3087300,0.0,0.0
2002-09-23,9.374084021552516,9.458366636239896,8.418882245881152,8.47507095336914,3499000,0.0,0.0
2002-09-24,8.381420842704237,9.036950799832308,8.259679424609335,8.624903678894043,3960400,0.0,0.0
2002-09-25,9.074412382073437,9.177424863377421,8.446977026288064,9.008859634399414,3001200,0.0,0.0
2002-09-26,9.008857197210473,9.139963550179191,8.624903962267258,8.709186553955078,3060100,0.0,0.0
2002-09-27,8.718550858611724,9.364715859992062,8.64363231009,9.186786651611328,3128800,0.0,0.0
2002-09-30,8.943304754366855,9.224246437982005,8.727915802795941,8.990128517150879,2737600,0.0,0.0
2002-10-01,8.990129045044005,9.074410751297412,8.493798380713805,8.89648151397705,2668500,0.0,0.0
2002-10-02,8.662360498132774,9.158690092825807,7.763347913413823,8.681090354919434,1976100,0.0,0.0
2002-10-03,8.727916662802453,8.756011459094589,8.006833859996862,8.194128036499023,2329200,0.0,0.0
2002-10-04,8.053656177490188,8.081750075635481,7.370031439969313,7.473043441772461,3801900,0.0,0.0
2002-10-07,7.473044794196108,7.482409279757777,6.87370298227946,7.070362091064453,2377900,0.0,0.0
2002-10-08,7.304479329779647,7.323208745638795,6.648948881620475,7.089090824127197,2860500,0.0,0.0
2002-10-09,6.9954442669488,7.257656571830006,6.695773571706917,6.761326313018799,2370700,0.0,0.0
2002-10-10,6.8362440813691165,7.576056741970694,6.7800553823599135,7.463679790496826,2929500,0.0,0.0
2002-10-11,7.641610527869543,9.08377721187346,7.585422714243876,8.802835464477539,6035100,0.0,0.0
2002-10-14,8.812198645545442,8.859022409649109,8.428245387455597,8.61553955078125,1996700,0.0,0.0
2002-10-15,8.943305885578546,9.589471035844774,8.943305885578546,9.27107048034668,4213800,0.0,0.0
2002-10-16,8.896482813790566,9.280436139701997,8.48443558169003,8.587447166442871,3911000,0.0,0.0
2002-10-17,9.036952529902681,9.402176854107397,9.018223558273498,9.27107048034668,4048600,0.0,0.0
2002-10-18,9.1306012898264,9.889143943786621,8.84029459944702,9.889143943786621,3450500,0.0,0.0
2002-10-21,9.598836317212859,10.600860895757775,9.411542128665557,10.488484382629395,3016200,0.0,0.0
2002-10-22,10.020245383819223,10.207539514779711,9.617563225526387,9.748668670654297,3565500,0.0,0.0
2002-10-23,9.758035727933455,10.479118512614907,9.402176354979197,10.291824340820312,3878600,0.0,0.0
2002-10-24,10.731967426697793,11.612250571916208,10.413566855100976,10.497849464416504,4600800,0.0,0.0
2002-10-25,10.497846541168544,11.218929199794664,10.497846541168544,11.209565162658691,1565700,0.0,0.0
2002-10-28,11.846367355348965,11.874462151051157,11.050366898657193,11.350037574768066,3053000,0.0,0.0
2002-10-29,11.097190742528399,11.424955323540146,10.160718980056435,10.694507598876953,2226800,0.0,0.0
2002-10-30,10.769428057385984,11.80891166141283,10.769428057385984,11.762088775634766,3478600,0.0,0.0
2002-10-31,11.677802892238995,12.005567466631028,11.003542986811967,11.340672492980957,2546600,0.0,0.0
2002-11-01,11.134647262222705,11.89318873198155,10.778787959301823,11.846364974975586,2570800,0.0,0.0
2002-11-04,12.267781611509584,13.110605920598086,12.11794536507929,12.361428260803223,3340300,0.0,0.0
2002-11-05,12.127306647265536,12.202224301383728,11.51860048428301,12.043024063110352,1982000,0.0,0.0
2002-11-06,12.27714227146468,12.586177825927736,11.70589492083971,12.586177825927734,2924000,0.0,0.0
2002-11-07,12.043026741980045,12.211591947786326,11.237661334518302,11.303214073181152,2571400,0.0,0.0
2002-11-08,10.9286268654754,11.471780482163346,10.394838181889805,10.919261932373047,2611200,0.0,0.0
2002-11-11,10.863074277989982,10.863074277989982,9.926602388269783,10.394838333129883,2083100,0.0,0.0
2002-11-12,10.394837648681674,10.73196718527054,9.945330706807392,10.216907501220703,3979900,0.0,0.0
2002-11-13,10.16071794702557,10.6102239186285,9.973422899102038,10.422929763793945,3316100,0.0,0.0
2002-11-14,11.078458186522257,11.556058883666994,10.535304767722346,11.556058883666992,2172500,0.0,0.0
2002-11-15,11.228294429071477,11.93064813904309,10.937988729079677,11.752718925476074,3070200,0.0,0.0
2002-11-18,12.033662938163397,12.333333627152852,11.649708751534282,11.780815124511719,2649500,0.0,0.0
2002-11-19,11.790177181039537,12.829660299745276,11.471776705105649,11.846364974975586,4596000,0.0,0.0
2002-11-20,12.033662908625956,13.962794303894041,12.033662908625956,13.962794303894043,6801500,0.0,0.0
2002-11-21,14.3186531788503,15.536066645822986,14.075170306837949,14.983548164367676,6624000,0.0,0.0
2002-11-22,14.992914706992616,15.1708448606893,14.655784265499598,14.96481990814209,3217800,0.0,0.0
2002-11-25,14.964817025769925,15.910653637420241,14.608958573096746,15.423687934875488,3135000,0.0,0.0
2002-11-26,15.732725505506608,16.107315653972453,14.524677813856686,14.56213665008545,2063600,0.0,0.0
2002-11-27,14.749423178585875,15.929377247214019,14.749423178585875,15.91064739227295,3725200,0.0,0.0
2002-11-29,15.91065251378408,15.92001744426911,15.27385153022486,15.348769187927246,1081700,0.0,0.0
2002-12-02,15.920021981904002,16.46317560160418,15.311315616302169,15.451786041259766,2111400,0.0,0.0
2002-12-03,15.358136229068249,15.358136229068249,14.702606187538944,14.89926528930664,1884200,0.0,0.0
2002-12-04,14.899265674739148,14.899265674739148,13.110604742103558,13.803593635559082,6743300,0.0,0.0
2002-12-05,14.4310302008353,14.4310302008353,13.550747107544938,13.962794303894043,2934300,0.0,0.0
2002-12-06,13.457097053527832,13.794226514747303,13.016955142674602,13.457097053527832,2781400,0.0,0.0
2002-12-09,13.466465836497013,13.466465836497013,11.771451328789466,12.127310752868652,3042600,0.0,0.0
2002-12-10,12.295874373410188,13.32599277836889,12.043026568346272,13.073145866394043,3348300,0.0,0.0
2002-12-11,12.87648310082204,13.50391907609102,12.455071105231083,13.016953468322754,2298000,0.0,0.0
2002-12-12,13.148064922371166,13.297900277574845,12.736017695561047,12.904582023620605,1117000,0.0,0.0
2002-12-13,12.913945828405955,12.913945828405955,12.230321856739584,12.29587459564209,1750900,0.0,0.0
2002-12-16,12.548720100800368,13.410274114142494,12.323967112908244,13.382180213928223,2578100,0.0,0.0
2002-12-17,13.391545927056555,13.962793361247133,13.194886827894381,13.766134262084961,3609700,0.0,0.0
2002-12-18,13.344721241422905,13.344721241422905,12.40824957535814,12.520626068115234,2499200,0.0,0.0
2002-12-19,12.529990030437492,12.95140206896994,12.473801341858342,12.586177825927734,3755500,0.0,0.0
2002-12-20,12.586177825927736,12.942037138691932,12.2958721320207,12.586177825927734,2428000,0.0,0.0
2002-12-23,12.38951881932605,13.204249895929673,12.38951881932605,13.110602378845215,2041700,0.0,0.0
2002-12-24,13.073144938445994,13.251074168088355,12.773474280905594,12.810933113098145,583900,0.0,0.0
2002-12-26,13.073145732590888,13.279169768709608,12.801568959425373,12.867121696472168,1555300,0.0,0.0
2002-12-27,12.867123534368742,12.904582374187271,12.501900069410382,12.59554672241211,922900,0.0,0.0
2002-12-30,12.642366775295338,12.848390780216901,12.136672140007082,12.277142524719238,1176500,0.0,0.0
2002-12-31,12.211591330745836,12.52062693038268,12.071120928397832,12.183497428894043,1546800,0.0,0.0
2003-01-02,12.426980099401055,13.194886620695389,12.211591140325192,13.157427787780762,3180600,0.0,0.0
2003-01-03,13.129331866683614,13.550743895419647,12.979495664985372,13.279167175292969,2288500,0.0,0.0
2003-01-06,13.578836310639868,14.459119099198146,13.485188806434424,14.346742630004883,2924100,0.0,0.0
2003-01-07,14.449756064354633,14.983544553276682,14.374838413035357,14.477849960327148,2942400,0.0,0.0
2003-01-08,14.487218901427454,14.487218901427454,13.794229095206678,13.962794303894043,1958400,0.0,0.0
2003-01-09,14.150087632357714,14.505946999784554,14.05644099445952,14.234370231628418,2421300,0.0,0.0
2003-01-10,13.915970334032538,14.917995746274753,13.915970334032538,14.805619239807129,3349900,0.0,0.0
2003-01-13,15.180203794910208,15.217663516315726,13.990885326041305,14.02834415435791,3161100,0.0,0.0
2003-01-14,14.187545496757604,14.496581077575684,13.812957184580835,14.496581077575684,2624800,0.0,0.0
2003-01-15,13.766133920767835,13.812957684757698,12.089849600171648,12.164767265319824,13861800,0.0,0.0
2003-01-16,12.220956707052679,12.267780473902045,11.041002069276212,11.621614456176758,11505000,0.0,0.0
2003-01-17,11.434319909998411,11.743355510828987,11.190837044771582,11.39686107635498,4584500,0.0,0.0
2003-01-21,11.424954706641195,11.640343664785973,10.863072215350721,11.11591911315918,3535600,0.0,0.0
2003-01-22,11.115919661041346,11.481143968198117,10.947354458801442,11.28448486328125,3885100,0.0,0.0
2003-01-23,11.527967578096765,11.733990719047489,11.097190539516722,11.602885246276855,3339000,0.0,0.0
2003-01-24,11.51860083650454,11.57478863226688,10.806882207529547,10.82561206817627,3648500,0.0,0.0
2003-01-27,10.703874228395705,11.247027865322336,10.329284928146478,10.413567543029785,2454200,0.0,0.0
2003-01-28,10.554036405157715,10.619589137856657,10.170082260965195,10.310553550720215,3194000,0.0,0.0
2003-01-29,10.301189866176871,10.413566375728108,10.029613078155773,10.067071914672852,5489100,0.0,0.0
2003-01-30,10.076436491061624,10.20754196769473,9.458365263822479,9.51455307006836,4077400,0.0,0.0
2003-01-31,8.194128248539084,9.729942321777344,8.194128248539084,9.729942321777344,5955900,0.0,0.0
2003-02-03,9.739305104835251,10.02024678716663,9.608199641345864,9.711211204528809,2844700,0.0,0.0
2003-02-04,9.720578387903934,9.748672294719691,9.402177800361368,9.533284187316895,2407900,0.0,0.0
2003-02-05,9.69248003748094,10.057703337913365,9.561373710632324,9.561373710632324,2600800,0.0,0.0
2003-02-06,9.617564572866389,9.729941067185685,9.177422633632403,9.317893028259277,2888700,0.0,0.0
2003-02-07,9.458362768722331,9.486456664434149,8.933938321264964,9.018220901489258,1413000,0.0,0.0
2003-02-10,9.111869961687283,9.2523412640932,8.896481881656259,9.121234893798828,1202100,0.0,0.0
2003-02-11,9.13059875928863,9.374081607211012,8.924574742347458,8.98076343536377,1746000,0.0,0.0
2003-02-12,8.980763284436824,9.158692505335146,8.849656931661402,8.97139835357666,1734000,0.0,0.0
2003-02-13,8.971395557290643,9.26170207184765,8.93393673861445,9.10250186920166,2007700,0.0,0.0
2003-02-14,9.158692114552156,9.692481540649325,9.158692114552156,9.664386749267578,1985300,0.0,0.0
2003-02-18,9.926599337431655,10.48848176272148,9.926599337431655,10.244998931884766,2903000,0.0,0.0
2003-02-19,10.245001286317736,10.357378690290387,9.954695523140892,10.141989707946777,1707800,0.0,0.0
2003-02-20,10.226267872325081,10.460385724909285,10.085797518010054,10.35737419128418,3182700,0.0,0.0
2003-02-21,10.86307144165039,10.909894309439634,10.329281996581242,10.86307144165039,4008800,0.0,0.0
2003-02-24,10.769425898723071,11.012908785557329,10.713237196727043,10.872437477111816,2175700,0.0,0.0
2003-02-25,10.872437267460269,10.872437267460269,10.235637051289611,10.788155555725098,2375600,0.0,0.0
2003-02-26,10.788153157173397,10.788153157173397,10.301187501163017,10.366740226745605,2247800,0.0,0.0
2003-02-27,10.488484350126637,10.760061145950917,10.254366391895733,10.68514347076416,2331800,0.0,0.0
2003-02-28,10.685139302556117,11.040998567419246,10.469751293688027,10.853704452514648,1987600,0.0,0.0
2003-03-03,10.947353397330698,11.144012483179225,10.310553270893214,10.422929763793945,1787100,0.0,0.0
2003-03-04,10.43229636421274,10.441660403636195,10.067072034024424,10.141989707946777,2905200,0.0,0.0
2003-03-05,10.160716148668879,10.357375199710496,9.907868414577306,10.170080184936523,1678600,0.0,0.0
2003-03-06,10.123259922594523,10.291824228830913,9.861047191846273,10.020247459411621,2519300,0.0,0.0
2003-03-07,9.739306332479675,9.889142570208602,9.514553315519937,9.79549503326416,4110200,0.0,0.0
2003-03-10,9.739306335956368,10.010883121485273,9.645659692067596,9.92660140991211,2070100,0.0,0.0
2003-03-11,9.889142517607102,10.085801629673096,9.87977758534465,10.057706832885742,2352600,0.0,0.0
2003-03-12,10.057705241903937,10.50721209541613,10.020246411868667,10.46975326538086,3232600,0.0,0.0
2003-03-13,10.956720616059902,11.837004667215224,10.72260265036166,11.70589828491211,5370000,0.0,0.0
2003-03-14,11.462414087599376,11.89319113140241,11.37813148660262,11.481143951416016,5142100,0.0,0.0
2003-03-17,11.331308307384974,12.408250441279256,11.293849473851843,11.986838340759277,3513400,0.0,0.0
2003-03-18,11.986840054018908,12.64237018108707,11.705898315821361,12.305240631103516,2299100,0.0,0.0
2003-03-19,12.305240911452838,12.389522631052037,11.837004968152202,12.127310752868652,3030600,0.0,0.0
2003-03-20,12.127307533480952,12.64236711299869,11.846365863463191,12.426979064941406,3329700,0.0,0.0
2003-03-21,12.707920915524882,12.867121178882341,12.455074016308874,12.76410961151123,2714400,0.0,0.0
2003-03-24,12.361426359606035,12.398885192180124,12.014931935023474,12.164767265319824,2123800,0.0,0.0
2003-03-25,12.239685104953924,12.408250300484848,11.911920538530381,12.108579635620117,2739200,0.0,0.0
2003-03-26,12.117941693903513,12.417613202888344,11.70589459704658,11.846364974975586,3670200,0.0,0.0
2003-03-27,11.752717941721365,11.752717941721365,11.14401090817743,11.556058883666992,5522600,0.0,0.0
2003-03-28,11.424956659878019,11.612250855661754,11.228297531032801,11.247027397155762,1843100,0.0,0.0
2003-03-31,10.30119041327934,11.200203430525468,10.30119041327934,10.900532722473145,2774400,0.0,0.0
2003-04-01,11.031637025706162,11.378131467944245,10.966084288633544,11.218931198120117,2054300,0.0,0.0
2003-04-02,11.54669491852927,12.033660586043077,11.54669491852927,12.014930725097656,2327600,0.0,0.0
2003-04-03,12.014930482676359,12.174130725144593,11.84636530992437,11.996201515197754,2002300,0.0,0.0
2003-04-04,11.99620269204794,12.024296592566367,11.331307759185188,11.687166213989258,2515200,0.0,0.0
2003-04-07,12.249049907171278,12.38015626820982,11.911920412758047,12.033661842346191,2251700,0.0,0.0
2003-04-08,11.9400124779458,12.033659991871124,11.55605927841196,11.584153175354004,1719900,0.0,0.0
2003-04-09,11.574790037651988,11.846366798381304,11.050366379114212,11.11591911315918,2118400,0.0,0.0
2003-04-10,11.303212290061198,11.462412538632957,11.12528307329279,11.18147087097168,2055800,0.0,0.0
2003-04-11,11.387495873888497,11.612248870404686,11.069095348946052,11.11591911315918,1931200,0.0,0.0
2003-04-14,11.115917637953052,11.53732967376709,10.86307077370019,11.53732967376709,2639800,0.0,0.0
2003-04-15,11.537335263746204,11.752724297665077,10.507216554105627,11.593523979187012,2685500,0.0,0.0
2003-04-16,11.902555640054963,11.93064954169184,10.816248583812747,10.99417781829834,4812700,0.0,0.0
2003-04-17,10.9941775632099,11.771449004145024,10.94735379950883,11.565425872802734,4041800,0.0,0.0
2003-04-21,11.565422967313213,11.574787003229766,11.209563702909398,11.36876392364502,2147400,0.0,0.0
2003-04-22,11.368765691859194,11.818271636962889,11.134647788845454,11.81827163696289,1974700,0.0,0.0
2003-04-23,11.818272175047065,11.9212837355512,11.499871669557425,11.659071922302246,2163500,0.0,0.0
2003-04-24,11.65907318277967,11.69653201729353,11.321943672154937,11.350037574768066,1237100,0.0,0.0
2003-04-25,11.35003689689469,11.35003689689469,10.572765457337333,10.713235855102539,2681800,0.0,0.0
2003-04-28,10.741330387746961,11.08782480114667,10.722600525519901,10.956718444824219,2532400,0.0,0.0
2003-04-29,11.003544510006506,11.331310022859391,10.825615247059256,10.984814643859863,3793500,0.0,0.0
2003-04-30,11.012906761989464,11.16274208232854,10.86307144165039,10.86307144165039,5528900,0.0,0.0
2003-05-01,10.928624544572617,11.05036596978154,10.778789219112092,10.956718444824219,1839000,0.0,0.0
2003-05-02,11.012908018942706,12.005567576030302,10.97544918458259,11.940014839172363,4988000,0.0,0.0
2003-05-05,11.940013065556709,12.511260427965448,11.83700150964039,12.277142524719238,3702100,0.0,0.0
2003-05-06,12.19286261021744,12.539357050448276,11.968108711533633,12.333333015441895,2616600,0.0,0.0
2003-05-07,12.146037883672914,12.220955546280432,11.724625808233379,11.808907508850098,1962200,0.0,0.0
2003-05-08,11.23766025539555,11.808907663532786,11.23766025539555,11.424954414367676,3145900,0.0,0.0
2003-05-09,11.659071706443573,12.314601673973812,11.602883908332124,12.23031997680664,2508500,0.0,0.0
2003-05-12,12.230320499422152,13.325991540304152,12.052390380591863,13.11996841430664,4741900,0.0,0.0
2003-05-13,13.119968394720747,13.4851917767732,12.633002694532161,13.382180213928223,4241000,0.0,0.0
2003-05-14,13.36344834472135,13.372812380701296,12.78283524570272,13.185518264770508,2231000,0.0,0.0
2003-05-15,13.26044163141179,13.382183082555642,13.0075946891047,13.251076698303223,1785500,0.0,0.0
2003-05-16,13.251072269759907,13.438367296980063,12.885848931476138,13.400908470153809,2978000,0.0,0.0
2003-05-19,13.138697383281729,13.260438808509075,12.895215425916021,12.923309326171875,2781300,0.0,0.0
2003-05-20,12.93267545897347,13.61629941828423,12.93267545897347,13.073145866394043,3132500,0.0,0.0
2003-05-21,13.166792449404069,13.812957527209273,13.166792449404069,13.597569465637207,2975100,0.0,0.0
2003-05-22,13.550746148967036,14.51531177836784,13.485192520731928,14.225005149841309,5150200,0.0,0.0
2003-05-23,14.22500123177332,14.562131532441894,14.000248293386797,14.346742630004883,2952700,0.0,0.0
2003-05-27,14.121995363473957,15.2832202379457,14.075171592565274,15.077197074890137,4776000,0.0,0.0
2003-05-28,15.086562174926923,15.367503017314998,14.974184766264704,15.358138084411621,4549100,0.0,0.0
2003-05-29,15.35813520302869,15.67653571729426,15.264487677742702,15.423687934875488,3950300,0.0,0.0
2003-05-30,15.798278715870048,16.144772252307558,15.685901323455306,16.060489654541016,3443100,0.0,0.0
2003-06-02,16.266515010281484,16.66919636058135,15.779549273788215,15.826372146606445,4280200,0.0,0.0
2003-06-03,15.817004051935871,15.976204288332488,15.620345882010623,15.807639122009277,2987400,0.0,0.0
2003-06-04,15.826374257059378,16.762846127727723,15.685903833694795,16.500635147094727,2125700,0.0,0.0
2003-06-05,16.5006358191912,16.996964787707533,16.107317546042896,16.95014190673828,3922700,0.0,0.0
2003-06-06,17.605670454093566,17.79296554269857,16.463175414902388,16.500635147094727,3447600,0.0,0.0
2003-06-09,16.491259407291764,16.538082255670737,16.060481700261068,16.163494110107422,2953500,0.0,0.0
2003-06-10,16.247784967873685,16.38825537096059,15.779549100131954,16.210325241088867,3686600,0.0,0.0
2003-06-11,16.21032880366043,16.566189141611908,15.732727899259332,16.32270622253418,4735900,0.0,0.0
2003-06-12,16.3227053037853,16.388258050197546,15.901292239451724,16.257152557373047,2135400,0.0,0.0
2003-06-13,16.079217783341942,16.200958307997144,15.358134207416446,15.479876518249512,2027400,0.0,0.0
2003-06-16,15.695269521702995,16.023035049438477,15.292586312157557,16.023035049438477,1636500,0.0,0.0
2003-06-17,16.19160107068169,16.847130371983322,15.751458105650137,16.753482818603516,2547200,0.0,0.0
2003-06-18,16.622376780405514,17.998989876378232,16.491271281601957,17.783601760864258,5189800,0.0,0.0
2003-06-19,17.830425845003187,17.98026120620671,16.79094146374765,16.940776824951172,3255700,0.0,0.0
2003-06-20,17.081242835976656,17.081242835976656,16.566184138294602,16.772207260131836,2507400,0.0,0.0
2003-06-23,16.762843367008145,16.893950621910566,16.060489579679498,16.182231903076172,1225400,0.0,0.0
2003-06-24,15.901286635097478,16.388252274213922,15.264485689511012,15.807639122009277,2009000,0.0,0.0
2003-06-25,15.676540752854132,16.107318793071396,15.3862349387768,15.564165115356445,2532200,0.0,0.0
2003-06-26,15.629712105246922,16.191595444092464,15.629712105246922,16.08858299255371,2986100,0.0,0.0
2003-06-27,16.13541341532065,16.716026887442553,16.088590526066074,16.219696044921875,2134300,0.0,0.0
2003-06-30,16.453808106655938,16.734750699007826,15.966842375521797,16.210325241088867,2503800,0.0,0.0
2003-07-01,16.210324748626036,16.59427800561567,15.68590109281693,16.566184997558594,2160400,0.0,0.0
2003-07-02,16.566187141829722,16.73475235670281,16.425716724828238,16.716022491455078,2532100,0.0,0.0
2003-07-03,16.36015602177746,16.70665125337256,16.350791092688123,16.416345596313477,1026900,0.0,0.0
2003-07-07,17.231080063014502,17.952163748414243,16.800303909873755,17.82105827331543,3392700,0.0,0.0
2003-07-08,17.821057923742515,18.02708106431052,17.51202231980146,17.933433532714844,3437700,0.0,0.0
2003-07-09,17.933430298899285,18.392301156177066,17.558842026241685,18.10199546813965,4316600,0.0,0.0
2003-07-10,15.88255614753855,17.961524068456796,15.695262914942045,17.774229049682617,3165400,0.0,0.0
2003-07-11,17.783596481105427,17.830421135475287,17.14679547109875,17.418373107910156,2883400,0.0,0.0
2003-07-14,17.961531824824306,18.308025437152654,17.80233152597174,17.905344009399414,2793900,0.0,0.0
2003-07-15,18.06454032555096,18.251833597734077,17.21234941756789,17.502656936645508,4238300,0.0,0.0
2003-07-16,17.418372029407507,17.418372029407507,15.461146252382132,15.779546737670898,9984300,0.0,0.0
2003-07-17,15.779551938086724,15.920022366437255,15.170845557782158,15.610986709594727,3912700,0.0,0.0
2003-07-18,15.676534610191888,15.788911989834396,15.086558279057817,15.348769187927246,2450300,0.0,0.0
2003-07-21,15.114651363478105,15.320676262871844,14.758792934072888,15.021005630493164,1827300,0.0,0.0
2003-07-22,15.255123528030273,15.601617026736049,15.086558350853252,15.545429229736328,2809800,0.0,0.0
2003-07-23,15.82637770217574,16.453814063552223,15.554801729377479,16.219696044921875,3301000,0.0,0.0
2003-07-24,16.36015825258073,16.481900561164792,15.817004794580177,15.92001724243164,2555000,0.0,0.0
2003-07-25,15.920019179449378,16.22905477442686,15.620348515977641,16.182231903076172,1801800,0.0,0.0
2003-07-28,16.182229815401225,16.42571264460472,15.920017125602579,16.303970336914062,2555300,0.0,0.0
2003-07-29,16.30397755061343,16.31334248505452,15.704636035812355,16.00430679321289,1739200,0.0,0.0
2003-07-30,16.06985468040806,16.10731440682552,15.779548945385022,15.79827880859375,1288400,0.0,0.0
2003-07-31,15.985574082368935,16.163504232759543,15.404962539672853,15.404962539672852,3072300,0.0,0.0
2003-08-01,15.423689487342159,15.498607157876169,15.114653873117101,15.461149215698242,2465100,0.0,0.0
2003-08-04,15.461146567569756,15.807640064626602,15.105286353850024,15.348769187927246,2057000,0.0,0.0
2003-08-05,15.39559443430854,15.39559443430854,14.983546407959826,14.992911338806152,1684800,0.0,0.0
2003-08-06,14.983547528987113,15.124017929835757,14.57150036489914,14.608959197998047,2255000,0.0,0.0
2003-08-07,14.749429402028603,14.84307693007074,14.281193547995949,14.73069953918457,3017100,0.0,0.0
2003-08-08,14.768158875946488,14.843076539171602,13.944063687381254,14.112627983093262,2112800,0.0,0.0
2003-08-11,14.187546316459404,14.524676709985576,14.1407234445488,14.225005149841309,2357600,0.0,0.0
2003-08-12,14.318654263437182,14.805620044347801,14.075171372981872,14.796255111694336,1916200,0.0,0.0
2003-08-13,14.805616662241858,15.620346862109516,14.805616662241858,15.152111053466797,3310700,0.0,0.0
2003-08-14,15.161477797349487,15.639078593629213,14.97418273702008,15.414323806762695,2122600,0.0,0.0
2003-08-15,15.582887692701284,15.582887692701284,14.805617187324447,14.992911338806152,1146900,0.0,0.0
2003-08-18,15.245761278845414,16.21969100490095,15.245761278845414,16.135408401489258,2370200,0.0,0.0
2003-08-19,16.14476707124915,16.734745066283597,16.135402142705072,16.481897354125977,3046100,0.0,0.0
2003-08-20,15.639075654777836,16.42571190245395,15.639075654777836,16.126039505004883,3056300,0.0,0.0
2003-08-21,16.200956987674576,16.790935060324372,16.163499054747923,16.762840270996094,2705700,0.0,0.0
2003-08-22,17.043791515146555,17.324732407279637,16.10731949313144,16.154142379760742,2975600,0.0,0.0
2003-08-25,16.15413803399302,16.266515432321793,15.920020091471383,16.247785568237305,2152100,0.0,0.0
2003-08-26,15.920019179449378,16.294607508789046,15.667171387328333,16.182231903076172,2869100,0.0,0.0
2003-08-27,15.985572792496082,16.659833608547864,15.985572792496082,16.641103744506836,2201600,0.0,0.0
2003-08-28,16.99695913861678,16.99695913861678,16.641100717459327,16.697288513183594,4214500,0.0,0.0
2003-08-29,16.697288513183594,16.87521861685123,16.481900474425718,16.697288513183594,2423700,0.0,0.0
2003-09-02,16.697289590472334,16.82839505101366,16.12604130752294,16.378889083862305,3521800,0.0,0.0
2003-09-03,16.528725007949923,17.24980863953309,16.360159817587313,16.809667587280273,4444400,0.0,0.0
2003-09-04,16.856494457690747,18.21437944792054,16.762846909023448,18.027084350585938,4450600,0.0,0.0
2003-09-05,18.02707531570365,19.075924119989978,16.86585093828015,18.832441329956055,5510900,0.0,0.0
2003-09-08,19.104026768046015,19.647180408984337,18.869908788569525,19.637815475463867,3916900,0.0,0.0
2003-09-09,19.63780875489869,19.956209240916127,19.113385160472603,19.693998336791992,4469200,0.0,0.0
2003-09-10,19.281953263146438,19.384965726089515,18.27056385572652,18.457857131958008,5315200,0.0,0.0
2003-09-11,18.45785369286214,19.178937226754094,18.10199528400174,18.73879623413086,4050000,0.0,0.0
2003-09-12,18.73880033817921,19.197671291288135,18.457857735380298,19.16021156311035,2747600,0.0,0.0
2003-09-15,19.169576906652367,19.58162499456231,18.83244827670622,18.916730880737305,2821100,0.0,0.0
2003-09-16,18.916727704146677,20.031127661549778,18.785620460904397,19.88129234313965,3504700,0.0,0.0
2003-09-17,19.89066100340424,20.461909378315774,19.787648532865248,20.00303840637207,3544300,0.0,0.0
2003-09-18,20.003031843928586,20.63046782139047,18.11135898218647,20.340160369873047,4723700,0.0,0.0
2003-09-19,20.34016610779707,21.11743760187396,20.34016610779707,20.602378845214844,3963500,0.0,0.0
2003-09-22,20.227785749235338,20.274608612060547,19.92811514032748,20.274608612060547,2592700,0.0,0.0
2003-09-23,20.293339654755552,20.5087276941929,20.04985682427853,20.480634689331055,2250400,0.0,0.0
2003-09-24,20.41508685904103,20.5087344069809,19.15085121347726,19.21640396118164,2304600,0.0,0.0
2003-09-25,19.319408848209104,19.740821794156616,18.91672754963222,18.954185485839844,2893400,0.0,0.0
2003-09-26,18.9167287885002,18.9167287885002,18.176915298536603,18.251832962036133,3656400,0.0,0.0
2003-09-29,18.26120126312356,18.411036617772872,17.764870534486263,18.22374153137207,4992200,0.0,0.0
2003-09-30,18.23310244598852,18.23310244598852,17.259172855408487,17.418373107910156,3990000,0.0,0.0
2003-10-01,17.48392151071804,17.661851580931373,17.184250941628736,17.51201629638672,3391900,0.0,0.0
2003-10-02,17.455830557414494,17.961526093409454,17.380912898694262,17.52138328552246,2336500,0.0,0.0
2003-10-03,17.839789576611718,18.167555109799068,17.764871893555622,17.783601760864258,6104300,0.0,0.0
2003-10-06,17.802328886022565,17.93343436463152,17.465198471110185,17.858516693115234,1615900,0.0,0.0
2003-10-07,17.71804352685011,18.551502716124592,17.66185572849556,18.4484920501709,2547600,0.0,0.0
2003-10-08,18.588959000151014,18.916724371241465,18.02707576202133,18.092628479003906,2661100,0.0,0.0
2003-10-09,18.401668484097428,18.757528729125895,18.02708016262905,18.13009262084961,2617300,0.0,0.0
2003-10-10,18.401667602233854,18.401667602233854,17.849149184729594,17.94279670715332,1957300,0.0,0.0
2003-10-13,17.952159312490338,18.44848986671686,17.643123778849063,17.652488708496094,2945800,0.0,0.0
2003-10-14,17.689950175272553,18.354846023633215,17.23107924795398,18.28929328918457,4414100,0.0,0.0
2003-10-15,19.291316610101312,20.218423341892823,18.72943325520944,19.00101089477539,6753500,0.0,0.0
2003-10-16,18.748165270223655,19.216401155377024,18.73880033817921,19.16021156311035,2317900,0.0,0.0
2003-10-17,19.291316516761473,19.291316516761473,18.439127450666945,18.476585388183594,2198000,0.0,0.0
2003-10-20,18.476587117106885,19.010375726457774,18.34548164426368,18.86054039001465,2269400,0.0,0.0
2003-10-21,18.954185423202315,19.24449112601908,18.720067517600246,19.075927734375,1909600,0.0,0.0
2003-10-22,18.36421256381115,18.691976264765675,17.99898734732464,18.008352279663086,2306100,0.0,0.0
2003-10-23,17.558841248983285,17.802324061977174,17.324723365663505,17.530746459960938,3152700,0.0,0.0
2003-10-24,17.418373107910156,17.849149211045304,17.062512879410928,17.418373107910156,2362500,0.0,0.0
2003-10-27,17.530752387683922,17.87724775807684,17.455834711136575,17.67122459411621,1635200,0.0,0.0
2003-10-28,18.167551544621638,20.55555557250046,18.167551544621638,20.443178176879883,6920800,0.0,0.0
2003-10-29,20.209056862652698,20.986328211747885,20.209056862652698,20.73348045349121,4288800,0.0,0.0
2003-10-30,21.070613250121355,22.00708495012675,20.93014285235615,21.426471710205078,6258300,0.0,0.0
2003-10-31,21.426470442549007,21.68868314606129,21.173624456001992,21.33282470703125,2423600,0.0,0.0
2003-11-03,21.566945182219627,22.700075149536133,21.566945182219627,22.700075149536133,4321200,0.0,0.0
2003-11-04,22.700077492809935,22.746902157147183,22.007088536223446,22.19438362121582,3623400,0.0,0.0
2003-11-05,22.194380937888567,22.700074748343695,21.88534533533874,22.540874481201172,2186900,0.0,0.0
2003-11-06,22.568969420508754,23.702099375033743,22.531509693328704,23.60845184326172,4416400,0.0,0.0
2003-11-07,23.66464271818039,23.94558354256345,23.102759283236058,23.561630249023438,3709000,0.0,0.0
2003-11-10,23.439884719945734,23.6271779676711,22.2037407113048,22.306753158569336,3667600,0.0,0.0
2003-11-11,22.30675751717475,22.84054614606672,22.24120477835337,22.475322723388672,2613100,0.0,0.0
2003-11-12,22.615795285587108,23.205773563485835,22.568972406595044,23.15894889831543,3312600,0.0,0.0
2003-11-13,23.15894483830857,23.52417001789655,22.33485052374359,22.61579132080078,4767100,0.0,0.0
2003-11-14,22.662615619787097,22.662615619787097,21.257908084333632,21.538848876953125,3815700,0.0,0.0
2003-11-17,21.538848984701417,21.857249503891243,21.070613137207907,21.679319381713867,2220400,0.0,0.0
2003-11-18,22.653247035618616,23.15894073802423,21.95089338114914,22.081998825073242,4904300,0.0,0.0
2003-11-19,22.082004504282242,22.615793133174215,22.04454656188924,22.475322723388672,2290600,0.0,0.0
2003-11-20,22.241201806575695,22.79372022592802,21.99771896193078,22.007083892822266,1887600,0.0,0.0
2003-11-21,22.08200931184189,22.4659626823975,21.894714200565637,22.278669357299805,2582400,0.0,0.0
2003-11-24,22.419132453850406,23.09339141845703,22.419132453850406,23.09339141845703,1719600,0.0,0.0
2003-11-25,23.318150586688258,23.514810619847395,22.990385055541992,22.990385055541992,2406800,0.0,0.0
2003-11-26,23.30877652105919,23.542894410699972,22.76562308853969,23.280683517456055,1851300,0.0,0.0
2003-11-28,23.140219245513002,23.570997238159183,23.065301566728234,23.57099723815918,602000,0.0,0.0
2003-12-01,23.683371952048397,23.89876003075105,23.243229076411144,23.514806747436523,3237800,0.0,0.0
2003-12-02,23.514806396225207,23.823842004671906,23.243228729256046,23.627182006835938,2527100,0.0,0.0
2003-12-03,23.69273409038652,24.638570753459362,23.69273409038652,23.973676681518555,4786800,0.0,0.0
2003-12-04,23.973675295215823,24.123510620683962,22.465955323242458,23.09339141845703,3761200,0.0,0.0
2003-12-05,22.87800764493486,22.87800764493486,22.147558956878573,22.19438362121582,4346900,0.0,0.0
2003-12-08,22.194378938296182,22.36294233580919,21.62313065716088,22.007083892822266,2625500,0.0,0.0
2003-12-09,22.19438616758031,22.241209051111245,21.22981940570785,21.304737091064453,2290300,0.0,0.0
2003-12-10,21.351551873239412,21.58566977442045,20.836493205112266,21.276634216308594,2344500,0.0,0.0
2003-12-11,21.257903178799957,21.875974208877427,21.21107853338343,21.716773986816406,2532200,0.0,0.0
2003-12-12,21.92280569485633,22.175653521069773,21.613770058210434,22.04454803466797,1697300,0.0,0.0
2003-12-15,22.4659571901216,22.475322122013814,21.1174373626709,21.1174373626709,2516600,0.0,0.0
2003-12-16,21.164254070218952,21.285994566720692,20.36825302023851,20.967594146728516,3170200,0.0,0.0
2003-12-17,20.97696198768854,21.25790451937182,20.499361291386894,20.639833450317383,1949400,0.0,0.0
2003-12-18,21.201721744087617,22.372311536251082,21.117439136157586,22.166288375854492,3011600,0.0,0.0
2003-12-19,22.10073235184809,22.428497802224133,21.997719893855564,22.0726375579834,2791600,0.0,0.0
2003-12-22,21.7916963575285,22.241202333910074,21.632496100954445,21.913436889648438,1505700,0.0,0.0
2003-12-23,21.91343653376896,22.849908195777697,21.8666136651397,22.803085327148438,1870900,0.0,0.0
2003-12-24,22.87800502444903,23.411793633504434,22.87800502444903,23.20577049255371,1372400,0.0,0.0
2003-12-26,23.2151344481384,23.383697854821836,23.168309791133535,23.27132225036621,665700,0.0,0.0
2003-12-29,23.261957411231855,23.82384079427272,23.24322754835562,23.805110931396484,1974800,0.0,0.0
2003-12-30,23.833205502170017,24.076686572565254,23.589722645596762,23.91748809814453,1996800,0.0,0.0
2003-12-31,23.91748303283684,23.992400681594816,23.63654051036121,23.833200454711914,2062500,0.0,0.0
2004-01-02,23.83320391581369,23.926849650727334,23.43988575617153,23.552261352539062,2639500,0.0,0.0
2004-01-05,23.65528263023691,24.629212568903522,23.636552761794835,24.57302474975586,3130200,0.0,0.0
2004-01-06,24.38572267226642,24.863321642887584,24.263980357262653,24.750946044921875,2626100,0.0,0.0
2004-01-07,24.563658203029043,24.938246616387513,24.160974988851773,24.86332893371582,3048800,0.0,0.0
2004-01-08,25.37838164904934,26.099465236207923,25.209816469071708,26.024547576904297,4506000,0.0,0.0
2004-01-09,25.790435967474497,26.27739997879729,25.33156318271261,25.80916404724121,4262400,0.0,0.0
2004-01-12,25.846622407712452,25.98709282249027,25.537586780729967,25.97772789001465,2855000,0.0,0.0
2004-01-13,26.22121479355286,26.22121479355286,24.69476628970386,25.05062484741211,3817600,0.0,0.0
2004-01-14,25.331562074662717,25.331562074662717,24.43254998276511,24.92888069152832,2926000,0.0,0.0
2004-01-15,25.930901451515336,28.112880405591085,25.930901451515336,28.09415054321289,14559300,0.0,0.0
2004-01-16,28.094145094217357,28.553015916414925,27.888122006550383,28.375085830688477,8155000,0.0,0.0
2004-01-20,28.562390062545997,28.74968513808316,27.925588949133505,28.740320205688477,3023200,0.0,0.0
2004-01-21,28.646672317760387,28.656037250040598,27.62591791953419,27.925588607788086,2026200,0.0,0.0
2004-01-22,27.860035353177057,28.187800832214773,26.380410017631924,26.43659782409668,3995500,0.0,0.0
2004-01-23,26.64261516848012,26.745625819958082,25.659319011476178,25.921531677246094,4733200,0.0,0.0
2004-01-26,26.080734224449344,26.35231005762941,25.659321293093257,26.21183967590332,2557000,0.0,0.0
2004-01-27,26.221211424782975,26.38977664115939,25.022526830911573,25.08808135986328,3326000,0.0,0.0
2004-01-28,25.397120257388313,25.996461738235254,24.985072096216786,25.05062484741211,3482100,0.0,0.0
2004-01-29,25.20045563490807,25.34092604566464,23.898760423090614,24.33890151977539,3337100,0.0,0.0
2004-01-30,24.348269102362725,25.331563870871406,24.348269102362725,25.19109344482422,3757300,0.0,0.0
2004-02-02,25.312829238872542,25.528217288807863,24.629203579676645,24.741580963134766,2952000,0.0,0.0
2004-02-03,25.397113585622538,25.397113585622538,23.823840825516093,24.067323684692383,3656100,0.0,0.0
2004-02-04,23.599080827473234,23.73955118519608,22.934185181191424,22.94355010986328,3823100,0.0,0.0
2004-02-05,23.130850727629465,23.683369150190234,22.70007283500913,22.93419075012207,4813900,0.0,0.0
2004-02-06,23.1308530435099,25.20981969483662,23.121488111626405,25.06934928894043,5287400,0.0,0.0
2004-02-09,25.106807596659316,25.256642936625422,24.638571712720687,24.704124450683594,2239700,0.0,0.0
2004-02-10,24.79777150426953,25.03188944170299,24.357630424918742,24.66666603088379,1926600,0.0,0.0
2004-02-11,24.582386691240227,25.425211020561363,24.51683394585212,25.294105529785156,4007200,0.0,0.0
2004-02-12,25.05061852440478,25.902807647200564,24.87268839737261,25.013158798217773,2018900,0.0,0.0
2004-02-13,25.153636319398128,25.518859796281575,23.45862085972508,24.179704666137695,2570800,0.0,0.0
2004-02-17,24.320172051376254,24.88205548973012,24.170336705972318,24.76031494140625,2182700,0.0,0.0
2004-02-18,24.666660460900985,25.041248718973065,24.404447787161676,24.676025390625,1440700,0.0,0.0
2004-02-19,25.518852063265513,25.66868738202715,24.076684887462367,24.198427200317383,4154700,0.0,0.0
2004-02-20,24.114142790233917,24.348260681401236,23.130848361802276,23.290048599243164,5655400,0.0,0.0
2004-02-23,23.393059298452663,23.496071742326777,21.79169377737918,22.128822326660156,5566000,0.0,0.0
2004-02-24,22.082004954217638,22.082004954217638,21.37028617246721,21.576311111450195,6065800,0.0,0.0
2004-02-25,21.84788674161496,22.756263732910153,21.688686466214957,22.756263732910156,4697500,0.0,0.0
2004-02-26,22.53150944825784,23.327510780394935,22.36294425013727,23.05593490600586,3865400,0.0,0.0
2004-02-27,22.990378812319094,23.27132138537158,22.72816788755033,23.084026336669922,3028100,0.0,0.0
2004-03-01,23.084030407141473,23.78638428435376,22.971654787047342,23.767654418945312,2393300,0.0,0.0
2004-03-02,23.552262736467263,24.095416247300367,23.411792339664874,23.645910263061523,2569500,0.0,0.0
2004-03-03,23.411794089908554,23.421159021885895,22.194381511704567,22.31612205505371,3992400,0.0,0.0
2004-03-04,22.33485284456594,22.52214613333977,21.988357491758126,22.381675720214844,3469600,0.0,0.0
2004-03-05,22.288022610856917,22.793718115099434,21.829151756735612,22.522140502929688,3899400,0.0,0.0
2004-03-08,22.66262172180509,22.9341976563033,21.35155957342978,21.40774917602539,3203200,0.0,0.0
2004-03-09,21.445195948964773,21.857243889038948,20.93013736350522,21.688678741455078,5350400,0.0,0.0
2004-03-10,21.62313040217763,21.997718702530324,20.74284655671536,20.93950653076172,3353400,0.0,0.0
2004-03-11,20.789675469800624,21.53885222398983,20.752215739002025,20.97696876525879,5038100,0.0,0.0
2004-03-12,21.211083320609966,21.726143819372613,21.07997785620907,21.398378372192383,2318600,0.0,0.0
2004-03-15,21.257909146446494,21.257909146446494,19.675271410632128,20.55555534362793,2491700,0.0,0.0
2004-03-16,20.836497034572073,21.117437853151216,20.143508134055775,20.752214431762695,2597800,0.0,0.0
2004-03-17,20.976963027489532,21.520116472254053,20.89268044242454,21.492023468017578,2173000,0.0,0.0
2004-03-18,21.49202342588775,21.70741146010817,20.836492606928985,21.098705291748047,2835900,0.0,0.0
2004-03-19,20.574279344179608,20.742844509244176,19.740820234891157,19.759550094604492,5059900,0.0,0.0
2004-03-22,19.62844271179494,19.946843179761412,19.38496168210549,19.750185012817383,3315400,0.0,0.0
2004-03-23,19.993670439327875,20.04049330818712,19.169574372452708,19.665904998779297,4013700,0.0,0.0
2004-03-24,19.768920545744237,20.77094509995377,19.759555613272024,20.40572166442871,4844500,0.0,0.0
2004-03-25,20.6023822526367,22.35358553002933,20.3682642724931,22.175655364990234,6299700,0.0,0.0
2004-03-26,21.913436889648438,22.259932196137132,21.49202570660745,21.913436889648438,3694900,0.0,0.0
2004-03-29,22.24120263450928,22.568968083200804,22.063272513303367,22.325485229492188,3427100,0.0,0.0
2004-03-30,22.147559415750145,22.568972472625017,21.988359126061674,22.494054794311523,2689500,0.0,0.0
2004-03-31,22.494052190266892,22.66261739350274,22.100733978109304,22.31612205505371,2000700,0.0,0.0
2004-04-01,22.334848661302193,23.34623794702036,22.3254837306908,23.00910758972168,3462200,0.0,0.0
2004-04-02,24.338900674531203,24.966336821220523,23.177675913797472,23.748924255371094,4508600,0.0,0.0
2004-04-05,23.748923485187355,24.17033468915578,23.439887887805952,24.095417022705078,2156800,0.0,0.0
2004-04-06,24.06732297489445,24.06732297489445,23.037203766045405,23.496074676513672,2736300,0.0,0.0
2004-04-07,23.177677335078297,23.69273611694208,22.803088967706618,23.4586181640625,2942000,0.0,0.0
2004-04-08,23.748921054219323,23.861296649303444,23.271320309667107,23.40242576599121,2378000,0.0,0.0
2004-04-12,23.48671127359844,23.60845181442872,23.19640553302001,23.599088668823242,2017400,0.0,0.0
2004-04-13,24.114142633000355,24.16096549645741,23.084023561345372,23.280683517456055,3344200,0.0,0.0
2004-04-14,23.271322579956134,23.823841037192636,22.962286984059283,23.299415588378906,2396800,0.0,0.0
2004-04-15,23.29941736621627,23.29941736621627,21.688686529269695,21.960264205932617,3844200,0.0,0.0
2004-04-16,21.88534727773982,22.063275637966452,21.35155683852518,21.482664108276367,4016900,0.0,0.0
2004-04-19,21.445205915575897,21.791701300662083,21.089347383430262,21.595041275024414,3770100,0.0,0.0
2004-04-20,21.651231367990025,22.053912789325533,20.770947271530172,20.82713508605957,2988200,0.0,0.0
2004-04-21,22.147557936938927,23.08402974641777,20.677297481845667,21.46393394470215,6623200,0.0,0.0
2004-04-22,21.1548936936127,22.007082711017446,20.71475268241637,21.276634216308594,5872600,0.0,0.0
2004-04-23,21.41710804387719,22.053907283995432,21.39837818165013,21.913436889648438,2335900,0.0,0.0
2004-04-26,21.922799494328586,21.969622358749447,20.8739523274079,21.098705291748047,3725900,0.0,0.0
2004-04-27,21.21108045094508,21.435833410730165,20.283973822014936,20.4244441986084,3281000,0.0,0.0
2004-04-28,20.396350627389747,20.705386161766363,19.946842934151096,20.124773025512695,2864600,0.0,0.0
2004-04-29,20.124774220854317,20.180962016029873,18.77625463339639,19.29131507873535,8399300,0.0,0.0
2004-04-30,19.42242514706984,19.61908515620539,18.869906635649418,19.085294723510742,3817700,0.0,0.0
2004-05-03,19.17893491116389,19.590982850235616,18.392298748471294,18.972911834716797,3693100,0.0,0.0
2004-05-04,19.038464192366654,19.65653519625637,19.038464192366654,19.338134765625,3961000,0.0,0.0
2004-05-05,19.38496532422852,19.750188723560015,19.178940402613375,19.609718322753906,3334600,0.0,0.0
2004-05-06,19.525433100170194,19.562891035133145,18.879267199914512,19.431785583496094,2164300,0.0,0.0
2004-05-07,19.43178202913795,20.218418167428574,19.403687243421324,19.83446502685547,3585300,0.0,0.0
2004-05-10,19.843839511141365,19.946850202685027,19.13212067252584,19.572261810302734,3124300,0.0,0.0
2004-05-11,19.7595510961753,20.30270455214928,19.750186165843942,20.087316513061523,1982100,0.0,0.0
2004-05-12,19.90002129207169,19.928116082802156,18.888632046086453,19.684633255004883,2329600,0.0,0.0
2004-05-13,19.51607399798998,19.89066239037227,19.207038351002296,19.572261810302734,3097500,0.0,0.0
2004-05-14,19.909391562880224,20.012404037013216,19.188307816305862,19.394330978393555,2450000,0.0,0.0
2004-05-17,19.01037322041701,19.356868506626338,18.80435010651122,19.075927734375,2571300,0.0,0.0
2004-05-18,19.562894821166992,19.843837425560494,19.394329615766523,19.562894821166992,2941700,0.0,0.0
2004-05-19,19.85319857980071,20.508727626288863,19.572256028867656,19.693998336791992,3097800,0.0,0.0
2004-05-20,19.71272950673575,19.75955416566638,19.216400625317778,19.25385856628418,2225700,0.0,0.0
2004-05-21,19.62844117378898,19.712723749068864,19.23512487071961,19.51606559753418,2131400,0.0,0.0
2004-05-24,19.693995665734832,19.993666250477446,19.366230293856006,19.647171020507812,1511600,0.0,0.0
2004-05-25,19.52543627270901,20.24651994623178,19.36623600434915,20.180965423583984,1695700,0.0,0.0
2004-05-26,20.08731565201964,20.47126884825805,19.80637311265497,20.4244441986084,2197000,0.0,0.0
2004-05-27,20.555551431449675,20.780304391234765,20.349526545346702,20.4244441986084,1930400,0.0,0.0
2004-05-28,20.55555613454146,20.976967360740336,20.28397846297001,20.87395668029785,1648400,0.0,0.0
2004-06-01,20.658566199819177,20.883319204334914,20.405720186100293,20.574283599853516,1645700,0.0,0.0
2004-06-02,20.040497038386107,20.134144579713453,19.42242576627521,19.91875648498535,3322400,0.0,0.0
2004-06-03,19.80637358221284,19.80637358221284,19.047832101682893,19.281949996948242,3826400,0.0,0.0
2004-06-04,19.525437383754486,19.853202870931693,19.347507241656313,19.459884643554688,3229900,0.0,0.0
2004-06-07,19.60035372004143,20.34953039436152,19.562893993236383,20.29334259033203,2626900,0.0,0.0
2004-06-08,20.13414161079688,20.60237746221076,19.993671212608323,20.508729934692383,2599900,0.0,0.0
2004-06-09,20.36826152775369,20.36826152775369,19.694002478824615,19.722095489501953,1895000,0.0,0.0
2004-06-10,19.946843614930334,20.003033194863956,19.38496210501616,19.909385681152344,1514700,0.0,0.0
2004-06-14,19.572258871361775,19.637811606913083,19.10402300464892,19.366235733032227,1862500,0.0,0.0
2004-06-15,19.665903394517905,19.93748101304564,19.487973292247244,19.684633255004883,1568100,0.0,0.0
2004-06-16,19.665904998779297,19.7501875916683,19.506704744008726,19.665904998779297,1297700,0.0,0.0
2004-06-17,19.65654005767911,19.66590498868174,18.757528115561932,18.879268646240234,2997900,0.0,0.0
2004-06-18,18.57023567224656,19.169577051045934,18.35484758751281,18.663883209228516,3331800,0.0,0.0
2004-06-21,18.80435639346048,19.057204244729224,18.54214360849529,18.58896827697754,1394300,0.0,0.0
2004-06-22,18.682611704694608,19.637811510609193,18.6170571832867,19.628446578979492,2128900,0.0,0.0
2004-06-23,19.61908773115285,20.115416713002986,19.36623988029799,20.059228897094727,1909700,0.0,0.0
2004-06-24,20.04049531643426,20.65856653543824,19.984307510937025,20.199695587158203,2579300,0.0,0.0
2004-06-25,20.209057097669078,20.696022759342508,20.209057097669078,20.48999786376953,2111600,0.0,0.0
2004-06-28,20.733484342548426,20.77094407058083,19.918754905803258,19.946847915649414,1394500,0.0,0.0
2004-06-29,19.9374849982805,21.0706149915729,19.9374849982805,21.014427185058594,2885000,0.0,0.0
2004-06-30,21.02378806090226,21.3421885466823,20.827128096777965,21.257905960083008,2654100,0.0,0.0
2004-07-01,21.07061456151284,21.211084968020636,19.759554457143224,19.928119659423828,3201800,0.0,0.0
2004-07-02,19.937487509570587,19.937487509570587,19.366239081824173,19.600357055664062,2094300,0.0,0.0
2004-07-06,19.27258921134188,19.291319075673613,18.467222906859202,18.645153045654297,2783700,0.0,0.0
2004-07-07,18.691978187281318,19.141486054868604,18.691978187281318,19.06656837463379,2082600,0.0,0.0
2004-07-08,18.738799177716686,19.338140502019787,18.729434246252197,18.944822311401367,2536100,0.0,0.0
2004-07-09,19.197664067582615,19.656534848027437,19.169569282020795,19.441146850585938,1804400,0.0,0.0
2004-07-12,18.63578402371344,18.83244398368163,18.03644278605378,18.49531364440918,4457300,0.0,0.0
2004-07-13,18.542141319421354,18.916731476321377,18.40167090367297,18.429765701293945,2752700,0.0,0.0
2004-07-14,18.289299363530688,18.29866429815912,16.7815788257469,16.837766647338867,7976000,0.0,0.0
2004-07-15,17.043787624242658,17.26854064387628,16.790939807338003,16.828397750854492,3327000,0.0,0.0
2004-07-16,16.93140591996457,17.362183771124872,16.48189999489294,16.65983009338379,3936200,0.0,0.0
2004-07-19,16.659829917631043,16.922040811401082,16.294604794457737,16.781570434570312,3082100,0.0,0.0
2004-07-20,16.697289136818657,17.249807542914056,16.406983430859718,17.128067016601562,3855900,0.0,0.0
2004-07-21,17.57757781878944,17.586942752038734,15.667174304214573,15.73272705078125,5690400,0.0,0.0
2004-07-22,15.742084543401957,16.65046299126859,15.695261685465084,16.51935577392578,4727600,0.0,0.0
2004-07-23,16.481898282370953,16.481898282370953,15.723356889355237,15.770179748535156,2645600,0.0,0.0
2004-07-26,15.8731949082405,16.00430036540267,15.105286668093498,15.301946640014648,3014400,0.0,0.0
2004-07-27,15.301947976103621,15.760818902415414,15.198935515808591,15.526700973510742,4211200,0.0,0.0
2004-07-28,14.608963388346922,15.301952445994102,14.580868585647423,15.170846939086914,4538800,0.0,0.0
2004-07-29,15.30194139610645,15.966835170918879,15.28321154116538,15.91064739227295,2850700,0.0,0.0
2004-07-30,15.770179544087133,16.247780203476445,15.770179544087133,16.013662338256836,2146800,0.0,0.0
2004-08-02,15.87319057489844,16.116671561393368,15.582883161609853,16.051118850708008,1899400,0.0,0.0
2004-08-03,15.910653267713803,15.966841067108602,15.030369408364919,15.067829132080078,3199500,0.0,0.0
2004-08-04,15.236395785561513,15.489243586485024,14.88990045249839,15.367501258850098,3240500,0.0,0.0
2004-08-05,15.507970867897544,15.507970867897544,14.768159152945522,14.786888122558594,3063600,0.0,0.0
2004-08-06,14.702605983268091,14.702605983268091,14.234370118239879,14.290558815002441,2711200,0.0,0.0
2004-08-09,14.402937503516867,14.487220114920312,14.093901857097014,14.37484359741211,1877900,0.0,0.0
2004-08-10,14.374841515690619,14.5527707527058,14.150087620133226,14.431029319763184,3077500,0.0,0.0
2004-08-11,13.625663330530218,14.047075414342698,13.166792414669718,13.335356712341309,6034700,0.0,0.0
2004-08-12,13.016954423470384,13.091872077379854,12.473800986082283,12.689189910888672,4737500,0.0,0.0
2004-08-13,12.501896015142947,12.820295603801343,12.361424741560311,12.707919120788574,3040900,0.0,0.0
2004-08-16,12.820300126030855,12.96077144916331,12.642370855103467,12.88585376739502,2148600,0.0,0.0
2004-08-17,13.110603985567455,13.344721913881159,13.016956457006364,13.091874122619629,2498600,0.0,0.0
2004-08-18,12.829662156733521,13.485192170432938,12.829662156733521,13.410274505615234,3393900,0.0,0.0
2004-08-19,13.410272339895903,13.61629633141683,13.054413042937526,13.129331588745117,3579300,0.0,0.0
2004-08-20,13.13869882253212,13.400911563940237,13.035687248250486,13.288534164428711,2786600,0.0,0.0
2004-08-23,13.297899222969741,13.794229020992217,13.232346483539157,13.494558334350586,2801300,0.0,0.0
2004-08-24,13.606937840475466,13.625667709062716,12.829666155890358,12.895219802856445,2592000,0.0,0.0
2004-08-25,12.923309689468027,13.2510742499043,12.73601552734887,13.213615417480469,2701400,0.0,0.0
2004-08-26,13.213615046023328,13.213615046023328,12.82966180120038,12.923309326171875,2702600,0.0,0.0
2004-08-27,12.970133781433105,13.12933404653464,12.885851183074761,12.970133781433105,1635700,0.0,0.0
2004-08-30,12.970134221440464,12.979498260284258,12.389520944850101,12.40825080871582,2161100,0.0,0.0
2004-08-31,12.192861382743832,12.249049181941482,11.799543216004421,12.052390098571777,4543700,0.0,0.0
2004-09-01,12.099215199643984,12.436344711425333,11.996203627649727,12.40825080871582,4669000,0.0,0.0
2004-09-02,12.305240937090808,12.63300556223064,12.25841716404535,12.59554672241211,2646400,0.0,0.0
2004-09-03,12.408249434816433,12.417614365712364,11.93064867619158,12.052390098571777,3351200,0.0,0.0
2004-09-07,12.136673393117098,12.267779753983705,11.82763780037133,11.902555465698242,1817600,0.0,0.0
2004-09-08,11.883823940824811,12.286507005456999,11.733988631126014,11.921282768249512,2550200,0.0,0.0
2004-09-09,12.174132574214191,12.876486376572702,12.080485043330773,12.717286109924316,3732200,0.0,0.0
2004-09-10,12.71728530724871,13.213615046190332,12.548720119533485,13.11996841430664,3771200,0.0,0.0
2004-09-13,13.400909417136575,14.000250688709448,13.382179555855451,13.663121223449707,4952000,0.0,0.0
2004-09-14,13.663122704327918,13.70994646951678,13.400910869594945,13.569475173950195,3526100,0.0,0.0
2004-09-15,13.485192911739267,13.485192911739267,12.867121696472168,12.867121696472168,3897300,0.0,0.0
2004-09-16,13.08250913535464,13.110603034649696,12.595543451099237,12.633002281188965,2916100,0.0,0.0
2004-09-17,12.689191556785138,12.848391815264616,12.595544030706977,12.736015319824219,3271900,0.0,0.0
2004-09-20,12.46443840015756,13.382180213928224,12.46443840015756,13.382180213928223,3558600,0.0,0.0
2004-09-21,13.429003734376794,13.859780733285985,13.157426988961584,13.36345100402832,6631100,0.0,0.0
2004-09-22,13.12933274866447,13.204250408001846,12.81093224993616,12.820296287536621,2291900,0.0,0.0
2004-09-23,12.82966097303113,13.25107302202225,12.62363696724632,13.0637788772583,4037800,0.0,0.0
2004-09-24,12.492532470860947,13.157427405599227,12.267779479901556,12.342697143554688,4790200,0.0,0.0
2004-09-27,12.192862640919937,12.258415377777876,11.940014839172363,11.940014839172363,3018400,0.0,0.0
2004-09-28,12.127308881434372,12.249050315076625,11.95874457515891,12.192862510681152,3680000,0.0,0.0
2004-09-29,12.174131010335747,12.651731748928723,12.174131010335747,12.604907989501953,3878600,0.0,0.0
2004-09-30,12.6330010351144,12.960766435886605,12.417613006615825,12.548718452453613,2247000,0.0,0.0
2004-10-01,13.063779681732669,13.47582771867642,12.97013305012835,13.447732925415039,3278200,0.0,0.0
2004-10-04,13.625664555185667,13.88787640308904,13.438370378111829,13.485193252563477,2940000,0.0,0.0
2004-10-05,13.447732837277947,13.747404378479064,13.194885951205574,13.635027885437012,2255200,0.0,0.0
2004-10-06,13.485191664139125,13.625662950215164,12.923309199101897,13.24170970916748,3694400,0.0,0.0
2004-10-07,13.279167333342656,13.812955849888898,13.204249678146303,13.55074405670166,3257300,0.0,0.0
2004-10-08,13.550743608560163,13.550743608560163,13.07314290266164,13.129331588745117,3678100,0.0,0.0
2004-10-11,13.138699950445233,13.23234749371447,12.885853012560952,13.101241111755371,2027500,0.0,0.0
2004-10-12,12.92330736844717,12.932672298143444,12.642365729180934,12.85775375366211,3405900,0.0,0.0
2004-10-13,13.62566237976809,13.67248613983313,12.87648489799427,13.007591247558594,2805500,0.0,0.0
2004-10-14,12.876487957730262,12.876487957730262,12.352063327947112,12.361428260803223,4404400,0.0,0.0
2004-10-15,12.455074047299355,12.707920947144492,12.267779882027213,12.501897811889648,2694700,0.0,0.0
2004-10-18,12.511263133603926,12.857757598169227,12.305239977217498,12.792204856872559,2102900,0.0,0.0
2004-10-19,13.101238403897986,13.485191644383173,13.045050604021068,13.307262420654297,6325900,0.0,0.0
2004-10-20,12.529991597705289,14.112628396001986,12.455073932288228,14.075169563293457,8615900,0.0,0.0
2004-10-21,14.98354653989891,15.077194063008866,14.140722404265183,15.067829132080078,8680400,0.0,0.0
2004-10-22,15.05846321416112,15.161475661448028,14.627686243650263,14.67451000213623,4985900,0.0,0.0
2004-10-25,14.674516167305477,15.301952472589575,14.552774701330577,15.18021011352539,3958300,0.0,0.0
2004-10-26,15.21766640220421,15.311313937299563,14.83371311587362,14.871171951293945,3204500,0.0,0.0
2004-10-27,14.87117001986222,15.639077385878528,14.796252358751696,15.592252731323242,3111200,0.0,0.0
2004-10-28,15.592257389915025,15.826375374106476,15.451786956635846,15.517339706420898,3202700,0.0,0.0
2004-10-29,15.039734961202635,15.704630795217323,15.02100688474857,15.507970809936523,3143500,0.0,0.0
2004-11-01,15.554798677579804,15.742091984030544,15.367503584950683,15.73272705078125,1783400,0.0,0.0
2004-11-02,15.217667309217285,15.994938860333253,15.189572511160705,15.395597457885742,3937700,0.0,0.0
2004-11-03,15.920016297468154,15.976204090152983,15.180202918044031,15.33940315246582,3792000,0.0,0.0
2004-11-04,15.339405340735896,15.639077778886653,15.011641681501908,15.423687934875488,2304400,0.0,0.0
2004-11-05,15.639076355614753,16.004299706196296,15.573521843555923,15.779546737670898,1926300,0.0,0.0
2004-11-08,15.845098841715656,16.013664008038866,15.68589860531904,15.807639122009277,1660800,0.0,0.0
2004-11-09,15.817011192815514,15.920023682337185,15.489247428298473,15.564165115356445,1700300,0.0,0.0
2004-11-10,15.498610706354887,15.498610706354887,15.030374711767989,15.170846939086914,2549300,0.0,0.0
2004-11-11,15.217664610994408,15.536065121134067,15.133382017946973,15.470512390136719,1764800,0.0,0.0
2004-11-12,15.386235291120972,15.732728931881836,15.255129782311846,15.723365783691406,2204900,0.0,0.0
2004-11-15,15.714002433270576,16.313344003872007,15.573530189754438,16.10732078552246,2692300,0.0,0.0
2004-11-16,16.04175468822224,16.238414615841858,15.976201974408196,16.097944259643555,2560100,0.0,0.0
2004-11-17,16.378885073091304,16.99695607311909,16.332062216128822,16.62236785888672,3868000,0.0,0.0
2004-11-18,16.013665223270547,16.903312199676872,15.994935361996003,16.865854263305664,4166900,0.0,0.0
2004-11-19,16.847128377012744,16.85649330985962,16.350797653198242,16.350797653198242,3430600,0.0,0.0
2004-11-22,16.32270236161781,16.491267556967358,16.144772234729057,16.453807830810547,2146300,0.0,0.0
2004-11-23,16.360158132521697,16.566183026712707,16.126040233615775,16.303970336914062,1726300,0.0,0.0
2004-11-24,16.350795668332328,16.50063278951489,16.1915971877959,16.472537994384766,1025000,0.0,0.0
2004-11-26,16.47254034795047,16.678563516473304,16.47254034795047,16.500635147094727,409900,0.0,0.0
2004-11-29,16.641097716142713,16.800297930463657,16.266509501910342,16.62236785888672,2156000,0.0,0.0
2004-11-30,16.622370771256456,16.687923496960284,15.966839941862542,15.976204872131348,2389500,0.0,0.0
2004-12-01,16.21032580245396,16.69729155045177,16.16350292852954,16.641103744506836,2855700,0.0,0.0
2004-12-02,16.762842077187894,17.549478401362336,16.697289347869674,17.015689849853516,4771200,0.0,0.0
2004-12-03,17.324730982230143,17.76487215334903,17.29663618085633,17.399648666381836,3305700,0.0,0.0
2004-12-06,17.137428233430054,17.40900583368558,16.856487489738814,17.259170532226562,1507100,0.0,0.0
2004-12-07,17.343457050207043,17.5120222491637,16.74411392211914,16.74411392211914,1826800,0.0,0.0
2004-12-08,16.62237534722268,16.631740280069554,16.219692165698614,16.350797653198242,3079200,0.0,0.0
2004-12-09,15.685901415519442,16.041759885594967,15.36750088568331,15.79827880859375,4558000,0.0,0.0
2004-12-10,15.807640783743752,15.873195300121152,15.536064932034833,15.592252731323242,2349200,0.0,0.0
2004-12-13,15.685899615324558,15.779547134442666,15.37686405255931,15.545429229736328,3681400,0.0,0.0
2004-12-14,15.685903549194336,15.920021512615147,15.639080670981498,15.685903549194336,2429200,0.0,0.0
2004-12-15,15.713998347829024,15.82637397001116,15.54543312837751,15.685903549194336,1943000,0.0,0.0
2004-12-16,15.451783859157937,15.807642337874722,15.236395785561513,15.367501258850098,2346800,0.0,0.0
2004-12-17,15.311312333474685,15.498605597868682,15.292582471181891,15.423687934875488,2807200,0.0,0.0
2004-12-20,15.461147319612468,15.601617711364808,14.992911489652714,15.002276420593262,1835400,0.0,0.0
2004-12-21,15.14275008402338,15.236397627484006,14.946090957227396,15.161479949951172,2194700,0.0,0.0
2004-12-22,15.170846939086912,15.376870133680862,15.133387202154248,15.170846939086914,1173900,0.0,0.0
2004-12-23,15.152116865477828,15.526705298840124,15.02101136034566,15.498610496520996,2285900,0.0,0.0
2004-12-27,15.554798103025925,15.63908071297801,15.330045071879802,15.358138084411621,1239300,0.0,0.0
2004-12-28,15.367500710408443,15.648441510622831,15.301947976103621,15.526700973510742,1133700,0.0,0.0
2004-12-29,15.442420652895295,15.901291646858688,15.442420652895295,15.685903549194336,1210200,0.0,0.0
2004-12-30,15.73272277060778,16.116675998480357,15.73272277060778,16.08858299255371,2064300,0.0,0.0
2004-12-31,15.99493297581,16.200956060561033,15.910650398826029,15.985568046569824,1069000,0.0,0.0
2005-01-03,16.013670475931026,16.22905859270433,15.404964074268944,15.517339706420898,2223100,0.0,0.0
2005-01-04,15.526701591045509,15.573524464217483,14.365476831834961,14.580864906311035,4230800,0.0,0.0
2005-01-05,14.57150088342471,14.693241425511511,14.187546714136657,14.38420581817627,3534500,0.0,0.0
2005-01-06,14.477850756838382,14.543403482076974,14.178180135074648,14.206274032592773,3600000,0.0,0.0
2005-01-07,14.468485576687359,14.917992394656457,14.290556371361163,14.51530933380127,3932300,0.0,0.0
2005-01-10,14.543406087784009,14.61832375664776,14.262464383000408,14.38420581817627,1782500,0.0,0.0
2005-01-11,14.234369163760793,14.243734094774766,13.831686954138744,13.897239685058594,3176300,0.0,0.0
2005-01-12,14.234370081459042,14.646418141749022,14.121993581313331,14.225005149841309,4441400,0.0,0.0
2005-01-13,14.262461355834562,14.33737990188613,13.841049334647165,13.915966987609863,2886400,0.0,0.0
2005-01-14,14.028346199309922,14.29055892883857,14.000252297249368,14.234370231628418,2753900,0.0,0.0
2005-01-18,14.093899839895574,14.421664412443956,14.084534908171294,14.365476608276367,3017200,0.0,0.0
2005-01-19,14.047075118656414,14.215640305868765,13.325991500549339,13.447732925415039,4897200,0.0,0.0
2005-01-20,13.44773145093405,13.663120376876664,13.213613557959711,13.279167175292969,3623400,0.0,0.0
2005-01-21,13.251074982691208,13.438370048256829,12.885851569634182,12.998228073120117,3899800,0.0,0.0
2005-01-24,12.988862632725697,13.185521729399383,12.67046210543601,12.698556900024414,2101600,0.0,0.0
2005-01-25,12.848395237905288,13.073148288657288,12.67046506957636,12.773477554321289,2646900,0.0,0.0
2005-01-26,12.951403918202791,13.016956653330823,12.736015849588386,12.970133781433105,2219700,0.0,0.0
2005-01-27,12.988863915492,13.15742912731363,12.820298703670371,13.05441665649414,1774600,0.0,0.0
2005-01-28,13.110602777654472,13.110602777654472,12.67982579352227,12.876484870910645,2484800,0.0,0.0
2005-01-31,13.06378090832758,13.222981179400563,12.979498306807875,13.13869857788086,1778200,0.0,0.0
2005-02-01,13.194888837920535,13.597572029235067,13.138700132562322,13.578842163085938,2888600,0.0,0.0
2005-02-02,13.578838775959374,13.653756435689965,13.279168137037011,13.47582721710205,2179700,0.0,0.0
2005-02-03,13.457098427851824,13.457098427851824,13.054415304898432,13.222980499267578,1287500,0.0,0.0
2005-02-04,13.251076650189574,13.709948546862318,13.222982744055054,13.578842163085938,2887100,0.0,0.0
2005-02-07,13.485192165196253,13.709946052651098,13.410274500407642,13.60693359375,1811600,0.0,0.0
2005-02-08,13.672485615519419,14.22500310521429,13.578838098980542,14.15008544921875,2973700,0.0,0.0
2005-02-09,14.093899995811784,14.093899995811784,13.625664121486404,13.719310760498047,2007800,0.0,0.0
2005-02-10,14.000251246945355,14.356110587675497,13.766133330129918,13.897239685058594,3304700,0.0,0.0
2005-02-11,13.869145525794533,14.805617175547091,13.719309311639398,14.599593162536621,3629300,0.0,0.0
2005-02-14,14.683875593832408,14.683875593832408,14.225003811708431,14.393568992614746,1541100,0.0,0.0
2005-02-15,14.365476014662924,15.152112385215947,14.328017182402734,14.85244083404541,4614500,0.0,0.0
2005-02-16,14.85243919802517,15.030368408389634,14.515309744818804,14.740062713623047,2513900,0.0,0.0
2005-02-17,14.796249928238906,14.852437718297601,14.140720054658265,14.187542915344238,2603200,0.0,0.0
2005-02-18,13.99088816027393,14.440395084221885,13.962794256617524,14.356112480163574,1956500,0.0,0.0
2005-02-22,14.253099854874362,14.84307714673821,14.131358423878106,14.215641021728516,2559300,0.0,0.0
2005-02-23,14.309287072331431,14.468487329957044,13.869146024156143,14.112627983093262,2322800,0.0,0.0
2005-02-24,14.121994797512949,14.487219124256754,13.81295917222554,14.44039535522461,2486800,0.0,0.0
2005-02-25,14.440393679183307,14.8898996663056,14.234369655207752,14.85244083404541,2172100,0.0,0.0
2005-02-28,14.76816084536052,15.077196470647928,14.262465211520276,14.44039535522461,2043500,0.0,0.0
2005-03-01,14.608959817494112,14.992913096311783,14.496582420342977,14.983548164367676,2489000,0.0,0.0
2005-03-02,14.749429402028603,14.89926473242481,14.440393809814173,14.73069953918457,2801400,0.0,0.0
2005-03-03,14.889900693060452,14.908630557026598,14.328018170412156,14.524677276611328,2330600,0.0,0.0
2005-03-04,14.655782180277722,14.655782180277722,14.159452414695235,14.225005149841309,2154900,0.0,0.0
2005-03-07,14.234368742445216,14.62768690250065,14.19690991258703,14.393568992614746,2985200,0.0,0.0
2005-03-08,14.33738258012307,14.60895934611587,14.18754635311925,14.290558815002441,1753500,0.0,0.0
2005-03-09,14.290560304767169,14.468489559067512,14.234371602147037,14.328019142150879,1757500,0.0,0.0
2005-03-10,14.299925237385379,14.468489559067512,14.131360022614116,14.328019142150879,1941800,0.0,0.0
2005-03-11,14.393567015012117,14.402931944462209,13.944061118473693,14.000248908996582,2593200,0.0,0.0
2005-03-14,14.00025043665342,14.225003409446868,13.953426677382556,14.168815612792969,918500,0.0,0.0
2005-03-15,14.281196136245757,14.281196136245757,13.953430621784774,13.981525421142578,2203300,0.0,0.0
2005-03-16,13.887874046551309,14.131356881976913,13.588203414082216,13.653756141662598,1875700,0.0,0.0
2005-03-17,13.766132112118274,13.972156110752005,13.681849526627706,13.747403144836426,1645300,0.0,0.0
2005-03-18,13.841052789052247,13.85041772128207,13.466464430750205,13.494558334350586,1785500,0.0,0.0
2005-03-21,13.513285755964942,13.775497559375399,13.325990717582826,13.653756141662598,1263800,0.0,0.0
2005-03-22,13.728676281561635,13.841052789052247,13.466464430750205,13.494558334350586,1471400,0.0,0.0
2005-03-23,13.522651432718684,13.822322994604889,13.494557530791209,13.503922462463379,1975200,0.0,0.0
2005-03-24,13.578840355436053,13.944064658921912,13.578840355436053,13.719310760498047,1723500,0.0,0.0
2005-03-28,13.784865229944756,13.944065508360605,13.756770432749647,13.775500297546387,1873300,0.0,0.0
2005-03-29,13.681851132057748,13.784863590006555,13.269803979529524,13.335356712341309,2131500,0.0,0.0
2005-03-30,13.429003559648116,13.878509521484373,13.307262138378556,13.878509521484375,2684000,0.0,0.0
2005-03-31,13.87851039111777,13.972157918912798,13.616298563616313,13.672487258911133,3508600,0.0,0.0
2005-04-01,13.747404489069664,13.775498389283932,13.316627482398602,13.382180213928223,1771400,0.0,0.0
2005-04-04,13.438368927337116,13.438368927337116,12.801567900944526,12.923309326171875,3632800,0.0,0.0
2005-04-05,12.923310003056173,13.045051434659973,12.773474669725047,12.839027404785156,2236500,0.0,0.0
2005-04-06,12.960765838623047,13.129330996176732,12.92330701395432,12.960765838623047,2132900,0.0,0.0
2005-04-07,12.988863109724795,13.410275220047355,12.942039343446941,13.391546249389648,4142500,0.0,0.0
2005-04-08,13.335357965261574,13.56011097866631,13.307264061858254,13.354087829589844,1955500,0.0,0.0
2005-04-11,13.35408673121369,13.419639464792741,13.138697774599784,13.148062705993652,1775900,0.0,0.0
2005-04-12,13.035689081330466,13.148065603555306,12.745382395766054,13.082512855529785,2161700,0.0,0.0
2005-04-13,13.08251072536758,13.08251072536758,12.370791974073448,12.40825080871582,2858200,0.0,0.0
2005-04-14,12.436342521467429,12.483166279797306,11.996201515197754,11.996201515197754,3188100,0.0,0.0
2005-04-15,11.799542112856901,11.88382380377382,11.396859052868683,11.518600463867188,5693400,0.0,0.0
2005-04-18,11.471778443523984,12.099214560453643,11.471778443523984,11.902555465698242,3147000,0.0,0.0
2005-04-19,12.0336640912385,12.267782062717153,11.921286679010262,12.258417129516602,3553600,0.0,0.0
2005-04-20,12.342694212980643,12.408246929840445,11.331305100712449,11.36876392364502,4174600,0.0,0.0
2005-04-21,11.471777913488909,11.612248306214406,11.134648435094327,11.275118827819824,4453500,0.0,0.0
2005-04-22,11.2376572944465,11.2376572944465,10.731962751919957,10.83497428894043,3658500,0.0,0.0
2005-04-25,10.900528050951754,11.03163348299363,10.750691868050108,10.844339370727539,3319900,0.0,0.0
2005-04-26,10.582130281588439,10.928624699913259,10.516576655950933,10.572765350341797,3402400,0.0,0.0
2005-04-27,10.488483728298473,10.582131263274428,10.301189551435641,10.507213592529297,3885100,0.0,0.0
2005-04-28,10.348012494864571,10.582130420571511,10.226271066326282,10.254364967346191,1756200,0.0,0.0
2005-04-29,10.404198412957056,10.432293201978693,10.113892737777594,10.319916725158691,3447600,0.0,0.0
2005-05-02,10.413564566507976,10.47911729575166,10.198176517227896,10.273094177246094,2077300,0.0,0.0
2005-05-03,10.273095083836743,10.56340081875422,10.245000289033866,10.404200553894043,2968500,0.0,0.0
2005-05-04,10.497849282797265,10.731967241028167,10.394837702687756,10.68514347076416,2214700,0.0,0.0
2005-05-05,10.628956111727495,10.825615240705979,10.451025955795494,10.582132339477539,2219800,0.0,0.0
2005-05-06,10.657048225402834,10.703871989777369,10.516576932279223,10.657048225402832,1643700,0.0,0.0
2005-05-09,10.685142666910856,10.778790200393681,10.554037191741786,10.694507598876953,1792800,0.0,0.0
2005-05-10,10.60086023441617,10.694507769392128,10.460389825041318,10.507213592529297,1914300,0.0,0.0
2005-05-11,10.554036378389752,10.844342102253627,10.43229495147977,10.769424438476562,2904900,0.0,0.0
2005-05-12,11.125281186911,11.237657656303378,10.891163319071346,11.050363540649414,3230800,0.0,0.0
2005-05-13,11.200199975820164,11.687164726200756,11.153376218857503,11.584153175354004,5443700,0.0,0.0
2005-05-16,11.556059534202287,11.705894845328265,11.378129432423513,11.53732967376709,3300300,0.0,0.0
2005-05-17,11.499871161203611,11.893189310234826,11.481142193343942,11.752718925476074,2438100,0.0,0.0
2005-05-18,11.762086652909657,12.18349880048432,11.677804044776897,12.146039962768555,3194700,0.0,0.0
2005-05-19,12.14603747634505,12.436343185941283,11.940013464539076,12.239684104919434,2882100,0.0,0.0
2005-05-20,12.361423744930478,12.38015360380031,12.146035726460381,12.314599990844727,1555600,0.0,0.0
2005-05-23,12.323967527031948,12.323967527031948,12.052390767597561,12.164767265319824,1730300,0.0,0.0
2005-05-24,12.183496885019535,12.380155975381252,12.043025595853168,12.342697143554688,1411800,0.0,0.0
2005-05-25,12.31460264114604,12.31460264114604,11.930649382569827,12.033661842346191,1430900,0.0,0.0
2005-05-26,12.08048548156407,12.445709793551478,12.08048548156407,12.41761589050293,1693600,0.0,0.0
2005-05-27,12.398881922145353,12.398881922145353,12.127305234335587,12.267776489257812,1122900,0.0,0.0
2005-05-31,12.370791596387729,12.548720832234473,12.164767565600156,12.183497428894043,1525800,0.0,0.0
2005-06-01,12.15540315175291,12.492533560691772,12.071121442607271,12.41761589050293,2323600,0.0,0.0
2005-06-02,12.40824995583563,12.9607683986501,12.39888502454647,12.942038536071777,2438100,0.0,0.0
2005-06-03,12.91394324094681,12.96076699924795,12.586177825927736,12.586177825927734,2349700,0.0,0.0
2005-06-06,12.529992540967134,12.539357473121516,12.267780692268028,12.29587459564209,1588300,0.0,0.0
2005-06-07,12.361430490352594,12.689196054720112,12.239689020532925,12.249053955078125,1842000,0.0,0.0
2005-06-08,12.48316686309159,12.623637251555996,12.342696474627184,12.426979064941406,1350600,0.0,0.0
2005-06-09,12.40825228995448,12.604911418575439,12.089851710940627,12.576817512512207,2011700,0.0,0.0
2005-06-10,12.66109523522599,12.764106779743582,12.267777129847802,12.314599990844727,1220400,0.0,0.0
2005-06-13,12.35205980548982,12.558083804126262,12.258413182901544,12.445707321166992,1334500,0.0,0.0
2005-06-14,12.417614941177254,12.51126157520949,12.164767153803302,12.220955848693848,1891000,0.0,0.0
2005-06-15,12.361427157361947,12.483168594356679,11.940015040434997,12.352062225341797,2040800,0.0,0.0
2005-06-16,12.34269754813607,12.586179516445343,12.295873783545778,12.501897811889648,1101100,0.0,0.0
2005-06-17,12.736018403858438,12.97013638265665,12.595547080725982,12.88585376739502,2865600,0.0,0.0
2005-06-20,12.792202837680316,12.792202837680316,12.558084920759113,12.651732444763184,1739200,0.0,0.0
2005-06-21,12.651734294023289,12.91394614923672,12.633004429249203,12.78283977508545,1850700,0.0,0.0
2005-06-22,12.82966111094409,12.998226289588107,12.726649553488823,12.876484870910645,1445500,0.0,0.0
2005-06-23,12.876483613054656,13.410272102498308,12.782836102269627,12.85775375366211,2468600,0.0,0.0
2005-06-24,12.73601753724523,12.773476375580517,12.29587551698876,12.361428260803223,1806400,0.0,0.0
2005-06-27,12.31460151048059,12.408249030208303,11.968107116430351,12.024295806884766,2173700,0.0,0.0
2005-06-28,12.043024088576347,12.117941742852958,11.893188780023124,11.911918640136719,3068400,0.0,0.0
2005-06-29,11.911920120784202,11.977472853152198,11.359401681999682,11.424954414367676,3614300,0.0,0.0
2005-06-30,11.340670613451314,11.499870854918555,11.106552716362888,11.209565162658691,3800800,0.0,0.0
2005-07-01,11.256391219983996,11.331308890908259,10.966084575335666,11.106554985046387,1874900,0.0,0.0
2005-07-05,11.031635299753592,11.256389164575571,10.956717642509238,10.966082572937012,2695100,0.0,0.0
2005-07-06,10.975450362598528,11.312579908024324,10.863073847456596,11.09719181060791,4309500,0.0,0.0
2005-07-07,11.0316373469892,11.228296457023577,10.956719675841732,11.17210865020752,1818600,0.0,0.0
2005-07-08,11.247026714660503,11.996204345422814,11.18147308029726,11.93065071105957,4291300,0.0,0.0
2005-07-11,11.986838022121907,12.586179342720143,11.958744120991119,12.558085441589355,3818600,0.0,0.0
2005-07-12,12.501900546376458,12.885853892437066,12.380159089049323,12.829665184020996,3552000,0.0,0.0
2005-07-13,12.829662623142427,12.960768987884151,12.511262089547563,12.848392486572266,2910300,0.0,0.0
2005-07-14,12.988863141224025,13.185522245596678,12.754745202356059,12.998228073120117,1838100,0.0,0.0
2005-07-15,13.110603483025875,13.110603483025875,12.670461544602233,12.923309326171875,1452600,0.0,0.0
2005-07-18,12.97949559651565,12.97949559651565,12.567448500013562,12.689189910888672,1963100,0.0,0.0
2005-07-19,12.801568571452375,12.998227669721738,12.764109738119593,12.839027404785156,1835300,0.0,0.0
2005-07-20,14.047077461995197,15.414325477597163,13.784865599436245,15.264490127563477,14556700,0.0,0.0
2005-07-21,15.330043169464917,15.639078772212684,14.946089005876466,15.030370712280273,5709300,0.0,0.0
2005-07-22,15.10528583661162,15.161475417597744,14.53403938600835,14.91799259185791,4051900,0.0,0.0
2005-07-25,14.95545206056702,14.974181028609742,14.637051566040308,14.702604293823242,2865400,0.0,0.0
2005-07-26,14.90862834553734,14.92735731363623,14.599592780649669,14.768157958984375,2304900,0.0,0.0
2005-07-27,14.786889539614531,14.786889539614531,14.23437104020036,14.356112480163574,4169200,0.0,0.0
2005-07-28,14.356111539515902,14.674512070389758,14.309287774430505,14.487217903137207,2772200,0.0,0.0
2005-07-29,14.48721962985732,14.70260772459743,14.356113250609551,14.543407440185547,2458100,0.0,0.0
2005-08-01,14.580865495593006,14.749430703709626,14.290559740602266,14.356112480163574,1951500,0.0,0.0
2005-08-02,14.440394923970537,14.843078075296338,14.356112320847547,14.805619239807129,2542300,0.0,0.0
2005-08-03,14.749428483602795,14.843076005813636,14.45912187922036,14.599593162536621,2309700,0.0,0.0
2005-08-04,14.477854679056067,14.505948584185155,13.887877312810371,14.009618759155273,2548800,0.0,0.0
2005-08-05,13.934696782703885,14.140720773939284,13.78486147747409,14.103261947631836,1620400,0.0,0.0
2005-08-08,14.234368341936047,14.234368341936047,13.87850902175153,13.906603813171387,1183100,0.0,0.0
2005-08-09,13.9815236122956,14.262464424813775,13.953428816572531,14.121994018554688,1041300,0.0,0.0
2005-08-10,14.15008626336602,14.374840137373107,13.756768100214815,13.878509521484375,1671600,0.0,0.0
2005-08-11,13.9627937075454,14.421664652608147,13.906605902442116,14.38420581817627,2710800,0.0,0.0
2005-08-12,14.225005197599993,14.23437012924917,13.981523226344674,14.093899726867676,1761700,0.0,0.0
2005-08-15,14.262464785579985,14.90863081413018,14.262464785579985,14.805619239807129,2613000,0.0,0.0
2005-08-16,14.515309442980895,14.562133200446999,14.11262637909685,14.131356239318848,2092300,0.0,0.0
2005-08-17,14.253102737451908,14.805621307912428,14.253102737451908,14.683879852294922,3469300,0.0,0.0
2005-08-18,14.505947011784382,14.524676875232942,14.196911409595515,14.365476608276367,2809400,0.0,0.0
2005-08-19,14.81498447517625,14.908632018005873,14.496583901262513,14.693243026733398,3050500,0.0,0.0
2005-08-22,14.693239791658499,14.796252244708215,14.337381350670812,14.599593162536621,1948800,0.0,0.0
2005-08-23,14.740065085379886,14.843077549140446,14.337382841417408,14.571500778198242,1647600,0.0,0.0
2005-08-24,14.580862739105802,14.964815957817653,14.384203664510839,14.889898300170898,4072200,0.0,0.0
2005-08-25,14.889900701695684,15.330043574264645,14.889900701695684,15.189571380615234,3856900,0.0,0.0
2005-08-26,15.217661405100664,15.227026334152805,14.861802138918424,15.124013900756836,3490800,0.0,0.0
2005-08-29,15.021011437641496,15.592258131641591,14.946092857494246,15.564165115356445,2900400,0.0,0.0
2005-08-30,15.65780565210372,15.685900445178852,15.26448747994167,15.470512390136719,2241700,0.0,0.0
2005-08-31,15.433056331517362,15.742091984030544,15.245763025066621,15.73272705078125,2147100,0.0,0.0
2005-09-01,15.685903549194336,15.788916024676551,15.386232841804226,15.685903549194336,2935300,0.0,0.0
2005-09-02,15.826368034967105,15.86382775243226,15.517332510590135,15.742085456848145,1465200,0.0,0.0
2005-09-06,15.74208914457429,15.760819007694508,15.451783410923166,15.667171478271484,1931100,0.0,0.0
2005-09-07,15.610981973444014,15.779547150795727,15.358134207416446,15.479876518249512,1616200,0.0,0.0
2005-09-08,15.358137727143637,15.582890753061452,15.273855119152172,15.395597457885742,1530800,0.0,0.0
2005-09-09,15.423684227539383,15.648437162495902,15.301943724254516,15.620344161987305,1134500,0.0,0.0
2005-09-12,15.564156465717799,16.107309841580193,15.526696749917432,16.013662338256836,2530900,0.0,0.0
2005-09-13,15.92002307355833,16.200963942737964,15.854470323161648,15.994940757751465,1998800,0.0,0.0
2005-09-14,16.06048855980849,16.08858335254166,15.507970139301662,15.592252731323242,1416000,0.0,0.0
2005-09-15,15.62971529614155,15.79828051082654,15.002279100468668,15.320679664611816,2140800,0.0,0.0
2005-09-16,15.320679545484442,15.433055163615142,14.843078702983346,15.24576187133789,2417100,0.0,0.0
2005-09-19,15.133380176521012,15.208297829427444,14.393567684253352,14.824344635009766,2246600,0.0,0.0
2005-09-20,14.861805792070138,15.161477343778797,14.552770202096372,14.590229034423828,1897700,0.0,0.0
2005-09-21,14.749429737290779,15.03037054162509,14.431029206416923,14.487217903137207,2313300,0.0,0.0
2005-09-22,14.440392384977464,14.917993123307165,14.140721753753619,14.758792877197266,2426100,0.0,0.0
2005-09-23,14.758795049251,14.955454153206228,14.627688682251165,14.711971282958984,1764100,0.0,0.0
2005-09-26,14.843076536913504,15.077194457728613,14.412299526890143,14.505946159362793,1744700,0.0,0.0
2005-09-27,14.740066630411182,14.75879649599963,13.906607259686469,14.281195640563965,3705100,0.0,0.0
2005-09-28,14.59023073682616,15.12401938304764,14.524677995876605,14.974184036254883,4903300,0.0,0.0
2005-09-29,14.843075180185894,15.23639332265125,14.580862489816383,15.198933601379395,4573600,0.0,0.0
2005-09-30,15.255127803554801,15.601621399371654,15.198938204629073,15.451786041259766,3122800,0.0,0.0
2005-10-03,15.742088734303467,15.910653925636149,15.479877802166417,15.507970809936523,3196100,0.0,0.0
2005-10-04,15.498602243476435,15.742085042051363,15.245756301959574,15.255121231079102,2384500,0.0,0.0
2005-10-05,15.264488143433775,15.311312800594292,14.833712014625226,14.86180591583252,2846900,0.0,0.0
2005-10-06,14.871170610049111,14.936723342850145,14.421663732457587,14.646417617797852,3512500,0.0,0.0
2005-10-07,14.74942742125512,14.992910246994953,14.740062491090766,14.91799259185791,1355100,0.0,0.0
2005-10-10,15.264486138968186,15.264486138968186,14.056438721710904,14.206274032592773,3151700,0.0,0.0
2005-10-11,14.374837279896548,14.487213748017057,13.625659932671052,13.756765365600586,4559000,0.0,0.0
2005-10-12,13.709947179874225,13.869147453911623,13.091875054917166,13.288534164428711,5168500,0.0,0.0
2005-10-13,13.466461984056162,13.625662230682034,13.073143832755646,13.457097053527832,4438900,0.0,0.0
2005-10-14,13.653759031351056,13.672488896388838,13.129335313540842,13.325993537902832,3117300,0.0,0.0
2005-10-17,13.325990705398016,13.569473540600988,13.194885250357132,13.457097053527832,2581100,0.0,0.0
2005-10-18,13.532014434712135,13.606932091228094,12.923308252247738,13.045049667358398,5179700,0.0,0.0
2005-10-19,13.700580726653225,13.859780983015725,12.501897231472915,13.382180213928223,11587900,0.0,0.0
2005-10-20,13.3072617119959,13.57883844517586,12.89521459351521,13.0637788772583,3488500,0.0,0.0
2005-10-21,13.11060607221919,13.307265199026043,12.820299401946532,13.166794776916504,4538700,0.0,0.0
2005-10-24,13.204249776071295,13.344720157333986,13.063778501719701,13.232343673706055,2483300,0.0,0.0
2005-10-25,13.23234397489294,13.691214850090446,13.213614113984182,13.513285636901855,2993400,0.0,0.0
2005-10-26,13.419637934899452,13.532014419547457,13.082508480955441,13.110602378845215,1966600,0.0,0.0
2005-10-27,12.988862632725697,13.035686397284008,12.60490937090779,12.698556900024414,2344000,0.0,0.0
2005-10-28,12.698554651122162,12.745377514299161,12.155400328762514,12.548718452453613,3479800,0.0,0.0
2005-10-31,12.62363899114236,12.913945631886849,12.62363899114236,12.679827690124512,2585700,0.0,0.0
2005-11-01,12.679826042073362,12.698555903662703,12.370790470560879,12.633002281188965,2577800,0.0,0.0
2005-11-02,12.689189484573449,13.045048775232168,12.63300079948466,12.85775375366211,2518200,0.0,0.0
2005-11-03,13.016957819765901,13.260440705044008,12.848393501033385,13.05441665649414,3100900,0.0,0.0
2005-11-04,13.3447233140705,13.672488805335947,13.166794062842103,13.316629409790039,3630400,0.0,0.0
2005-11-07,13.35408757432426,13.419640312041986,12.942039497869525,13.073145866394043,3459900,0.0,0.0
2005-11-08,12.932671943393709,13.241707470182911,12.829659505738089,12.960765838623047,2097800,0.0,0.0
2005-11-09,12.8858522451647,12.923311081623762,12.539357784646104,12.78283977508545,3538000,0.0,0.0
2005-11-10,12.885851025877473,13.260439355023728,12.792203497046398,13.157427787780762,4698500,0.0,0.0
2005-11-11,13.19488658265463,13.2885332181267,13.026321388480277,13.091874122619629,3097800,0.0,0.0
2005-11-14,13.091873069531223,13.485191228907512,13.035685271385438,13.344720840454102,3082000,0.0,0.0
2005-11-15,13.48519045817935,14.093897523895167,13.475826421082875,13.747403144836426,5306900,0.0,0.0
2005-11-16,13.71930805163254,13.803590635263832,13.129331752391236,13.400908470153809,3799600,0.0,0.0
2005-11-17,13.354083898536881,13.709943178217662,13.17615381215208,13.541378021240234,3088100,0.0,0.0
2005-11-18,13.54138104842793,13.747405076002881,13.14806285627985,13.157427787780762,5642200,0.0,0.0
2005-11-21,13.251074385320068,13.260439316793981,13.045051251428104,13.091874122619629,2546700,0.0,0.0
2005-11-22,13.016955938786785,13.475827738761101,12.9982269696736,13.382180213928223,2442000,0.0,0.0
2005-11-23,13.288537003386036,13.541384866671653,13.251078159909197,13.41964340209961,2946200,0.0,0.0
2005-11-25,13.53201541331448,13.962792415978445,13.52265048230051,13.897239685058594,1297200,0.0,0.0
2005-11-28,14.047074448823313,14.09389820893718,13.513285905556488,13.663121223449707,4031300,0.0,0.0
2005-11-29,13.728676705323945,13.784865407348171,13.251075863929945,13.325993537902832,2332300,0.0,0.0
2005-11-30,13.335357253492331,13.794228187973891,13.269804518020404,13.700581550598145,3929600,0.0,0.0
2005-12-01,13.953427987185174,14.955453314521288,13.700581092330143,14.786888122558594,7151400,0.0,0.0
2005-12-02,14.68387394799958,14.833709250638131,14.34674362397399,14.477849960327148,3320300,0.0,0.0
2005-12-05,14.421665639448557,14.496583313438748,14.15945378048289,14.449760437011719,2373700,0.0,0.0
2005-12-06,14.440393876251132,14.814982203965045,14.421664013320926,14.534041404724121,2655800,0.0,0.0
2005-12-07,14.552772439972435,14.637055048942157,14.206277964388466,14.281195640563965,3094700,0.0,0.0
2005-12-08,14.32801777534068,14.5246768761173,13.91596971033774,14.037711143493652,3307400,0.0,0.0
2005-12-09,14.028346210914663,14.421664412443956,14.000252308830868,14.365476608276367,2563200,0.0,0.0
2005-12-12,14.468486810059236,14.702604722497375,14.328016419831936,14.599593162536621,2151600,0.0,0.0
2005-12-13,14.51530933380127,14.665144642094674,14.131356133027198,14.51530933380127,4600000,0.0,0.0
2005-12-14,14.421663024861475,14.637051968351,14.33738132671927,14.468486785888672,2088700,0.0,0.0
2005-12-15,14.50594968905041,14.749432600285422,14.40293810033831,14.683879852294922,2453400,0.0,0.0
2005-12-16,14.693241195139583,14.693241195139583,13.70058165171402,13.841052055358887,5927500,0.0,0.0
2005-12-19,13.438369039378909,13.850416187893135,13.213615156191246,13.260438919067383,2928000,0.0,0.0
2005-12-20,13.53201665513415,13.672487953967709,13.354087414985178,13.391546249389648,2279000,0.0,0.0
2005-12-21,13.419639469717968,13.681851297219424,13.391545568615065,13.672487258911133,1976900,0.0,0.0
2005-12-22,13.700578311304298,14.018978767896764,13.700578311304298,14.000248908996582,1589600,0.0,0.0
2005-12-23,14.00961752231709,14.09390012335261,13.700581913912886,13.794228553771973,1332900,0.0,0.0
2005-12-27,13.887875148008565,13.906605010567828,13.635028255081533,13.72867488861084,1289400,0.0,0.0
2005-12-28,13.71931132603803,13.738041190465877,13.447734543457884,13.691217422485352,1026300,0.0,0.0
2005-12-29,13.700583159901186,13.766135903073092,13.606935618436337,13.681853294372559,913000,0.0,0.0
2005-12-30,13.588203263454849,13.719308717162287,13.34472043072829,13.644391059875488,1156300,0.0,0.0
2006-01-03,13.578840218446913,13.934699586514828,13.31662838153494,13.841052055358887,2081600,0.0,0.0
2006-01-04,13.86914672403455,14.084534793403623,13.653757761576438,13.766134262084961,1607800,0.0,0.0
2006-01-05,13.803593051022629,14.356111513222489,13.74740524749429,14.225005149841309,2284200,0.0,0.0
2006-01-06,14.459121457645296,14.796251813303664,14.328016002079426,14.702604293823242,2530800,0.0,0.0
2006-01-09,14.65578418821938,14.889902152204286,14.571502471379707,14.693243026733398,1735400,0.0,0.0
2006-01-10,14.646419090773707,15.058466284673528,14.421665182830166,15.011643409729004,2212400,0.0,0.0
2006-01-11,15.058463487602728,15.404958770837428,14.936722070564116,15.348769187927246,4017300,0.0,0.0
2006-01-12,15.451782244871518,15.451782244871518,15.264487200159483,15.386229515075684,4071200,0.0,0.0
2006-01-13,15.38623071828802,15.442418521624383,14.98354759099163,15.208300590515137,4103200,0.0,0.0
2006-01-17,15.07719333737671,15.124016203589237,14.627686498407256,14.889898300170898,3559200,0.0,0.0
2006-01-18,15.592247002983898,16.257142563973606,15.11464641905032,15.91064739227295,9518100,0.0,0.0
2006-01-19,16.10731055742285,16.15413341807665,15.723357384293209,15.742085456848145,4055500,0.0,0.0
2006-01-20,15.74208808335147,15.74208808335147,15.039734339293709,15.067829132080078,3596000,0.0,0.0
2006-01-23,15.133384642828565,15.320679723459808,14.927360589987678,15.264490127563477,2438500,0.0,0.0
2006-01-24,15.49860371579618,16.12603973698825,15.423686061900609,15.882556915283203,6428600,0.0,0.0
2006-01-25,15.910657633634324,16.07922286425134,15.770187203512954,16.023035049438477,3231600,0.0,0.0
2006-01-26,16.20095937528436,16.762842741413213,16.06048898029664,16.538089752197266,4878100,0.0,0.0
2006-01-27,16.772205200772188,16.903310645282048,16.5755470340074,16.762840270996094,2969200,0.0,0.0
2006-01-30,16.734748632366497,16.931406815166433,16.416348138728427,16.463171005249023,2041300,0.0,0.0
2006-01-31,16.47253566288268,16.547453319781166,16.14477024413512,16.313335418701172,3399900,0.0,0.0
2006-02-01,16.31333388393146,16.790934571542987,16.31333388393146,16.72538185119629,2742700,0.0,0.0
2006-02-02,16.71601846178879,16.903311710581285,15.910652312065341,15.92001724243164,3098900,0.0,0.0
2006-02-03,15.7795467376709,16.229052674721693,15.451781322088014,15.779546737670898,2652000,0.0,0.0
2006-02-06,15.779551679854455,16.26651749060028,15.713998933442205,16.257152557373047,1589500,0.0,0.0
2006-02-07,16.275875057538705,16.322699707621247,15.7608164098751,15.817004203796387,2604800,0.0,0.0
2006-02-08,15.957481984552615,16.33207038617109,15.920022251301571,16.266517639160156,2117100,0.0,0.0
2006-02-09,16.294608920354122,16.659834136004726,16.20096138336222,16.28524398803711,2820300,0.0,0.0
2006-02-10,16.275881060516433,16.275881060516433,15.71399934171113,15.891927719116211,2019600,0.0,0.0
2006-02-13,15.770185588998363,15.87319806075779,15.489244757517687,15.582890510559082,1432000,0.0,0.0
2006-02-14,15.582886075531158,16.126039505004883,15.470510489393277,16.126039505004883,1711800,0.0,0.0
2006-02-15,16.041758454294396,16.285241295749305,15.901288065118308,16.229053497314453,1360600,0.0,0.0
2006-02-16,16.388256457346024,16.425716186614068,15.92002055856471,16.28524398803711,2873200,0.0,0.0
2006-02-17,16.48189969552289,16.528722558717384,16.06985171193594,16.126039505004883,1893400,0.0,0.0
2006-02-21,16.0792178081682,16.107312599829484,15.751452383498009,15.873194694519043,1951500,0.0,0.0
2006-02-22,15.873199685818559,16.28524604268412,15.592257039397392,16.023035049438477,2885300,0.0,0.0
2006-02-23,16.02302585251566,16.21968398457173,15.751448295473573,16.051118850708008,2371700,0.0,0.0
2006-02-24,16.05112269520417,16.135405282323035,15.873194376777974,15.92001724243164,2525100,0.0,0.0
2006-02-27,15.910651705310704,16.10731166314768,15.79827611755623,15.882556915283203,2450600,0.0,0.0
2006-02-28,15.732728931881836,15.882564309429007,15.545435603037166,15.723365783691406,3537200,0.0,0.0
2006-03-01,15.77018325916496,16.603642484113003,15.77018325916496,16.538089752197266,5953900,0.0,0.0
2006-03-02,16.247785568237305,16.547456248876497,16.135408169908533,16.247785568237305,4147100,0.0,0.0
2006-03-03,16.15413575620325,16.313336006117297,15.948112638858323,15.957477569580078,3895900,0.0,0.0
2006-03-06,16.013667265817485,16.013667265817485,15.339406463354782,15.367501258850098,4485200,0.0,0.0
2006-03-07,15.367500469987972,15.367500469987972,14.608958892333868,14.786888122558594,6843100,0.0,0.0
2006-03-08,14.777522649017815,14.992911596744047,14.328016677728426,14.749428749084473,4669000,0.0,0.0
2006-03-09,14.814983023374014,15.002278090679182,14.49658248066211,14.524677276611328,2338900,0.0,0.0
2006-03-10,14.487219362498728,14.899266571961675,14.328019081024854,14.72133731842041,2616500,0.0,0.0
2006-03-13,14.711970350598884,14.927358411567425,14.608958785755974,14.646417617797852,1455400,0.0,0.0
2006-03-14,14.562136335804,14.964818593300212,14.53404243251103,14.871171951293945,2222800,0.0,0.0
2006-03-15,14.983545164445921,15.14274540326527,14.805615958577237,14.9086275100708,2682200,0.0,0.0
2006-03-16,14.90863015956263,14.90863015956263,13.803593221514319,13.841052055358887,5530900,0.0,0.0
2006-03-17,13.859783407681284,14.543407422053653,13.700583123467883,14.009618759155273,3917300,0.0,0.0
2006-03-20,14.093903393863608,14.290562544218515,14.018985707355954,14.084538459777832,1973300,0.0,0.0
2006-03-21,14.103264522290978,14.534041550012722,13.981523091294722,14.215641021728516,2993900,0.0,0.0
2006-03-22,14.018980117095445,14.196909328327092,13.88787377144287,14.02834415435791,1906500,0.0,0.0
2006-03-23,14.000255839184407,14.271832676046966,13.990890905098633,14.084538459777832,2499100,0.0,0.0
2006-03-24,14.150088994761406,14.421665789065592,14.037712482610274,14.328019142150879,2049800,0.0,0.0
2006-03-27,14.26246347972645,14.496581403370723,14.24373451024119,14.25309944152832,1629700,0.0,0.0
2006-03-28,14.206276227390678,14.337382591212032,14.018982059852341,14.093899726867676,2290600,0.0,0.0
2006-03-29,14.196910575333968,14.515311090536754,14.000251486125716,14.505946159362793,2140500,0.0,0.0
2006-03-30,14.580867370493612,14.852444188997522,14.534044489408519,14.683879852294922,2712300,0.0,0.0
2006-03-31,14.655782752018062,14.796254052496938,14.402935840098595,14.524677276611328,1947500,0.0,0.0
2006-04-03,14.599597189396787,15.13338589119685,14.440396893581118,14.880538940429688,2493100,0.0,0.0
2006-04-04,14.880535785286428,14.908629686506162,14.440393831761845,14.665146827697754,1986200,0.0,0.0
2006-04-05,14.749433829487277,15.236399692540507,14.740068895254112,15.170846939086914,2341100,0.0,0.0
2006-04-06,15.180208338320497,15.48924577387692,15.095927512288627,15.451786041259766,1702500,0.0,0.0
2006-04-07,15.55479468634023,15.835735467018308,14.927357715970833,14.992911338806152,2982500,0.0,0.0
2006-04-10,15.002276527751487,15.002276527751487,14.552769663373121,14.749428749084473,1766000,0.0,0.0
2006-04-11,14.702608379686158,15.011644922617398,14.431031569428313,14.655784606933594,2031300,0.0,0.0
2006-04-12,14.68387686419586,14.899264931242316,14.52467660025325,14.608959197998047,1493500,0.0,0.0
2006-04-13,14.665145076500233,15.376863705065057,14.665145076500233,15.198933601379395,2422900,0.0,0.0
2006-04-17,15.292586187012521,15.45178648282819,14.683879804015577,14.880538940429688,2114800,0.0,0.0
2006-04-18,14.880540028017846,15.695270540397793,14.880540028017846,15.498610496520996,3695300,0.0,0.0
2006-04-19,16.06048855980849,16.210323882029538,15.33004181052538,15.592252731323242,5743900,0.0,0.0
2006-04-20,15.685904277017723,16.32270545285833,15.404963422348464,16.266517639160156,3996000,0.0,0.0
2006-04-21,16.47253387181991,16.47253387181991,15.554792228055291,15.742085456848145,3309100,0.0,0.0
2006-04-24,15.657802091391284,15.751449594167555,15.36749644034464,15.620344161987305,2073800,0.0,0.0
2006-04-25,15.657802878729187,15.910650613086064,15.573520300610229,15.742085456848145,1842400,0.0,0.0
2006-04-26,15.751451479858591,15.96683951170499,15.592251241933479,15.817004203796387,2964200,0.0,0.0
2006-04-27,15.73273051771779,16.388261700197187,15.54543716999423,16.10732078552246,3898500,0.0,0.0
2006-04-28,16.060492506271473,16.154140052215645,15.751456854980571,15.78891658782959,2310700,0.0,0.0
2006-05-01,15.73272312263323,15.854465438299037,15.498605208390604,15.592252731323242,1748500,0.0,0.0
2006-05-02,15.70463160557218,15.957479405618082,15.639078869155414,15.826372146606445,1170900,0.0,0.0
2006-05-03,15.732722443674966,16.21032318246003,15.732722443674966,16.200958251953125,1613800,0.0,0.0
2006-05-04,16.266514261146817,16.66919559290168,16.20095974157098,16.435077667236328,2296400,0.0,0.0
2006-05-05,16.50999387176962,16.856489157026765,16.266512822449087,16.463171005249023,1009500,0.0,0.0
2006-05-08,16.34143048058876,16.59427646044898,16.285240897350608,16.463171005249023,926800,0.0,0.0
2006-05-09,16.46317412970391,16.49126892665494,16.21032631567923,16.28524398803711,1217400,0.0,0.0
2006-05-10,16.200962996175672,16.285245609240942,15.667174304214573,15.73272705078125,1356500,0.0,0.0
2006-05-11,15.507971514013748,15.517336445754966,14.871171338124828,15.030370712280273,3417500,0.0,0.0
2006-05-12,14.98354653989891,15.142746793332453,14.852440186162767,15.067829132080078,1702800,0.0,0.0
2006-05-15,15.067832735449127,15.161480280954253,14.356113890259886,14.655784606933594,2007700,0.0,0.0
2006-05-16,14.702604987136251,15.105287196477418,14.496580970417458,14.749428749084473,2138900,0.0,0.0
2006-05-17,14.62768690250065,14.814981051791586,14.178180944202412,14.393568992614746,1898900,0.0,0.0
2006-05-18,14.4497571217447,14.60895736572017,14.356109604198334,14.421662330627441,1717400,0.0,0.0
2006-05-19,14.23437121699925,14.571501637419841,14.047077035148426,14.299924850463867,2735500,0.0,0.0
2006-05-22,14.299927239578246,14.412303767463689,13.925337920204184,14.06580924987793,2429000,0.0,0.0
2006-05-23,14.187544582658546,14.599592592593849,13.87850902175153,13.906603813171387,2346700,0.0,0.0
2006-05-24,13.887875754976447,14.103264718376506,13.222980787576503,13.438369750976562,6081200,0.0,0.0
2006-05-25,13.766136359131357,13.887877809833174,13.297900422473223,13.578842163085938,3422200,0.0,0.0
2006-05-26,13.578841211471214,13.915970740726696,13.43837079755371,13.70994758605957,1684300,0.0,0.0
2006-05-30,14.187548015758354,14.27183062423476,13.831689502552196,14.009618759155273,2465900,0.0,0.0
2006-05-31,14.10326499109785,14.683877370703124,14.037711361096779,14.580864906311035,3743000,0.0,0.0
2006-06-01,14.562133907691544,14.814980781346387,14.393568729862361,14.702604293823242,1971400,0.0,0.0
2006-06-02,14.796251028508124,15.002275024584144,14.477850550869427,14.9086275100708,3008900,0.0,0.0
2006-06-05,14.79625364451463,14.79625364451463,14.000252309683297,14.037711143493652,1955400,0.0,0.0
2006-06-06,14.206275548770867,14.42166360787882,13.859781132104382,14.178181648254395,3092600,0.0,0.0
2006-06-07,14.281191804707147,14.346744530481287,13.812956007831502,13.822320938110352,1662600,0.0,0.0
2006-06-08,13.663123022094327,13.756769661560973,13.119969476684972,13.391546249389648,3859200,0.0,0.0
2006-06-09,13.560109419193612,13.812957200012141,13.335356431636466,13.447732925415039,2039700,0.0,0.0
2006-06-12,13.541379790268804,13.541379790268804,12.998226316927799,13.007591247558594,1836900,0.0,0.0
2006-06-13,12.97949847470683,13.279170049885472,12.88585183309838,12.951404571533203,2812300,0.0,0.0
2006-06-14,12.960769222675028,13.34472249905174,12.87648662189203,13.194887161254883,1714400,0.0,0.0
2006-06-15,13.194888400787125,13.691218227136872,13.194888400787125,13.681853294372559,1862800,0.0,0.0
2006-06-16,13.681850844059314,13.74740446858022,13.35408629381072,13.447732925415039,1375900,0.0,0.0
2006-06-19,13.50392246246338,13.700581562133781,13.344722196392626,13.503922462463379,1860800,0.0,0.0
2006-06-20,13.503920138207002,13.560107932391068,13.157425763775647,13.279167175292969,1308800,0.0,0.0
2006-06-21,13.2791693267546,13.915969491517314,13.204251660311929,13.625663757324219,1621500,0.0,0.0
2006-06-22,13.61629826660144,13.61629826660144,13.194886186894188,13.260438919067383,1351700,0.0,0.0
2006-06-23,13.269804846483394,13.269804846483394,12.867121705841996,12.998228073120117,2052600,0.0,0.0
2006-06-26,13.007594461575295,13.241712426659225,12.979499662741027,13.101241111755371,1299100,0.0,0.0
2006-06-27,13.110605417037732,13.119970349534148,12.689193278679344,12.792204856872559,1750600,0.0,0.0
2006-06-28,12.820297269351084,12.839027132164285,12.464438806790387,12.558085441589355,2346100,0.0,0.0
2006-06-29,12.60490984886296,13.251074966384174,12.558086082529178,13.194887161254883,2484800,0.0,0.0
2006-06-30,13.204249910727041,13.307261465164256,12.885849423989757,13.045049667358398,1697100,0.0,0.0
2006-07-03,13.045051112901179,13.419639436989701,13.016956318777781,13.410274505615234,863400,0.0,0.0
2006-07-05,13.232347532945527,13.241712465918047,12.745381735444404,12.904582023620605,1871100,0.0,0.0
2006-07-06,12.913945595003224,13.204252234918563,12.895216624122046,13.073145866394043,2117800,0.0,0.0
2006-07-07,12.942036334750865,13.157425252320891,12.72664831026969,12.85775375366211,1625600,0.0,0.0
2006-07-10,12.895214996379101,13.110603046314424,12.286507890518271,12.370790481567383,2229600,0.0,0.0
2006-07-11,12.202224012135138,12.839024950133552,12.005564951464386,12.801566123962402,2704600,0.0,0.0
2006-07-12,12.707923215390739,12.857758574352674,12.117945819661236,12.127310752868652,2381700,0.0,0.0
2006-07-13,11.79954498911811,12.29587479102917,11.687167587657964,11.780815124511719,3156000,0.0,0.0
2006-07-14,11.893191632882765,11.940015401309642,11.649708751534282,11.780815124511719,2078300,0.0,0.0
2006-07-17,11.780814585447244,11.996203553119509,11.715261848502626,11.743355751037598,2221600,0.0,0.0
2006-07-18,11.743355511415826,11.855732012351739,11.40622600860809,11.724626541137695,2559900,0.0,0.0
2006-07-19,11.72462822614922,12.164769361464412,11.518604164946662,11.9774751663208,4384500,0.0,0.0
2006-07-20,11.471776909284092,11.527965597309088,10.769423220960576,11.144011497497559,8966000,0.0,0.0
2006-07-21,11.04100197570466,11.537331756687811,11.04100197570466,11.481143951416016,7455900,0.0,0.0
2006-07-24,11.518601020200068,12.033660586043077,11.499871159254647,12.014930725097656,3633900,0.0,0.0
2006-07-25,12.01493139377037,12.01493139377037,11.57478946103576,11.733989715576172,3155200,0.0,0.0
2006-07-26,11.612251113507748,12.089851993178117,11.499874593542224,11.86509895324707,2647500,0.0,0.0
2006-07-27,12.15540373236153,12.286510107998897,11.893191874175912,11.93065071105957,3344000,0.0,0.0
2006-07-28,12.071121175581352,12.398885752134765,11.986838575211056,12.333333015441895,2420800,0.0,0.0
2006-07-31,12.174134248454216,12.436346120663648,11.958746148125902,12.305240631103516,2952800,0.0,0.0
2006-08-01,12.192861974295239,12.192861974295239,11.893190422709306,11.958744049072266,1864800,0.0,0.0
2006-08-02,12.024298369214568,12.286510230003948,12.024298369214568,12.136674880981445,1478300,0.0,0.0
2006-08-03,12.024296332689921,12.483167234625817,11.996202432778675,12.323966979980469,2022300,0.0,0.0
2006-08-04,12.464437577744715,12.754743278011876,12.080483465734684,12.211589813232422,2333300,0.0,0.0
2006-08-07,12.202225420550798,12.417614365712364,12.01493126807702,12.052390098571777,2124900,0.0,0.0
2006-08-08,12.071120939481082,12.35206174443504,11.874461840159887,11.986838340759277,1652800,0.0,0.0
2006-08-09,12.211590790168845,12.380155979995717,11.940014036052775,11.949378967285156,1888500,0.0,0.0
2006-08-10,11.771449647605973,12.164767855252435,11.72462677443444,12.071121215820312,1725200,0.0,0.0
2006-08-11,12.043026426314773,12.10858005634845,11.70589691662795,11.743355751037598,2206900,0.0,0.0
2006-08-14,11.911919856505444,12.174131673248969,11.827637263565638,12.061755180358887,1936300,0.0,0.0
2006-08-15,12.230322773174299,12.464440736042121,12.230322773174299,12.361428260803223,2295700,0.0,0.0
2006-08-16,12.389519037868684,12.679825631480188,12.136672166222858,12.67046070098877,4210300,0.0,0.0
2006-08-17,12.689188949767784,13.063777190942591,12.661095054951877,12.754741668701172,2423600,0.0,0.0
2006-08-18,12.82966384282845,12.951405287428928,12.558087048900964,12.932676315307617,2482700,0.0,0.0
2006-08-21,12.913945210308261,12.923310142014412,12.642368442453199,12.717286109924316,1686300,0.0,0.0
2006-08-22,12.717284729219969,12.998226398279595,12.698555760930098,12.820296287536621,2037700,0.0,0.0
2006-08-23,12.829663029958155,13.06378097172049,12.651733787177973,12.679827690124512,1776300,0.0,0.0
2006-08-24,12.501895776114996,12.792201461741973,12.501895776114996,12.689189910888672,3742600,0.0,0.0
2006-08-25,12.661098835141031,12.857757050656891,12.595545203546664,12.623639106750488,2196400,0.0,0.0
2006-08-28,12.604906372231248,12.782835563517079,12.586176513628102,12.754741668701172,1984500,0.0,0.0
2006-08-29,12.754741698879974,13.035683326970219,12.736012733321326,13.016953468322754,2599900,0.0,0.0
2006-08-30,13.045050456110003,13.344721100293027,12.87648527221257,13.297897338867188,2375300,0.0,0.0
2006-08-31,13.30726296733336,13.30726296733336,13.016956345746536,13.148062705993652,2602400,0.0,0.0
2006-09-01,13.251074726334261,13.26043965804918,12.801568721086717,12.848392486572266,2649300,0.0,0.0
2006-09-05,12.895215665803978,12.951403467360938,12.651732810819803,12.942038536071777,3221500,0.0,0.0
2006-09-06,12.848393741251918,12.848393741251918,12.464440434336657,12.473804473876953,2731300,0.0,0.0
2006-09-07,12.501900069410382,12.988864987051258,12.455076296364924,12.59554672241211,3622400,0.0,0.0
2006-09-08,12.689192622136384,12.754745360041333,12.295874408528535,12.679827690124512,3843600,0.0,0.0
2006-09-11,12.501895589276613,12.895213712967712,12.501895589276613,12.548718452453613,2610900,0.0,0.0
2006-09-12,12.548720100800368,13.569474370504993,12.539356062788269,13.382180213928223,4166100,0.0,0.0
2006-09-13,13.382177674148954,13.494554146767287,12.951400749234264,13.016953468322754,3416400,0.0,0.0
2006-09-14,13.0169559582189,13.2791686709068,12.839026732477596,13.11996841430664,3594300,0.0,0.0
2006-09-15,13.33535561043826,13.33535561043826,12.95140239039993,13.0637788772583,2442200,0.0,0.0
2006-09-18,12.970130607881726,13.232342377324507,12.913941925028151,13.016953468322754,2448100,0.0,0.0
2006-09-19,12.960766358462006,12.988860254818153,12.586177203661643,12.801566123962402,2357000,0.0,0.0
2006-09-20,12.923310016446354,13.016956653330823,12.782838721486103,12.970133781433105,2185200,0.0,0.0
2006-09-21,13.063780404781847,13.148063003052863,12.698557003059483,12.839027404785156,3251800,0.0,0.0
2006-09-22,13.288531142164436,13.288531142164436,12.558083570002658,12.689189910888672,2063500,0.0,0.0
2006-09-25,12.773475827576908,13.18552303158753,12.59554568330094,13.05441665649414,2468300,0.0,0.0
2006-09-26,13.063778877258299,13.14806146567431,12.810932005099199,13.0637788772583,1808300,0.0,0.0
2006-09-27,12.99822782165478,13.32599239387552,12.792203789371799,12.848392486572266,1960800,0.0,0.0
2006-09-28,12.792204707472493,12.91394614923672,12.55808675633108,12.78283977508545,3197400,0.0,0.0
2006-09-29,12.829661643827757,12.829661643827757,12.314602048980396,12.323966979980469,4546600,0.0,0.0
2006-10-02,12.267778487336972,12.567449117703665,12.127307209535891,12.277142524719238,3687700,0.0,0.0
2006-10-03,12.27714500092109,12.567451652458045,12.155403559508116,12.380157470703125,3314500,0.0,0.0
2006-10-04,12.28651107063695,12.670464402049168,12.25841716404535,12.59554672241211,3420500,0.0,0.0
2006-10-05,12.623636851178679,12.679825540635704,12.520625295777876,12.661096572875977,1518100,0.0,0.0
2006-10-06,12.520624995967443,12.72664899492466,12.361424754921718,12.642366409301758,2561800,0.0,0.0
2006-10-09,12.642365729180934,13.101236567232103,12.576813007484725,12.85775375366211,2782100,0.0,0.0
2006-10-10,12.792202118110437,12.885849636846773,12.63300187211202,12.67046070098877,2225500,0.0,0.0
2006-10-11,12.642367793746057,12.904579616440316,12.492532466492195,12.736015319824219,2989700,0.0,0.0
2006-10-12,12.736015849588386,13.0075926148047,12.567450652871697,12.970133781433105,3699600,0.0,0.0
2006-10-13,13.026322081782265,13.344722624129428,12.913945577381337,13.269804954528809,3326000,0.0,0.0
2006-10-16,13.344720566454676,13.541379642104932,13.176155389300474,13.457097053527832,2416000,0.0,0.0
2006-10-17,13.457096778196176,13.457096778196176,12.89521435432648,13.045049667358398,3784800,0.0,0.0
2006-10-18,13.110605920598086,13.129335786310305,12.286510584132651,12.361428260803223,7451800,0.0,0.0
2006-10-19,12.361424921436276,13.569473247763458,12.136671952140269,13.110602378845215,13924300,0.0,0.0
2006-10-20,13.11060607221919,13.363453903723357,12.829664334910944,13.166794776916504,6626100,0.0,0.0
2006-10-23,13.045053300265158,13.372817915529163,13.045053300265158,13.101241111755371,4491800,0.0,0.0
2006-10-24,13.101238551910928,13.372815302621476,12.885850494801074,12.923309326171875,3271400,0.0,0.0
2006-10-25,13.016955830063614,13.335356340129197,12.998226861106861,13.24170970916748,3120600,0.0,0.0
2006-10-26,13.297899633435279,13.363453267978397,13.045052707049063,13.325993537902832,2842500,0.0,0.0
2006-10-27,13.335354076699518,13.447730550633135,12.867118322098365,13.026318550109863,3266900,0.0,0.0
2006-10-30,13.054418055156667,13.157430537013013,12.96077139984724,13.082512855529785,2614000,0.0,0.0
2006-10-31,13.082507832523698,13.185519381739727,13.016954216578164,13.129331588745117,3008900,0.0,0.0
2006-11-01,13.148065972241287,13.204254681473905,12.736018712529289,12.773477554321289,3423900,0.0,0.0
2006-11-02,12.717284170553146,12.801566756877417,12.567448858460624,12.586177825927734,3771500,0.0,0.0
2006-11-03,12.707921593071053,12.792204194999744,12.58618015618395,12.679827690124512,3464600,0.0,0.0
2006-11-06,12.68919313048235,12.876487312777659,12.4925340158,12.78283977508545,3648100,0.0,0.0
2006-11-07,12.92330865805931,13.213614362902465,12.839026068560026,13.007591247558594,2944500,0.0,0.0
2006-11-08,13.01695620020706,13.01695620020706,12.736015406244249,12.942038536071777,3655200,0.0,0.0
2006-11-09,12.998226030351361,13.054413826719465,12.651731642451653,12.661096572875977,3160300,0.0,0.0
2006-11-10,12.773471715279413,12.998224663291774,12.651730311833845,12.960765838623047,1993300,0.0,0.0
2006-11-13,12.970133088821546,13.232344908420462,12.82966180136253,13.11996841430664,3098400,0.0,0.0
2006-11-14,13.148065065636887,13.588207096160502,12.960770869591467,13.578842163085938,4281000,0.0,0.0
2006-11-15,13.532019932530124,13.803596771009524,13.279172962333783,13.41964340209961,5460000,0.0,0.0
2006-11-16,13.419639045243578,13.475827738761101,13.12933332582183,13.382180213928223,4168900,0.0,0.0
2006-11-17,13.39154540695784,13.39154540695784,13.129333582621697,13.335356712341309,2429400,0.0,0.0
2006-11-20,13.784863756411758,13.784863756411758,13.307262972217345,13.672487258911133,3833400,0.0,0.0
2006-11-21,14.047076356878536,14.047076356878536,13.532016711841843,13.794228553771973,4451200,0.0,0.0
2006-11-22,13.794226930367836,13.906604313915858,13.681850439908771,13.878509521484375,2078600,0.0,0.0
2006-11-24,13.70058165171402,13.89724075267026,13.663122817869452,13.841052055358887,555300,0.0,0.0
2006-11-27,13.719310556931969,13.812958087643134,13.429004819287638,13.438369750976562,4352700,0.0,0.0
2006-11-28,13.447731610990003,13.625661711898015,13.400908746308954,13.55074405670166,4121100,0.0,0.0
2006-11-29,13.691212649135819,13.878506762669998,13.588201109964215,13.756765365600586,3598300,0.0,0.0
2006-11-30,13.794227061818635,14.047074837577737,13.644391739778706,13.9534273147583,2930400,0.0,0.0
2006-12-01,13.953428697660737,14.065806093417198,13.550746453041466,13.719310760498047,4323700,0.0,0.0
2006-12-04,13.635029160539366,14.065806204029885,13.513287725086714,13.990887641906738,2354200,0.0,0.0
2006-12-05,14.0845347952185,14.215641159039855,13.962793363046321,14.093899726867676,2927900,0.0,0.0
2006-12-06,14.047075662034313,14.206275924317822,13.878510468301414,14.075169563293457,2761400,0.0,0.0
2006-12-07,14.047075662034313,14.22500489412758,13.915969301009946,14.075169563293457,2708700,0.0,0.0
2006-12-08,14.000250256392684,14.187544397975712,13.859779873477644,14.02834415435791,1926800,0.0,0.0
2006-12-11,13.981522685824523,14.384204907192151,13.96279282325026,14.25309944152832,3680900,0.0,0.0
2006-12-12,14.187548015758354,14.337384260321485,13.953430055807958,14.009618759155273,3517600,0.0,0.0
2006-12-13,14.093899865375427,14.150087669644595,13.859781930379453,13.972158432006836,2489700,0.0,0.0
2006-12-14,13.962793228177285,14.309287658048618,13.906605425003029,14.215641021728516,2609100,0.0,0.0
2006-12-15,14.215639068031527,14.328015552024835,14.047073895497112,14.15008544921875,2505400,0.0,0.0
2006-12-18,14.131357844354353,14.599593686019698,14.131357844354353,14.309287071228027,2488200,0.0,0.0
2006-12-19,14.318650376094373,14.346744273338478,13.990884966920538,14.131356239318848,2333400,0.0,0.0
2006-12-20,14.14072130735418,14.41229803159979,14.131356377151839,14.206274032592773,1457500,0.0,0.0
2006-12-21,14.23437012924917,14.309287796264504,14.018982059852341,14.093899726867676,1408700,0.0,0.0
2006-12-22,14.056440202795542,14.225004498754304,13.906604876125979,14.047075271606445,1036300,0.0,0.0
2006-12-26,14.000253266413443,14.299924850463869,14.000253266413443,14.299924850463867,1171000,0.0,0.0
2006-12-27,14.281193846458681,14.421664248368563,14.187546316459404,14.225005149841309,1547600,0.0,0.0
2006-12-28,14.215641675807834,14.318653248426344,14.131359074079477,14.196911811828613,1083600,0.0,0.0
2006-12-29,14.150089177889855,14.206277881237174,13.981524854026187,14.009618759155273,1808400,0.0,0.0
2007-01-03,13.953430621784774,14.337384841872192,13.822325130471722,13.981525421142578,4658100,0.0,0.0
2007-01-04,13.990884333663008,14.49657892661254,13.90660264574546,14.477849960327148,3769100,0.0,0.0
2007-01-05,14.402932829719987,14.421661796682493,14.168814937610927,14.318650245666504,2501600,0.0,0.0
2007-01-08,14.374840156923236,14.599593138147034,14.159451213433709,14.468486785888672,2672000,0.0,0.0
2007-01-09,14.477854928550082,14.768161596850593,14.43103115713527,14.693243026733398,2114200,0.0,0.0
2007-01-10,14.927361091299606,15.255127493411798,14.590231542401842,15.161479949951172,4089500,0.0,0.0
2007-01-11,15.16147797047921,15.311313305982484,14.983547839752285,15.030370712280273,3736900,0.0,0.0
2007-01-12,15.030369427236966,15.1427468123456,14.861805135751952,15.002276420593262,3502100,0.0,0.0
2007-01-16,15.011641612537604,15.086559275186621,14.796252662604935,14.955452919006348,2806600,0.0,0.0
2007-01-17,14.955451419426431,15.095922692625056,14.861803903960682,14.91799259185791,1964600,0.0,0.0
2007-01-18,14.927358861245866,14.927358861245866,13.953428305728949,14.01898193359375,7412300,0.0,0.0
2007-01-19,14.047075418656439,14.290558273587845,13.925333991190735,14.25309944152832,4021500,0.0,0.0
2007-01-22,14.365476596392742,14.402935430169828,13.990887365532837,14.234370231628418,3587400,0.0,0.0
2007-01-23,14.140720902383627,14.459120482344625,14.140720902383627,14.243732452392578,2875100,0.0,0.0
2007-01-24,14.215642018504202,14.65578311555755,14.121994482528672,14.618324279785156,3547600,0.0,0.0
2007-01-25,14.983548651387558,15.414324817749419,14.328018576507171,14.356112480163574,8091100,0.0,0.0
2007-01-26,14.243733798385557,14.421663018503718,13.859780565691926,14.271827697753906,6752000,0.0,0.0
2007-01-29,14.281192349441152,14.487216357989796,13.906604054888108,13.925333023071289,5390700,0.0,0.0
2007-01-30,13.972158671192748,14.093900106645401,13.869147099543147,13.990887641906738,2830700,0.0,0.0
2007-01-31,13.925333415148055,14.000251076168018,13.7099453629879,13.9534273147583,2854800,0.0,0.0
2007-02-01,14.093900115920682,14.328018055078537,14.018982446837294,14.121994018554688,3770800,0.0,0.0
2007-02-02,14.215638555679025,14.393567758983373,14.075167285933501,14.243732452392578,3590000,0.0,0.0
2007-02-05,14.15944986916304,14.318650105687976,14.047073389219946,14.243732452392578,2719500,0.0,0.0
2007-02-06,14.290562544218515,14.290562544218515,13.972161930016354,14.084538459777832,3215800,0.0,0.0
2007-02-07,14.150083585644479,14.496577922262565,14.140719549694966,14.346742630004883,2465600,0.0,0.0
2007-02-08,14.35611289797942,14.562136947997006,14.225006521952025,14.449760437011719,3708700,0.0,0.0
2007-02-09,14.468488177976308,14.655782347016677,14.34674674482781,14.365476608276367,3325300,0.0,0.0
2007-02-12,14.421666060120737,14.431030992914962,14.084536517330992,14.281195640563965,2273900,0.0,0.0
2007-02-13,14.253099845822286,14.487217776107393,14.234369982716743,14.412300109863281,1967100,0.0,0.0
2007-02-14,14.562134332270077,14.693239791658499,14.431027979792692,14.599593162536621,3249000,0.0,0.0
2007-02-15,14.580863991907814,14.796252945965358,14.543405159865937,14.646417617797852,3478800,0.0,0.0
2007-02-16,14.655785003749843,14.96482066195927,14.524679508199908,14.880538940429688,3863000,0.0,0.0
2007-02-20,14.637053403128698,15.077195370986354,14.637053403128698,15.030370712280273,3215000,0.0,0.0
2007-02-21,14.98354861305538,15.077196149122614,14.871172105628155,15.011643409729004,1311100,0.0,0.0
2007-02-22,15.13338458469999,15.358137608887226,15.086561707811162,15.320679664611816,2219400,0.0,0.0
2007-02-23,15.358137488138892,15.770185588998363,15.358137488138892,15.582890510559082,3999900,0.0,0.0
2007-02-26,15.695264545854155,15.695264545854155,15.320676255559588,15.545429229736328,1847100,0.0,0.0
2007-02-27,15.264486325034964,15.61098160203402,14.927356871441317,14.936721801757812,4289800,0.0,0.0
2007-02-28,14.908632946511661,15.133385991593334,14.67451496794595,15.086563110351562,4218600,0.0,0.0
2007-03-01,14.749428495335454,15.189569528045222,14.65578097305012,14.992911338806152,3614300,0.0,0.0
2007-03-02,14.889899251905781,14.955452876353453,14.468487177434671,14.496581077575684,4075900,0.0,0.0
2007-03-05,14.365475764109323,14.786887842958722,14.337381863676429,14.505946159362793,3101000,0.0,0.0
2007-03-06,14.655782584790751,14.796253883666804,14.599594779711577,14.711971282958984,3040000,0.0,0.0
2007-03-07,14.655781375321286,15.152112006732267,14.580863712672269,14.955452919006348,3337500,0.0,0.0
2007-03-08,15.12401728290271,15.470512590607472,15.12401728290271,15.423687934875488,3223200,0.0,0.0
2007-03-09,15.545432566578173,15.639080105797813,15.395597218298047,15.582890510559082,2512000,0.0,0.0
2007-03-12,15.51733202213739,15.854462324001078,15.51733202213739,15.770179748535156,2247200,0.0,0.0
2007-03-13,15.601619457218684,15.685902058937074,15.15211343883936,15.189571380615234,2786000,0.0,0.0
2007-03-14,15.227032183144187,15.414325477597163,14.992914225444267,15.264490127563477,3768900,0.0,0.0
2007-03-15,15.264484776233259,15.770180244947012,15.245756703678321,15.742085456848145,3995700,0.0,0.0
2007-03-16,15.751455693607092,15.770185558650626,15.479879795188818,15.648443222045898,2335900,0.0,0.0
2007-03-19,15.723363131353594,15.873198483625387,15.582890925692782,15.676538467407227,2882300,0.0,0.0
2007-03-20,15.676538913601085,15.817009337081748,15.5267035570646,15.704633712768555,2270000,0.0,0.0
2007-03-21,15.68589975588826,16.20095843638657,15.498604715973666,16.0792179107666,3643200,0.0,0.0
2007-03-22,16.088584878451616,16.088584878451616,15.751454478390412,15.826372146606445,3064200,0.0,0.0
2007-03-23,15.863830846907756,16.060489043428,15.798278114734341,15.948113441467285,1626500,0.0,0.0
2007-03-26,15.985569968817906,16.116675421590436,15.676534411441347,15.92001724243164,2570100,0.0,0.0
2007-03-27,15.920021361393463,15.966844239161539,15.657808601828679,15.676538467407227,3077400,0.0,0.0
2007-03-28,15.676539078427597,15.676539078427597,15.404963161666688,15.451786041259766,3605300,0.0,0.0
2007-03-29,15.51733801044104,15.601620618432506,15.264490186466645,15.395597457885742,2844000,0.0,0.0
2007-03-30,15.404957113567715,15.592250344585697,15.330039463924988,15.489239692687988,2445600,0.0,0.0
2007-04-02,15.582887165676855,15.685899615324558,15.330041186089186,15.545429229736328,2261400,0.0,0.0
2007-04-03,15.657804142122167,15.863829032448924,15.5266986927708,15.695263862609863,2525300,0.0,0.0
2007-04-04,15.695264538852042,16.07921775950491,15.648439886224947,16.069852828979492,3641400,0.0,0.0
2007-04-05,16.397625108845745,16.397625108845745,15.96684705544852,16.00430679321289,2987900,0.0,0.0
2007-04-09,16.013666173640697,16.107313699393284,15.817006190942468,15.948113441467285,5355000,0.0,0.0
2007-04-10,15.910656273520031,15.976209016227699,15.854468463510354,15.929386138916016,4051700,0.0,0.0
2007-04-11,15.910656579736917,15.948116311249835,15.657808750559646,15.685903549194336,3629600,0.0,0.0
2007-04-12,15.704633597211615,15.732726609994028,15.55479824177764,15.629715919494629,5028800,0.0,0.0
2007-04-13,15.63908007638795,15.63908007638795,15.26448992021382,15.311314582824707,7693800,0.0,0.0
2007-04-16,15.45178252808663,15.526700190109024,15.339405141964063,15.470512390136719,5284000,0.0,0.0
2007-04-17,15.358137459257351,15.395597189346061,15.26448992021382,15.311314582824707,7209800,0.0,0.0
2007-04-18,15.3113151649567,15.854468768645848,15.189572823718025,15.685903549194336,6535000,0.0,0.0
2007-04-19,16.303968202367606,16.341427918653608,15.667167314926234,15.770179748535156,7677100,0.0,0.0
2007-04-20,15.920020937278489,16.041761487939247,15.367502420678681,15.582890510559082,8235500,0.0,0.0
2007-04-23,15.629718148067884,15.817011475976525,15.554800459668709,15.657811164855957,4653700,0.0,0.0
2007-04-24,15.732719428023737,15.91064950119356,15.507966497472257,15.601613998413086,5513300,0.0,0.0
2007-04-25,15.657802667874114,15.99493297581,15.582885020130318,15.985568046569824,3986500,0.0,0.0
2007-04-26,15.92001989403958,16.38825577327604,15.835737292882767,16.369525909423828,6074900,0.0,0.0
2007-04-27,16.36952734177656,16.52872762609429,16.275879800499375,16.332069396972656,4184600,0.0,0.0
2007-04-30,16.25714997194814,16.603643515359916,16.25714997194814,16.341432571411133,4623900,0.0,0.0
2007-05-01,16.341433731838794,16.38825660767515,16.004303310046733,16.29460906982422,3423000,0.0,0.0
2007-05-02,16.257152782566422,16.491270757955093,16.257152782566422,16.4069881439209,2067000,0.0,0.0
2007-05-03,16.388256457346024,16.406986321980046,16.21032631567923,16.28524398803711,3743600,0.0,0.0
2007-05-04,16.28524398803711,16.388256457346024,16.154138507955366,16.28524398803711,2866600,0.0,0.0
2007-05-07,16.378888699589048,16.378888699589048,16.06048820044917,16.08858299255371,2382300,0.0,0.0
2007-05-08,16.013665433129106,16.1073129545512,15.817005459524921,15.835735321044922,4295000,0.0,0.0
2007-05-09,15.845103527178773,16.21969190412117,15.779550784486139,16.191598892211914,3275500,0.0,0.0
2007-05-10,16.200964933261396,16.200964933261396,15.648446308739226,15.723365783691406,4489900,0.0,0.0
2007-05-11,15.8263703256534,16.02303029845447,15.695264867904621,15.957477569580078,2847400,0.0,0.0
2007-05-14,15.966837745792034,16.06985017840281,15.63907416235332,15.760814666748047,2769500,0.0,0.0
2007-05-15,15.79827763901063,15.807640783743752,15.498605208390604,15.592252731323242,3019900,0.0,0.0
2007-05-16,15.601623345101224,15.685905967822617,15.32068246014897,15.657811164855957,5815600,0.0,0.0
2007-05-17,15.657806546711374,15.779548870814724,15.470513274043384,15.667171478271484,4852900,0.0,0.0
2007-05-18,15.695264436726927,15.873194543196417,15.582887057330971,15.863829612731934,5182400,0.0,0.0
2007-05-21,16.01367006805487,16.107317616581895,15.807645104059732,15.891927719116211,4767000,0.0,0.0
2007-05-22,15.835740124978544,16.144775789096045,15.788917243152252,16.041763305664062,2801700,0.0,0.0
2007-05-23,16.06048524942205,16.15413275305207,15.760814666748047,15.760814666748047,2231600,0.0,0.0
2007-05-24,15.845101192601886,15.938748719584266,15.44241807690226,15.507970809936523,4172600,0.0,0.0
2007-05-25,15.639080105797813,15.788915454077939,15.395597218298047,15.582890510559082,4960000,0.0,0.0
2007-05-29,15.58289190945326,15.704634257221215,15.489246148005176,15.610986709594727,3041500,0.0,0.0
2007-05-30,15.414323581718158,15.52670097351074,15.283218113108516,15.526700973510742,4463200,0.0,0.0
2007-05-31,15.713998192383833,15.966844232881604,15.657808595670291,15.938751220703125,4631700,0.0,0.0
2007-06-01,15.920021355131944,16.097951505701577,15.835738746239924,15.938751220703125,2582800,0.0,0.0
2007-06-04,15.96684052958227,16.13540570826983,15.910652732079043,16.0792179107666,3114900,0.0,0.0
2007-06-05,16.0792178081682,16.144770535866662,15.732722522390485,15.873194694519043,3274300,0.0,0.0
2007-06-06,15.882564309429007,15.948118850012165,15.592258488703685,15.723365783691406,2574200,0.0,0.0
2007-06-07,15.601618867092103,15.704631328891084,15.39559572967221,15.414323806762695,3580200,0.0,0.0
2007-06-08,15.414323684682733,15.695266272951807,15.320677941437767,15.667171478271484,3514500,0.0,0.0
2007-06-11,15.667175818699565,15.779553242375803,15.545435247047315,15.564165115356445,2180100,0.0,0.0
2007-06-12,15.470516824053995,15.826375374106476,15.358139405723572,15.517339706420898,4312000,0.0,0.0
2007-06-13,15.620348680466956,15.873196475250602,15.573524022445133,15.79827880859375,3145500,0.0,0.0
2007-06-14,15.779552137011503,16.06049299725424,15.770187203512954,16.023035049438477,3224600,0.0,0.0
2007-06-15,16.154140078051867,16.350798317288618,16.088587331639616,16.257152557373047,2349400,0.0,0.0
2007-06-18,16.238414570512433,16.5193552821248,16.200954856336125,16.481897354125977,2417000,0.0,0.0
2007-06-19,16.40698525859257,16.528725798466922,16.238420060168018,16.472537994384766,4602800,0.0,0.0
2007-06-20,16.528723700749982,16.79093639681854,16.4538060427558,16.594276428222656,3474500,0.0,0.0
2007-06-21,16.53809443867198,17.352825818359634,16.52872950486195,17.137435913085938,6826500,0.0,0.0
2007-06-22,17.05315003634054,17.062514968361054,16.538091278459337,16.641103744506836,3959800,0.0,0.0
2007-06-25,16.6504670995312,16.744112838510677,16.247783991678713,16.275876998901367,3729500,0.0,0.0
2007-06-26,16.369525250958983,16.397620045607184,15.966842125225075,16.060489654541016,3446100,0.0,0.0
2007-06-27,16.06985552639983,16.42571580138756,15.97620799160421,16.388256072998047,3306100,0.0,0.0
2007-06-28,16.294602401085683,16.378884972040165,16.069849473932898,16.097944259643555,2641700,0.0,0.0
2007-06-29,16.406983208188738,16.538088663388695,16.30397075842999,16.463171005249023,5036500,0.0,0.0
2007-07-02,16.491267909862245,16.819031589857865,16.491267909862245,16.74411392211914,4709500,0.0,0.0
2007-07-03,16.73474808255655,16.84712367298509,16.603640845486176,16.687923431396484,1999100,0.0,0.0
2007-07-05,16.68791769218048,16.69728261919176,16.528717505343117,16.556812286376953,2994200,0.0,0.0
2007-07-06,16.603644731220875,16.86585748054921,16.50999719316231,16.828397750854492,3623500,0.0,0.0
2007-07-09,16.8096667311137,17.081242579171736,16.790936869543376,17.015689849853516,3796300,0.0,0.0
2007-07-10,16.95950053118409,17.081241048123356,16.744110714787308,16.781570434570312,3229300,0.0,0.0
2007-07-11,16.781574290197128,16.80966908648926,16.36952620880329,16.388256072998047,4339100,0.0,0.0
2007-07-12,16.416346800169265,16.790935060324372,16.36015722151271,16.762840270996094,3019400,0.0,0.0
2007-07-13,16.75347885385874,16.819031589857865,16.575550509340573,16.74411392211914,2850600,0.0,0.0
2007-07-16,16.594275583071962,16.875218125875058,16.594275583071962,16.65983009338379,5291200,0.0,0.0
2007-07-17,16.76284021899741,17.11870040467417,16.603639985653118,16.88458251953125,6990100,0.0,0.0
2007-07-18,16.669194086216837,16.706653808302857,16.341430448853462,16.594276428222656,5405800,0.0,0.0
2007-07-19,16.48190131981299,16.547454049216594,15.854465245813213,16.49126625061035,7290700,0.0,0.0
2007-07-20,16.350797476285464,16.500634614035935,16.200962124713282,16.332069396972656,4170500,0.0,0.0
2007-07-23,16.425714152105563,16.491266884026995,16.135406644770676,16.144771575927734,3377800,0.0,0.0
2007-07-24,15.966842143482715,16.06048967290574,15.592253811968675,15.667171478271484,4482500,0.0,0.0
2007-07-25,15.779544380853702,15.798274238644465,15.301943724254516,15.620344161987305,5953000,0.0,0.0
2007-07-26,15.47987472430681,15.489239653760823,14.91799146030965,15.105284690856934,5999600,0.0,0.0
2007-07-27,15.058464327618172,15.180204858358982,14.749428749084473,14.749428749084473,4957300,0.0,0.0
2007-07-30,14.693242314473903,15.039736777204435,14.693242314473903,14.974184036254883,4794100,0.0,0.0
2007-07-31,15.058467372061948,15.142749981990779,14.67451405402097,14.693243026733398,4669800,0.0,0.0
2007-08-01,14.68387686419586,14.86180609814341,14.281193738565843,14.608959197998047,5675800,0.0,0.0
2007-08-02,14.29992199986352,14.833710535003227,14.29992199986352,14.758792877197266,4519800,0.0,0.0
2007-08-03,14.74942973492206,14.80561843163332,14.15008750672111,14.159452438354492,5230500,0.0,0.0
2007-08-06,14.20627708628883,14.64641907643127,14.159453318301065,14.618324279785156,6367000,0.0,0.0
2007-08-07,14.50594440376071,14.665144642094674,14.271826511280045,14.51530933380127,6122200,0.0,0.0
2007-08-08,14.543405010324474,15.021006676853254,14.33738188275707,14.637052536010742,7711000,0.0,0.0
2007-08-09,14.449759183180069,14.805618550299476,14.39357048601846,14.431029319763184,6208100,0.0,0.0
2007-08-10,14.318651315575542,14.571499086629117,14.23436872522435,14.459121704101562,5220400,0.0,0.0
2007-08-13,14.655780141506279,14.93672179933317,14.468486000651321,14.67451000213623,4045500,0.0,0.0
2007-08-14,14.74943045836352,14.83371306101985,14.328018338170951,14.337383270263672,3009700,0.0,0.0
2007-08-15,14.299924178578392,14.53404211816411,14.047076375143066,14.056441307067871,3735900,0.0,0.0
2007-08-16,13.925337920204184,14.178185777763371,13.756772681831395,14.06580924987793,5985200,0.0,0.0
2007-08-17,14.5714992387663,14.880534811221263,14.281192634868841,14.468486785888672,5205000,0.0,0.0
2007-08-20,14.534040801882343,14.665146264599722,14.299922883499617,14.496581077575684,4426900,0.0,0.0
2007-08-21,14.515311090536754,14.749429011351863,14.459122396581972,14.505946159362793,2717000,0.0,0.0
2007-08-22,14.665146827697752,15.4798780008712,14.356111235013625,14.665146827697754,4160600,0.0,0.0
2007-08-23,14.777524361552604,14.777524361552604,14.271829638703704,14.337383270263672,3685800,0.0,0.0
2007-08-24,14.28119522398923,14.459124476443652,14.28119522398923,14.449760437011719,3031200,0.0,0.0
2007-08-27,14.402933101397448,14.477850756838382,14.206274032592772,14.206274032592773,2441100,0.0,0.0
2007-08-28,14.075168926579472,14.140722550670738,13.635027885437013,13.635027885437012,3321100,0.0,0.0
2007-08-29,13.691216573753794,14.20627620343237,13.672487603576064,14.159452438354492,2567000,0.0,0.0
2007-08-30,14.009618278731107,14.093900884317256,13.663123817057363,13.70994758605957,3396800,0.0,0.0
2007-08-31,13.897241326482831,14.084535503438985,13.794228859340135,13.94406509399414,2823700,0.0,0.0
2007-09-04,13.953428028200841,14.06580541856564,13.794227767121225,13.934699058532715,4048400,0.0,0.0
2007-09-05,13.766133727438044,13.841051391534085,13.213615284912992,13.335356712341309,6422000,0.0,0.0
2007-09-06,13.447735779309557,13.597572029235067,13.288535489398658,13.578842163085938,5566900,0.0,0.0
2007-09-07,13.429004235642072,13.625663327117168,13.354086571564796,13.532015800476074,3867600,0.0,0.0
2007-09-10,13.560111346634688,13.99088841389458,13.494558605885068,13.70994758605957,6407400,0.0,0.0
2007-09-11,13.72867596562276,13.869147266570168,13.59757048977873,13.803593635559082,2472100,0.0,0.0
2007-09-12,13.719310257801254,13.74740505225546,13.194886597902393,13.222980499267578,4372800,0.0,0.0
2007-09-13,13.25107646651482,13.307265171094194,12.998229528630539,13.101241111755371,3715600,0.0,0.0
2007-09-14,12.988863141224025,13.148063411101365,12.951404306728712,12.998228073120117,2778000,0.0,0.0
2007-09-17,12.923310094173909,13.241710626292,12.895216192248501,13.176156997680664,2728100,0.0,0.0
2007-09-18,13.241710603806236,13.578840105605774,13.073145406361949,13.569475173950195,3888200,0.0,0.0
2007-09-19,13.569478088398762,13.691219546801785,13.335360105259698,13.372818946838379,3887500,0.0,0.0
2007-09-20,13.410273982487965,13.429003844506255,13.222979827749944,13.307262420654297,3002800,0.0,0.0
2007-09-21,13.34472289742571,13.410275636396486,13.232346390723341,13.354087829589844,3360900,0.0,0.0
2007-09-24,13.288532708932879,13.382180233905556,13.026320889333963,13.11996841430664,3105500,0.0,0.0
2007-09-25,13.01695850143089,13.1667947492795,12.951405756995921,13.101241111755371,3409500,0.0,0.0
2007-09-26,13.091874712813867,13.204252109388865,12.904580540337307,12.998228073120117,3595900,0.0,0.0
2007-09-27,12.970130607881726,13.148059799588554,12.970130607881726,13.016953468322754,3171200,0.0,0.0
2007-09-28,12.988862057798528,13.045050751399222,12.848391663430274,12.923309326171875,4209800,0.0,0.0
2007-10-01,12.885852337761623,13.119970290585393,12.867122472852948,13.05441665649414,3593900,0.0,0.0
2007-10-02,13.101235689329457,13.288529805260243,13.054411937074562,13.185518264770508,5301400,0.0,0.0
2007-10-03,13.101238795631506,13.15742749027747,12.876485803225654,12.942038536071777,3952700,0.0,0.0
2007-10-04,12.942037599010455,12.97949642836591,12.810932142810831,12.876484870910645,3539700,0.0,0.0
2007-10-05,13.0169563239831,13.372815678554005,12.98886242293748,13.213615417480469,2874100,0.0,0.0
2007-10-08,13.213616255783812,13.382181458929738,13.138698586183192,13.269804954528809,1831600,0.0,0.0
2007-10-09,13.34472289742571,13.447734471963942,13.18552262299175,13.354087829589844,2510700,0.0,0.0
2007-10-10,13.279170474529401,13.297899446214378,12.707922102167327,12.78283977508545,4039800,0.0,0.0
2007-10-11,12.829661491847036,12.904579152782194,12.41761435670366,12.511260986328125,3630000,0.0,0.0
2007-10-12,12.651731642451653,12.782837096036507,12.539355156626524,12.661096572875977,3249600,0.0,0.0
2007-10-15,12.633002281188965,12.689190972868031,12.501896822419399,12.633002281188965,3503700,0.0,0.0
2007-10-16,12.558083823678855,12.782836789947329,12.529989926167522,12.642366409301758,2651800,0.0,0.0
2007-10-17,12.923309566582457,13.01695620020706,12.604909047463002,12.942038536071777,4574800,0.0,0.0
2007-10-18,12.333332762888993,12.63300343087889,12.052391065103944,12.183497428894043,9191300,0.0,0.0
2007-10-19,12.28650919169244,12.352061928077758,11.556061480392037,11.602885246276855,8301800,0.0,0.0
2007-10-22,11.462413525273265,11.621613787548368,11.368766890051393,11.509237289428711,5074000,0.0,0.0
2007-10-23,11.762083441780828,12.230319231940928,11.752718511636292,12.117941856384277,9943000,0.0,0.0
2007-10-24,12.089850186471114,12.136673952731703,11.705896910694582,12.071121215820312,6296500,0.0,0.0
2007-10-25,12.155404350369936,12.164769283339265,11.5560629297595,11.70589828491211,6507100,0.0,0.0
2007-10-26,11.762083285864197,11.799542112856901,11.359400225875978,11.518600463867188,5698400,0.0,0.0
2007-10-29,11.565424220880287,11.743353425823404,11.42495294984099,11.518600463867188,5539900,0.0,0.0
2007-10-30,11.471778755933059,11.724626553113914,11.37813122517962,11.52796745300293,5256200,0.0,0.0
2007-10-31,11.537329024286171,11.612246675631756,11.368764755303033,11.556058883666992,6136500,0.0,0.0
2007-11-01,11.378129169562143,11.490506543399349,11.256388651901453,11.321941375732422,4028800,0.0,0.0
2007-11-02,11.42495635721702,11.42495635721702,11.190838395417126,11.228297233581543,4617100,0.0,0.0
2007-11-05,11.144015224310332,11.256392637941893,11.05036857040296,11.134651184082031,4669800,0.0,0.0
2007-11-06,11.134651184082031,11.321945384985973,11.003544796904674,11.134651184082031,4182000,0.0,0.0
2007-11-07,10.975449306236357,11.003543209045576,10.675777734944761,10.694507598876953,5027400,0.0,0.0
2007-11-08,10.72260169828727,11.190837588108453,10.72260169828727,11.106554985046387,6733800,0.0,0.0
2007-11-09,10.937989349425244,11.406225182628873,10.937989349425244,11.275118827819824,5424100,0.0,0.0
2007-11-12,11.275116479434171,11.527964205383617,11.003539788463724,11.050363540649414,6449400,0.0,0.0
2007-11-13,11.162740988291286,11.321941223820906,11.1440111285401,11.312576293945312,3049100,0.0,0.0
2007-11-14,11.4062224396516,11.4062224396516,10.806880395769166,10.83497428894043,8574600,0.0,0.0
2007-11-15,10.769425809006664,10.95671999228461,10.647684366603722,10.731966972351074,4626700,0.0,0.0
2007-11-16,10.778788292622957,10.806882190459753,10.394835080860757,10.628952980041504,3086300,0.0,0.0
2007-11-19,10.535307236833487,10.55403710060394,10.198177726766877,10.226271629333496,3340200,0.0,0.0
2007-11-20,10.254364016462327,10.348011535296804,9.823587037383806,9.992152214050293,3906500,0.0,0.0
2007-11-21,9.870408709267707,9.870408709267707,9.598832033791307,9.720573425292969,5080700,0.0,0.0
2007-11-23,9.786130104445302,9.973424285311944,9.748671268271975,9.92660140991211,1191900,0.0,0.0
2007-11-26,10.02024678716663,10.235635737753318,9.692482235354177,9.711211204528809,4264600,0.0,0.0
2007-11-27,9.776764528468089,9.814223362175284,9.45836488850146,9.617565155029297,4106400,0.0,0.0
2007-11-28,9.720576787801106,10.09516512731425,9.589470422426981,10.020247459411621,5755600,0.0,0.0
2007-11-29,10.001514741790267,10.319915157628342,9.907867245453641,10.085797309875488,5663500,0.0,0.0
2007-11-30,10.216907263038998,10.310554800897313,9.94533047495682,10.1981782913208,13335200,0.0,0.0
2007-12-03,10.21690273304031,10.226267661291715,9.63629057778388,10.085797309875488,8061500,0.0,0.0
2007-12-04,10.020248900796398,10.03897876701082,9.795495864758417,9.8516845703125,3704800,0.0,0.0
2007-12-05,10.001518753849009,10.14198916161423,9.917236151954247,9.973423957824707,2719200,0.0,0.0
2007-12-06,10.020243911986139,10.385468083529439,9.926597306805697,10.35737419128418,3435300,0.0,0.0
2007-12-07,10.376107365423762,10.46975490169253,10.301189693644384,10.385472297668457,3606100,0.0,0.0
2007-12-10,10.39483380299561,10.563398062383229,10.207538792204568,10.47911548614502,4114700,0.0,0.0
2007-12-11,10.516577193635115,10.666413421975136,10.273095220396801,10.282459259033203,3770600,0.0,0.0
2007-12-12,10.535307210697814,10.638318781912576,10.085801198390788,10.291824340820312,5212200,0.0,0.0
2007-12-13,10.151354423328296,10.245001067183637,9.645659688624335,9.79549503326416,5806800,0.0,0.0
2007-12-14,9.79549606813875,9.79549606813875,9.523919254015244,9.533284187316895,3299900,0.0,0.0
2007-12-17,9.514550778430024,9.664386083115716,9.392809370100686,9.420904159545898,3883500,0.0,0.0
2007-12-18,9.55201271318025,9.570742578905785,9.383448387096202,9.505188941955566,2468400,0.0,0.0
2007-12-19,9.552010142445067,9.636292729348671,9.40217482932262,9.523916244506836,2307800,0.0,0.0
2007-12-20,9.580104847950436,9.748670035967061,9.486458215899301,9.711211204528809,3003100,0.0,0.0
2007-12-21,9.804859937218103,9.879777609321332,9.664388632207721,9.861047744750977,2473600,0.0,0.0
2007-12-24,9.72057818607909,10.03897876701082,9.72057818607909,9.8516845703125,1661600,0.0,0.0
2007-12-26,9.832952480130732,9.973422872611295,9.832952480130732,9.898505210876465,1246500,0.0,0.0
2007-12-27,9.898503162174377,9.973420808403434,9.748667869716261,9.75803279876709,1625600,0.0,0.0
2007-12-28,9.83295043929931,9.907868085484964,9.729938899066234,9.823585510253906,2167900,0.0,0.0
2007-12-31,9.77676450400526,9.832953200969982,9.617565130964806,9.683117866516113,2261300,0.0,0.0
2008-01-02,9.69248087256093,9.767398524903776,9.355350543929262,9.420904159545898,3181100,0.0,0.0
2008-01-03,9.467729594443203,9.486459459161493,9.233611643999204,9.27107048034668,2875500,0.0,0.0
2008-01-04,9.271071127669584,9.271071127669584,8.746647382188717,8.849658966064453,2991100,0.0,0.0
2008-01-07,8.896480577811326,8.952669269156642,8.681092529347012,8.830927848815918,3234300,0.0,0.0
2008-01-08,8.812198966515798,8.971399234413475,8.409515830881784,8.437610626220703,4819700,0.0,0.0
2008-01-09,8.437609913557957,8.521892506277887,8.194127066386823,8.456338882446289,3685500,0.0,0.0
2008-01-10,8.315867734686686,8.652997181857765,8.269043977085145,8.596809387207031,3416000,0.0,0.0
2008-01-11,8.493798394407262,8.531257228276624,8.297139293320843,8.37205696105957,3049200,0.0,0.0
2008-01-14,8.45634019748296,8.812199592590332,8.437611225682105,8.812199592590332,3071500,0.0,0.0
2008-01-15,8.793469253326004,8.793469253326004,8.390786151703665,8.456338882446289,3026500,0.0,0.0
2008-01-16,8.43761008109518,9.186787606372585,8.334597624352527,8.990128517150879,4671000,0.0,0.0
2008-01-17,8.999492101083339,9.158692350661694,8.465703554314118,8.503162384033203,5212200,0.0,0.0
2008-01-18,8.756009083405987,8.943303209091331,8.240949567954663,8.887114524841309,4418600,0.0,0.0
2008-01-22,8.446974077353218,8.793468454662385,8.446974077353218,8.596809387207031,4168300,0.0,0.0
2008-01-23,8.240952679813308,8.681094711192126,8.19412890743868,8.587447166442871,4429100,0.0,0.0
2008-01-24,8.75601258506378,10.301190856268356,8.75601258506378,9.533284187316895,8778600,0.0,0.0
2008-01-25,9.645656323835176,9.954691837623194,9.570738677649523,9.823585510253906,6674400,0.0,0.0
2008-01-28,9.879773887283076,9.889138816040175,9.477090881615421,9.739302635192871,5028100,0.0,0.0
2008-01-29,9.8704126530822,10.09516566884645,9.61756573361969,10.057706832885742,3384100,0.0,0.0
2008-01-30,10.038974746301324,10.319916375373467,9.935962309557874,10.170080184936523,3834200,0.0,0.0
2008-01-31,10.04834147094281,10.36674200953815,10.001518597810955,10.291824340820312,3687900,0.0,0.0
2008-02-01,10.291823789716911,10.647683143615723,10.198177155378705,10.647683143615723,2740900,0.0,0.0
2008-02-04,10.59149619538984,10.666413866134974,10.441659960810494,10.507213592529297,3620100,0.0,0.0
2008-02-05,10.348013506511073,10.357378438796252,9.82358890869936,9.861047744750977,3512900,0.0,0.0
2008-02-06,9.945329965863372,10.25436557465177,9.748670860899024,9.964059829711914,4068600,0.0,0.0
2008-02-07,9.851683325887866,10.132624138903452,9.739305928974755,9.964059829711914,3426600,0.0,0.0
2008-02-08,9.88914254160651,10.020248021242615,9.701847468259336,9.861047744750977,2476100,0.0,0.0
2008-02-11,9.945330590628318,10.198178409933103,9.77676537775846,10.141989707946777,2485600,0.0,0.0
2008-02-12,10.22626944118362,10.441657469922154,10.010880519356219,10.076434135437012,2719400,0.0,0.0
2008-02-13,10.245000723706736,10.319919286604009,10.00151874337462,10.301189422607422,2222500,0.0,0.0
2008-02-14,10.319919730979965,10.357378567497044,10.01088321335268,10.067071914672852,2205200,0.0,0.0
2008-02-15,10.010880924855064,10.132622338977637,9.851681575867445,10.038975715637207,2095900,0.0,0.0
2008-02-19,10.132624774685944,10.282460122519588,9.945330589893889,10.010883331298828,2068200,0.0,0.0
2008-02-20,9.93596482299306,10.338647956296843,9.861047155367572,10.282459259033203,2416600,0.0,0.0
2008-02-21,10.385470393858776,10.451023121376677,10.05770497009141,10.123258590698242,3251300,0.0,0.0
2008-02-22,10.18881009616283,10.301186569753115,9.992151044107628,10.235633850097656,2730900,0.0,0.0
2008-02-25,10.273094950435551,10.554036643192935,10.151353520471051,10.525941848754883,3346300,0.0,0.0
2008-02-26,10.994179523919488,11.612250814351643,10.769426489778555,11.443686485290527,8184600,0.0,0.0
2008-02-27,11.434321480425716,11.921286384671694,11.321944964061258,11.70589828491211,8332600,0.0,0.0
2008-02-28,11.612249425776247,11.752720725133859,11.434320184963477,11.481143951416016,5193200,0.0,0.0
2008-02-29,11.331309708350553,11.443686222843803,11.190838395417126,11.228297233581543,4072200,0.0,0.0
2008-03-03,11.228296429551543,11.303214100515712,10.95671964903416,11.237661361694336,4092100,0.0,0.0
2008-03-04,11.115918828791418,11.453048314941247,10.956718570392862,11.424954414367676,4915300,0.0,0.0
2008-03-05,11.518602646301993,11.696531884957443,11.41559018273758,11.602885246276855,4954900,0.0,0.0
2008-03-06,11.565424424962787,11.621612219898884,11.144011497497559,11.144011497497559,3005200,0.0,0.0
2008-03-07,11.031635014536464,11.53732963440584,10.909893601389719,11.144011497497559,3792000,0.0,0.0
2008-03-10,11.144013174969732,11.218930841554242,10.900531205114591,10.928625106811523,3441900,0.0,0.0
2008-03-11,11.162744309677644,11.4155912399292,10.937991284323118,11.4155912399292,3058000,0.0,0.0
2008-03-12,11.368767827323206,11.659073581460321,11.275120291291762,11.378131866455078,3496900,0.0,0.0
2008-03-13,11.20020276680842,11.537332293389198,11.041002489317444,11.387496948242188,3543900,0.0,0.0
2008-03-14,11.537332871710273,11.565427670150447,11.003544204595041,11.228297233581543,2997000,0.0,0.0
2008-03-17,10.92862361030754,11.275117994086171,10.797517265193093,11.153376579284668,4096100,0.0,0.0
2008-03-18,11.47177885593831,11.705896791773785,11.359402353907967,11.668437957763672,3964900,0.0,0.0
2008-03-19,11.75272101938981,11.921285332514646,11.237661361694336,11.237661361694336,4188600,0.0,0.0
2008-03-20,11.237659051515134,11.556059534202287,11.106552707735453,11.53732967376709,3454200,0.0,0.0
2008-03-24,11.649706621062851,12.295872542388409,11.630977652970671,12.024295806884766,3719500,0.0,0.0
2008-03-25,12.089849055543626,12.117942955436353,11.659072053802916,11.733989715576172,2718000,0.0,0.0
2008-03-26,11.65907262025492,11.687166521512578,11.247025460482844,11.509237289428711,2626000,0.0,0.0
2008-03-27,11.977471341469037,12.03366002861357,11.70589462196305,11.715259552001953,4428200,0.0,0.0
2008-03-28,12.033662532744287,12.033662532744287,11.565426650428776,11.621614456176758,2274600,0.0,0.0
2008-03-31,11.977472023999491,11.977472023999491,11.471777383237479,11.630977630615234,2599200,0.0,0.0
2008-04-01,11.827636861630983,12.155401398149833,11.724625303254593,12.099213600158691,3880800,0.0,0.0
2008-04-02,12.211589266926309,12.361424575598344,12.052389028190051,12.1741304397583,3250100,0.0,0.0
2008-04-03,12.043024662558578,12.642366818425582,12.033660625144368,12.604907989501953,3902100,0.0,0.0
2008-04-04,12.595546066833016,12.717287513179073,12.267781458752836,12.614275932312012,4467200,0.0,0.0
2008-04-07,12.754745252430027,12.820297989781912,12.323968207498217,12.40825080871582,2004800,0.0,0.0
2008-04-08,12.21159134195806,12.35206174443504,11.940014575570606,11.986838340759277,2222600,0.0,0.0
2008-04-09,11.893190272979865,12.146038057720173,11.827637540531192,11.949378967285156,2565400,0.0,0.0
2008-04-10,11.827636146232209,12.014930283355705,11.659070976276615,11.921282768249512,2870300,0.0,0.0
2008-04-11,11.752720582637036,11.883826055407669,11.565426412186811,11.602885246276855,2961700,0.0,0.0
2008-04-14,11.556063002360993,11.66843951943146,11.443686485290527,11.443686485290527,2038400,0.0,0.0
2008-04-15,11.368769483214551,11.537333822298265,11.087827727289397,11.490510940551758,5347600,0.0,0.0
2008-04-16,11.612248421233117,12.052390358869024,11.537330758625599,11.808907508850098,4518000,0.0,0.0
2008-04-17,11.780810817453617,11.865093391190513,11.303210161670389,11.35939884185791,3658000,0.0,0.0
2008-04-18,11.49987128186622,11.724625150162952,11.331306997004837,11.630977630615234,3382500,0.0,0.0
2008-04-21,11.593520943893308,11.846367864455887,11.453049638612676,11.780815124511719,3463000,0.0,0.0
2008-04-22,11.780813895812493,11.780813895812493,11.162742717689934,11.499872207641602,4342300,0.0,0.0
2008-04-23,12.052392471190073,13.035688081608898,11.84636841636681,12.614275932312012,11342200,0.0,0.0
2008-04-24,12.42697973409088,12.951403379479396,12.17413194953324,12.736015319824219,5567600,0.0,0.0
2008-04-25,12.82966121822603,12.970132499300316,12.57681434123463,12.820296287536621,4233100,0.0,0.0
2008-04-28,12.820299520208827,12.904582131487691,12.43634619601771,12.576817512512207,2914900,0.0,0.0
2008-04-29,12.483165729534718,12.67045986150932,12.398883146873931,12.548718452453613,1794300,0.0,0.0
2008-04-30,12.642366389617939,12.726648975109615,12.361424735675316,12.445707321166992,2409200,0.0,0.0
2008-05-01,12.323968893748933,13.12933522303973,12.30523992192937,13.05441665649414,3413700,0.0,0.0
2008-05-02,13.119969776753122,13.344722788320295,12.81093416257599,12.951404571533203,3412700,0.0,0.0
2008-05-05,12.848396024477609,12.998231400818456,12.698560648136763,12.895219802856445,2063200,0.0,0.0
2008-05-06,12.736018355397558,13.166795470470719,12.689194581198239,13.082512855529785,2630200,0.0,0.0
2008-05-07,13.016955257721365,13.204250297587581,12.792202281588635,12.876484870910645,2773100,0.0,0.0
2008-05-08,12.951404306728712,13.054415878318554,12.679827533365435,12.998228073120117,2880300,0.0,0.0
2008-05-09,12.773475884968844,12.94204020445873,12.679828346182928,12.792204856872559,2013800,0.0,0.0
2008-05-12,12.867118330406816,12.998224663291774,12.726647961171297,12.960765838623047,1570100,0.0,0.0
2008-05-13,13.045054380585597,13.045054380585597,12.745382753160362,12.773477554321289,3561900,0.0,0.0
2008-05-14,12.895217299518487,13.325993476327548,12.773475856602793,12.988863945007324,3369200,0.0,0.0
2008-05-15,12.97949927814762,13.260441006541631,12.867122765407842,13.204253196716309,2374900,0.0,0.0
2008-05-16,13.34472249905174,13.34472249905174,12.745380254775249,13.194887161254883,3057500,0.0,0.0
2008-05-19,13.251074966384174,13.578840437631595,13.13869846303653,13.194887161254883,3462700,0.0,0.0
2008-05-20,13.185521714183665,13.185521714183665,12.445709092900952,12.567450523376465,4918100,0.0,0.0
2008-05-21,12.54872245247965,12.679828833197726,12.267781611509584,12.361428260803223,3247400,0.0,0.0
2008-05-22,12.361427605983081,12.595545556449007,12.183498356588183,12.380157470703125,2741100,0.0,0.0
2008-05-23,12.305242669260016,12.483171960172264,12.03366581907439,12.249053955078125,3071000,0.0,0.0
2008-05-27,12.192860463585605,12.754742878649452,12.192860463585605,12.707919120788574,2734000,0.0,0.0
2008-05-28,12.651733135466102,12.885851065168632,12.61427430243726,12.698556900024414,2520100,0.0,0.0
2008-05-29,12.754743289233687,12.923308465723522,12.642366802603439,12.67046070098877,1820400,0.0,0.0
2008-05-30,12.773475056846612,12.99822806365482,12.698557387910542,12.867121696472168,2141700,0.0,0.0
2008-06-02,12.792200823611129,12.95140105349937,12.192859622233122,12.389517784118652,2965300,0.0,0.0
2008-06-03,12.408248887934564,12.501896406588507,12.099213326701044,12.211589813232422,3880900,0.0,0.0
2008-06-04,12.22095554731759,12.417614634951262,12.108579053396776,12.202225685119629,4389800,0.0,0.0
2008-06-05,12.174133048082082,12.23032174741704,11.77144989993394,11.89319133758545,5564400,0.0,0.0
2008-06-06,11.808905620582474,12.052388431668012,11.621611494012384,11.677800178527832,4320800,0.0,0.0
2008-06-09,11.640342549423874,11.74335410635111,11.181470775810528,11.434318542480469,4381800,0.0,0.0
2008-06-10,11.378131326999734,11.481143790368156,11.153378322887074,11.340672492980957,3468200,0.0,0.0
2008-06-11,11.340669561829767,11.340669561829767,10.160716148668879,10.170080184936523,8862300,0.0,0.0
2008-06-12,10.244999898948109,10.844342102253627,10.170082235171044,10.769424438476562,7355000,0.0,0.0
2008-06-13,10.853705367571978,10.984810812514079,10.628952410737925,10.722599029541016,5267800,0.0,0.0
2008-06-16,10.675776763041242,11.247025057720725,10.619588962538037,10.956718444824219,5579700,0.0,0.0
2008-06-17,11.003542470434049,11.097189997630792,10.816248309129568,10.909894943237305,3312800,0.0,0.0
2008-06-18,10.81625075054371,10.84434465780841,10.319920887784384,10.413567543029785,4512700,0.0,0.0
2008-06-19,10.366739734675999,10.825611471239938,10.348010768150926,10.722599029541016,2999800,0.0,0.0
2008-06-20,10.591495613557099,10.610224583669984,10.254365220634826,10.404200553894043,4602100,0.0,0.0
2008-06-23,10.413565115402696,10.535306542621447,10.216906024216868,10.310553550720215,2908900,0.0,0.0
2008-06-24,10.254364856200407,10.52594161135331,10.141988360249792,10.310553550720215,2290400,0.0,0.0
2008-06-25,10.432294311213855,10.816247537779029,10.385470550954677,10.5914945602417,2496000,0.0,0.0
2008-06-26,10.301189559887728,10.432295930343823,10.020247847818428,10.048341751098633,3659800,0.0,0.0
2008-06-27,10.057708356501493,10.170084881407242,9.861049214644124,10.029614448547363,3656400,0.0,0.0
2008-06-30,10.282457640660047,10.657046812919317,10.160717119746357,10.366740226745605,6712600,0.0,0.0
2008-07-01,10.282458204740154,10.563399876074415,10.067070155673557,10.535305976867676,4741500,0.0,0.0
2008-07-02,10.628956730520782,10.628956730520782,9.748672618858834,9.889143943786621,5577300,0.0,0.0
2008-07-03,9.90786958270917,9.926599443630334,9.43026884628657,9.664386749267578,3173500,0.0,0.0
2008-07-07,9.795493668448866,10.085800278056663,9.617564444752393,9.832952499389648,4437000,0.0,0.0
2008-07-08,9.729942096715114,10.057706683221728,9.645659493785416,10.048341751098633,3312900,0.0,0.0
2008-07-09,10.076437343336234,10.1419900871973,9.505188941955566,9.505188941955566,4568500,0.0,0.0
2008-07-10,9.514552954788218,9.664388293747235,9.271070082435283,9.570741653442383,5925400,0.0,0.0
2008-07-11,9.374082008358965,9.486458506111571,8.90584615451193,9.205516815185547,7127600,0.0,0.0
2008-07-14,9.392812502198076,9.402177435135949,8.999494249699051,9.111870765686035,3009000,0.0,0.0
2008-07-15,9.036953762934882,9.364719295513547,8.849659555642456,9.158695220947266,5448700,0.0,0.0
2008-07-16,9.158694062114499,9.542647361755371,9.046317551957838,9.542647361755371,5416300,0.0,0.0
2008-07-17,9.561377637891981,9.842319371911431,9.289800836727316,9.767401695251465,4153300,0.0,0.0
2008-07-18,9.758036225707386,9.879777666856373,9.383447863009811,9.729942321777344,3967300,0.0,0.0
2008-07-21,9.6737502178826,9.992150660716021,9.65502125288058,9.823585510253906,3586600,0.0,0.0
2008-07-22,9.729939805154572,9.729939805154572,9.28979792300961,9.364715576171875,4907500,0.0,0.0
2008-07-23,9.88914184943832,10.01088238826829,9.467728856992126,9.814223289489746,5026600,0.0,0.0
2008-07-24,8.990130358539822,8.990130358539822,8.278411519095174,8.587447166442871,12985900,0.0,0.0
2008-07-25,8.793469409267395,8.980763566917016,8.568715526998858,8.662363052368164,6491300,0.0,0.0
2008-07-28,8.643633304287608,8.643633304287608,8.400151342669888,8.409515380859375,5125300,0.0,0.0
2008-07-29,8.35332515116305,8.877748647069332,8.35332515116305,8.75600814819336,3618600,0.0,0.0
2008-07-30,8.97139823754578,8.97139823754578,8.634268768740741,8.830927848815918,3986000,0.0,0.0
2008-07-31,8.718551466494151,8.924574586754492,8.634268874983574,8.774739265441895,4306000,0.0,0.0
2008-08-01,8.765374353020983,8.793469145642899,8.437609810232635,8.709186553955078,3350800,0.0,0.0
2008-08-04,8.718552555333188,8.877751934293128,8.615540089249077,8.652998924255371,2620500,0.0,0.0
2008-08-05,8.896481101703769,8.943304865067379,8.709186941338332,8.933939933776855,2860700,0.0,0.0
2008-08-06,8.859020629260716,8.952668138647807,8.596808853301235,8.887114524841309,3551100,0.0,0.0
2008-08-07,8.868385670218036,9.018220972648477,8.624902857224143,8.765373229980469,2331400,0.0,0.0
2008-08-08,8.83092811143891,8.990128366381317,8.615539163480193,8.98076343536377,2771800,0.0,0.0
2008-08-11,8.971396641977176,9.28043215669187,8.896478995566873,9.177420616149902,3348100,0.0,0.0
2008-08-12,9.233609516440168,9.261704307044152,9.046315377858107,9.186786651611328,2893500,0.0,0.0
2008-08-13,9.261705510606358,9.355352145522355,9.03695162201213,9.205516815185547,2759700,0.0,0.0
2008-08-14,9.083775511405511,9.392811107763306,8.990128875196831,9.280434608459473,1784300,0.0,0.0
2008-08-15,9.214882850646973,9.345988333855033,9.14933010904294,9.214882850646973,1557200,0.0,0.0
2008-08-18,9.196150098449227,9.242973853361484,8.896479495952926,9.018220901489258,2677200,0.0,0.0
2008-08-19,8.915211492275148,8.990129160858212,8.802834096311496,8.840292930603027,1687500,0.0,0.0
2008-08-20,8.89647834615965,9.121231268984493,8.74664306427642,8.877748489379883,2231600,0.0,0.0
2008-08-21,8.662360494944922,9.008854807572071,8.662360494944922,8.877748489379883,1579400,0.0,0.0
2008-08-22,8.86838707165695,8.99949253545728,8.7653746151407,8.85902214050293,2955500,0.0,0.0
2008-08-25,8.802834660145347,8.933941035107784,8.77474075589951,8.812199592590332,1789400,0.0,0.0
2008-08-26,8.821560708464474,8.821560708464474,8.58744285716359,8.681090354919434,1229300,0.0,0.0
2008-08-27,8.643630791696127,8.896478504181786,8.643630791696127,8.75600814819336,1301300,0.0,0.0
2008-08-28,8.784103428962403,8.971397564242105,8.784103428962403,8.915209770202637,1410100,0.0,0.0
2008-08-29,8.821565366860279,8.943306820995284,8.68109493913715,8.737282752990723,1820400,0.0,0.0
2008-09-02,8.596809271182474,8.943303643815272,8.596809271182474,8.718550682067871,2027500,0.0,0.0
2008-09-03,8.746646910183836,8.746646910183836,8.456340254070472,8.54998779296875,3534100,0.0,0.0
2008-09-04,8.568716487846714,8.568716487846714,8.306504637734276,8.334598541259766,3732100,0.0,0.0
2008-09-05,8.334596701873965,8.6249032845324,8.287773837361318,8.596809387207031,4031700,0.0,0.0
2008-09-08,8.830927685907643,8.905845344260054,8.437609533013013,8.624903678894043,3242400,0.0,0.0
2008-09-09,8.74664652699721,8.821564197598075,8.194128036499023,8.194128036499023,2607400,0.0,0.0
2008-09-10,8.297137704005392,8.465702870673418,8.11920850048049,8.390785217285156,2411500,0.0,0.0
2008-09-11,8.203493062748091,8.428246077130181,8.091116555557047,8.334598541259766,2777000,0.0,0.0
2008-09-12,8.203493536379375,8.278411212165466,8.044293252061642,8.166034698486328,2570000,0.0,0.0
2008-09-15,7.82890282605186,8.137938405166475,7.688432433032118,7.735256195068359,3710300,0.0,0.0
2008-09-16,7.622877340029907,8.184759631094474,7.510500881816994,8.025559425354004,4015100,0.0,0.0
2008-09-17,7.772716793312143,8.128576215372464,7.613516502045969,7.725893020629883,4108600,0.0,0.0
2008-09-18,7.866359914143383,8.006831169128418,7.5573244035006,8.006831169128418,6320900,0.0,0.0
2008-09-19,8.203495587148822,9.336626833043278,8.006836415775755,8.109848022460938,5331600,0.0,0.0
2008-09-22,8.100479372332089,8.184761963279627,7.800808731708803,7.819538593292236,2112500,0.0,0.0
2008-09-23,7.828901894144627,7.94127837380157,7.604148934830742,7.641607761383057,3429400,0.0,0.0
2008-09-24,7.679067744740343,7.800809172647189,7.491773583764043,7.557326316833496,2729200,0.0,0.0
2008-09-25,7.538598416555249,7.810175211763592,7.4824097137480505,7.632245063781738,2894300,0.0,0.0
2008-09-26,7.594787446944012,7.791446598743513,7.379399319924656,7.782082557678223,2206300,0.0,0.0
2008-09-29,7.613515128769684,7.716526695618755,7.210832006660463,7.2670207023620605,4081400,0.0,0.0
2008-09-30,7.388760907932384,7.388760907932384,7.060995932407602,7.313843250274658,3181200,0.0,0.0
2008-10-01,7.267020400941171,7.370031963517538,7.126549560602638,7.248290538787842,2236400,0.0,0.0
2008-10-02,7.192102903826327,7.257656087306415,6.677043707492589,6.695773124694824,2949400,0.0,0.0
2008-10-03,6.751960829481885,6.9486199174508325,6.442925247400537,6.4616546630859375,4614900,0.0,0.0
2008-10-06,6.386736376418075,6.414830273929409,5.955959411192385,6.321183204650879,5214800,0.0,0.0
2008-10-07,6.527209931788001,6.527209931788001,5.7873970548384825,5.796761989593506,4228300,0.0,0.0
2008-10-08,5.618828798418315,6.087064531619841,5.534546223547834,5.68438196182251,5425700,0.0,0.0
2008-10-09,5.778029237795401,5.909135123020465,5.412805477110521,5.44089937210083,4053000,0.0,0.0
2008-10-10,5.309795231192154,5.590736506109072,4.916476999763912,5.365983486175537,7193100,0.0,0.0
2008-10-13,5.68438436790937,5.899772914213536,5.543913499181508,5.852949142456055,3481000,0.0,0.0
2008-10-14,6.115160318790658,6.115160318790658,5.572006364682494,5.712477207183838,6014700,0.0,0.0
2008-10-15,5.796759286827803,5.843582599137335,5.300429139844444,5.319158554077148,3918100,0.0,0.0
2008-10-16,5.272336226557209,5.553277492523193,5.066312184970945,5.553277492523193,4830800,0.0,0.0
2008-10-17,5.44089937210083,5.703111589095365,5.169322672290994,5.44089937210083,4102000,0.0,0.0
2008-10-20,5.543913737772004,5.731207939773247,5.384713442798647,5.703114032745361,3411800,0.0,0.0
2008-10-21,5.562642633547148,5.759301750380474,5.49708944575452,5.534548282623291,2648000,0.0,0.0
2008-10-22,5.319158695019285,5.5251827035825265,4.972664299260933,5.131864547729492,2730300,0.0,0.0
2008-10-23,4.78537096936252,4.925841827095991,4.401417232018428,4.598076343536377,3961700,0.0,0.0
2008-10-24,4.289040545281153,4.682358751886765,4.251581710989621,4.420146465301514,2998200,0.0,0.0
2008-10-27,4.317133893449129,4.598075085506206,4.214121899755988,4.382686614990234,3485400,0.0,0.0
2008-10-28,4.598076122479924,4.813464641571045,4.317134867064022,4.813464641571045,3233000,0.0,0.0
2008-10-29,4.635535854657806,4.776006732853869,4.457606581693352,4.4763360023498535,3686300,0.0,0.0
2008-10-30,4.598076866106995,4.701088899691445,4.326500052011751,4.4014177322387695,3436200,0.0,0.0
2008-10-31,4.410782334779942,4.813465059075755,4.326499727572502,4.77600622177124,5024100,0.0,0.0
2008-11-03,4.710451428671745,5.056945746135514,4.710451428671745,4.860286712646484,2251200,0.0,0.0
2008-11-04,5.066312488922477,5.244242191314697,4.888382786530255,5.244242191314697,3293400,0.0,0.0
2008-11-05,5.178689019820306,5.281700591720083,4.972664982931686,4.982029914855957,2803300,0.0,0.0
2008-11-06,4.841558585327337,4.972664493552759,4.635534568714329,4.719817161560059,3500300,0.0,0.0
2008-11-07,4.766641494363006,4.8228297474747395,4.598076288483267,4.691723823547363,2329700,0.0,0.0
2008-11-10,4.710452896357545,4.766641145355241,4.28904035905806,4.307769775390625,2579300,0.0,0.0
2008-11-11,4.4014166669588635,4.429511013516588,4.176663680675028,4.260946273803711,2316900,0.0,0.0
2008-11-12,4.186027757444091,4.279675272485545,3.9144510355305417,3.923815965652466,1808000,0.0,0.0
2008-11-13,3.8488991669219224,4.186028688495057,3.586686870264939,4.167299270629883,3797000,0.0,0.0
2008-11-14,4.111111907440462,4.298406573202007,3.7552528909283476,3.7927117347717285,2194300,0.0,0.0
2008-11-17,3.7552528318255094,3.802076162620475,3.502405193317545,3.521134614944458,2325300,0.0,0.0
2008-11-18,3.5492276884905847,3.6335102839387234,3.3525685968079295,3.4649453163146973,2276700,0.0,0.0
2008-11-19,3.4649465200477,3.549228921503551,3.0435340662237866,3.0622634887695312,2518800,0.0,0.0
2008-11-20,3.043532843925018,3.137179919044585,2.7719561028060364,2.781320810317993,2958400,0.0,0.0
2008-11-21,2.8094160149702567,2.9405221939086914,2.6221215693177746,2.9405221939086914,4424600,0.0,0.0
2008-11-24,2.996709412203221,3.2495567472283686,2.9592505808324208,3.2308273315429688,2664700,0.0,0.0
2008-11-25,3.305745833838082,3.305745833838082,3.080992565260906,3.221463441848755,1720600,0.0,0.0
2008-11-26,3.165274094050023,3.4555802345275883,3.080991507718182,3.455580234527588,2423600,0.0,0.0
2008-11-28,3.5211338268051233,3.5492279529571533,3.3244747204686447,3.5492279529571533,786900,0.0,0.0
2008-12-01,3.4649452083806196,3.558592285658916,3.080991744995117,3.080991744995117,2571900,0.0,0.0
2008-12-02,3.146544939272205,3.258921663856352,2.99670960418969,3.2120981216430664,2699400,0.0,0.0
2008-12-03,3.212097941290237,3.5773217733195453,3.212097941290237,3.5117688179016113,4386100,0.0,0.0
2008-12-04,3.371297648195747,3.661604011945539,3.3619329411891234,3.455580234527588,3830700,0.0,0.0
2008-12-05,3.4555802000354046,3.6147802175589403,3.2308270108476003,3.4368507862091064,5948500,0.0,0.0
2008-12-08,3.6054164318850126,3.7271578761349833,3.53986346674318,3.6803343296051025,2903400,0.0,0.0
2008-12-09,3.7365228645386974,3.9612761279422393,3.6054167011898404,3.78334641456604,3007000,0.0,0.0
2008-12-10,3.830170176220648,4.073652635622558,3.792711336312662,3.9331817626953125,2901900,0.0,0.0
2008-12-11,3.9238168059075385,3.9425462236177005,3.708428278968405,3.7177929878234863,2498700,0.0,0.0
2008-12-12,3.5585925082060608,3.8863577457223575,3.521133674952143,3.802075147628784,3834600,0.0,0.0
2008-12-15,3.7458864626537873,3.8676278798607067,3.5960509237696323,3.6896982192993164,2391600,0.0,0.0
2008-12-16,3.8488993045745117,3.9425463972495907,3.689699023754597,3.8957226276397705,2957900,0.0,0.0
2008-12-17,3.9144509883991225,4.167298293568896,3.7833450940818727,3.970639228820801,4846700,0.0,0.0
2008-12-18,3.9893701985808554,3.998734684650544,3.689699053093209,3.7646167278289795,2858500,0.0,0.0
2008-12-19,3.839533546162101,4.101745795795782,3.764615888136611,4.017463207244873,6372100,0.0,0.0
2008-12-22,3.980004714238047,4.026828477729237,3.7365220818273155,3.876992702484131,4106500,0.0,0.0
2008-12-23,3.8863577457223575,3.9144516473905377,3.7646163143748668,3.802075147628784,3146500,0.0,0.0
2008-12-24,3.839535102814816,3.923817725536209,3.8301706150372423,3.9144527912139893,951000,0.0,0.0
2008-12-26,3.923816465975321,4.008099061641661,3.820804454221405,3.876992702484131,1629400,0.0,0.0
2008-12-29,3.802075564857267,3.8863581721997633,3.7458873088104583,3.830169916152954,1528300,0.0,0.0
2008-12-30,3.7927103126829005,4.026828222193092,3.7552514828848276,3.9893693923950195,2384900,0.0,0.0
2008-12-31,3.9425452971201613,4.0361923636639245,3.9238158838114088,3.9519097805023193,2584800,0.0,0.0
2009-01-02,3.9519104256550532,4.401416864991863,3.8863576916450975,4.3733229637146,4406900,0.0,0.0
2009-01-05,4.495064499061228,5.085041351745591,4.495064499061228,4.841558933258057,9510000,0.0,0.0
2009-01-06,4.88838255831794,5.141229924324996,4.879018072600037,5.028853416442871,5751400,0.0,0.0
2009-01-07,4.860288326229921,5.000759174863812,4.72918240922573,4.907111644744873,4159000,0.0,0.0
2009-01-08,4.766640342035422,5.1224991923814285,4.616804590082144,5.103769779205322,5036900,0.0,0.0
2009-01-09,5.150594508582887,5.169323925297771,4.832193977885336,4.907111644744873,4747500,0.0,0.0
2009-01-12,4.89774661924259,4.96329979378381,4.672993196918741,4.738546371459961,2956000,0.0,0.0
2009-01-13,4.785371154369651,5.047583015501253,4.635535358607029,4.77600622177124,5641600,0.0,0.0
2009-01-14,4.598075055571344,4.738545873957587,4.410780928752634,4.672992706298828,3779900,0.0,0.0
2009-01-15,4.747910529969041,4.747910529969041,4.307768687491923,4.588710308074951,3289300,0.0,0.0
2009-01-16,4.794735312133864,4.804100244091069,4.504429119628503,4.785370826721191,4622600,0.0,0.0
2009-01-20,4.34522863100471,4.616805392533473,4.0549224530444645,4.242217063903809,4838100,0.0,0.0
2009-01-21,4.242217225689002,4.420146465301514,4.092381441978346,4.420146465301514,4319000,0.0,0.0
2009-01-22,4.392052239403717,4.392052239403717,4.1111105563625685,4.232851982116699,3342900,0.0,0.0
2009-01-23,4.148569455890561,4.635534720343955,4.054922375523466,4.532523155212402,4445700,0.0,0.0
2009-01-26,4.551251895051974,4.813463681119902,4.4950636551802745,4.6823577880859375,3583600,0.0,0.0
2009-01-27,4.7760065804155,4.888383100767724,4.635535706702921,4.766642093658447,3501100,0.0,0.0
2009-01-28,4.8883819032169935,5.000758842583829,4.747911510461303,4.916476249694824,4486800,0.0,0.0
2009-01-29,4.354592690707021,4.822828454298218,4.354592690707021,4.672992706298828,5732500,0.0,0.0
2009-01-30,4.832194895203628,4.972665770503767,4.495065330336819,4.504429817199707,5128900,0.0,0.0
2009-02-02,4.42951181379369,4.729182962858024,4.392052975978719,4.513794422149658,3859800,0.0,0.0
2009-02-03,4.448240495791415,4.560616990619677,4.335864000963153,4.4950642585754395,4994800,0.0,0.0
2009-02-04,4.401417374881946,4.729182869080344,4.401417374881946,4.607441425323486,4037900,0.0,0.0
2009-02-05,4.448239898681641,4.766640371165704,4.438874968764139,4.6823577880859375,3984900,0.0,0.0
2009-02-06,4.719817483812619,5.028853083287508,4.701088067073066,4.972664833068848,4234800,0.0,0.0
2009-02-09,4.916477617598831,5.122501245094772,4.8602893555544835,4.9445719718933105,3916800,0.0,0.0
2009-02-10,4.822828442577779,4.944569847986296,4.476334085533005,4.541886806488037,6716800,0.0,0.0
2009-02-11,4.551253259964629,4.5887120977796,4.42951181379369,4.513794422149658,2052900,0.0,0.0
2009-02-12,4.401416796153967,4.616805304270536,4.326499131860292,4.532523155212402,4518600,0.0,0.0
2009-02-13,4.54188763997686,4.616805304270536,4.4856993917566035,4.532523155212402,1919800,0.0,0.0
2009-02-17,4.457603445268964,4.457603445268964,4.083014849159458,4.139203071594238,3414800,0.0,0.0
2009-02-18,4.214122723971894,4.270310973372845,4.008099142835076,4.045557975769043,3848200,0.0,0.0
2009-02-19,4.064286968596234,4.186027939669735,3.8488984784046254,3.886357307434082,3005900,0.0,0.0
2009-02-20,3.8114399694498684,3.914451534659282,3.54922769767931,3.876992702484131,5039300,0.0,0.0
2009-02-23,3.9050870359939123,3.942545868035789,3.6522396964389934,3.661604404449463,2644500,0.0,0.0
2009-02-24,3.717793124263197,4.045558392764268,3.717793124263197,4.008099555969238,3973700,0.0,0.0
2009-02-25,4.036193786206159,4.176664658802485,3.811440747287712,4.064288139343262,3342800,0.0,0.0
2009-02-26,4.139203982191344,4.148568464718448,3.923815525535184,3.942544937133789,2989900,0.0,0.0
2009-02-27,3.8395337510035374,3.989369521592812,3.70842784246435,3.8676280975341797,2266600,0.0,0.0
2009-03-02,3.7927110645490973,3.867628738996906,3.6709696202991267,3.6803343296051025,2478300,0.0,0.0
2009-03-03,3.7833452408327126,3.7927101712051323,3.539862632955525,3.6054155826568604,3184500,0.0,0.0
2009-03-04,3.670969315688665,3.830169583952386,3.5866867156562177,3.7739813327789307,2882700,0.0,0.0
2009-03-05,3.6709687556304242,3.764615826632331,3.539862632955525,3.6054155826568604,2711400,0.0,0.0
2009-03-06,3.5960508578195425,3.6803334445777733,3.034167988035067,3.2776505947113037,7209900,0.0,0.0
2009-03-09,3.2308281520697912,3.4743108410890398,3.174639890743573,3.221463441848755,3095000,0.0,0.0
2009-03-10,3.3712982345642053,3.5866867564512135,3.2401923136682753,3.530498504638672,3462900,0.0,0.0
2009-03-11,3.642874808085622,3.727157176007391,3.483674556516708,3.5679569244384766,2520900,0.0,0.0
2009-03-12,3.5679582590954886,3.923817725536209,3.511769992796108,3.9144527912139893,3917700,0.0,0.0
2009-03-13,3.970641477592037,4.073653533311505,3.773982748010789,4.026830196380615,3262700,0.0,0.0
2009-03-16,4.045557610028983,4.1017458543502165,3.8114397020849458,3.8582630157470703,2546800,0.0,0.0
2009-03-17,3.830168851038825,3.970639228820801,3.755251197143254,3.970639228820801,2500700,0.0,0.0
2009-03-18,4.008097521158862,4.260944764433403,3.9144500301692062,4.223485946655273,3253400,0.0,0.0
2009-03-19,4.214122708375164,4.29840530543691,4.129840111313417,4.176663875579834,2012300,0.0,0.0
2009-03-20,4.2047584199876455,4.260947124318755,3.8395345211029053,3.8395345211029053,3873500,0.0,0.0
2009-03-23,3.91445096189216,4.204757092043892,3.886357065143781,4.195392608642578,2969400,0.0,0.0
2009-03-24,3.9987345098433154,4.3264995457561355,3.933181324042933,4.167299270629883,5728700,0.0,0.0
2009-03-25,4.29840530543691,4.43887570514714,3.989369711603186,4.176663875579834,3636300,0.0,0.0
2009-03-26,4.279675302414764,4.654263579022422,4.260945888584381,4.626169681549072,4344100,0.0,0.0
2009-03-27,4.560617258415444,4.560617258415444,4.401416991455047,4.448240756988525,2622800,0.0,0.0
2009-03-30,4.420145925752492,4.420145925752492,4.139204702859342,4.251581192016602,2201600,0.0,0.0
2009-03-31,3.980005581607412,4.279676750860967,3.8582641272345986,4.101747035980225,11489300,0.0,0.0
2009-04-01,3.9893696295584355,4.289040285758092,3.9893696295584355,4.2047576904296875,19144500,0.0,0.0
2009-04-02,4.3826858040136205,4.663627390629408,4.260944866588165,4.55125093460083,11085800,0.0,0.0
2009-04-03,4.49506455209969,4.8696528926542255,4.382687603388803,4.813464641571045,9208800,0.0,0.0
2009-04-06,4.6729945468203296,4.7760065804155,4.58871237982846,4.766642093658447,4249100,0.0,0.0
2009-04-07,4.626171367601861,4.710453983828422,4.429512227436295,4.4763360023498535,3844800,0.0,0.0
2009-04-08,4.504428120469716,4.626169529641867,4.410781054392842,4.616804599761963,2829400,0.0,0.0
2009-04-09,4.691723835763089,5.010123937558585,4.6636294858618035,4.991394519805908,5629100,0.0,0.0
2009-04-13,4.869653842622902,4.991395300324627,4.785371672828687,4.9445719718933105,3022500,0.0,0.0
2009-04-14,4.8696526187306866,5.07567664099112,4.6729935277295915,4.794734954833984,5985800,0.0,0.0
2009-04-15,4.7853709120669174,4.794735397646602,4.588711802903583,4.691723823547363,3777300,0.0,0.0
2009-04-16,4.7760060758399465,4.953935770872015,4.607441313120143,4.89774751663208,6439400,0.0,0.0
2009-04-17,4.925840577304537,5.1224991923814285,4.86028740791595,5.103769779205322,6410000,0.0,0.0
2009-04-20,4.991394566572276,5.028853402428595,4.560617507680059,4.598076343536377,4512900,0.0,0.0
2009-04-21,4.58871254411056,4.6823596477567735,4.120476579334883,4.579347610473633,6677700,0.0,0.0
2009-04-22,4.485700094282742,5.0101242730154585,4.448241256269303,4.747912406921387,5060300,0.0,0.0
2009-04-23,4.935206017291724,4.935206017291724,4.4763350822544945,4.841558933258057,9170000,0.0,0.0
2009-04-24,4.879017749371082,5.038218014929544,4.682358650333512,4.972664833068848,4981100,0.0,0.0
2009-04-27,4.860288134015849,4.963300145146066,4.68235845898893,4.794734954833984,3035300,0.0,0.0
2009-04-28,4.7479127294582515,4.888383158278847,4.598076920681225,4.80410099029541,2525000,0.0,0.0
2009-04-29,4.8415578109953,5.206781577340774,4.794734056559853,5.056946277618408,6673100,0.0,0.0
2009-04-30,5.197417804397438,5.9278654368745345,5.197417804397438,5.562641620635986,13532000,0.0,0.0
2009-05-01,5.562642522901367,6.143254929362987,5.553277590598172,5.890407562255859,10345500,0.0,0.0
2009-05-04,5.937230687799742,6.5553018634603335,5.759301012206193,6.471019268035889,11991100,0.0,0.0
2009-05-05,6.433559070526807,6.489747306703028,6.190076713763182,6.377370834350586,5719200,0.0,0.0
2009-05-06,6.302455010103846,6.49911411690777,6.236901825654359,6.339913845062256,6281700,0.0,0.0
2009-05-07,6.8549733128473,7.051632414409546,5.871677805036071,6.096431255340576,12192200,0.0,0.0
2009-05-08,6.152618237102256,6.171347650218702,5.73120577216558,6.077700138092041,8833400,0.0,0.0
2009-05-11,6.012148174697763,6.218171744996248,5.8529479198312355,6.030877590179443,5204200,0.0,0.0
2009-05-12,6.077701285450283,6.087066217048649,5.497088922687096,5.628195285797119,6009700,0.0,0.0
2009-05-13,5.497089569125839,5.5626427583896785,5.216148286304886,5.244242191314697,7196800,0.0,0.0
2009-05-14,5.2536070061075115,5.712477981022231,5.216148169238741,5.534548282623291,6962400,0.0,0.0
2009-05-15,5.534547469459806,5.778030319877652,5.39407707511281,5.478359222412109,3835300,0.0,0.0
2009-05-18,5.824852750652274,6.087064976906244,5.572005454088715,5.778029441833496,6411200,0.0,0.0
2009-05-19,5.90913839499067,6.330551072086911,5.824855770262491,6.1245269775390625,7294300,0.0,0.0
2009-05-20,6.236901160477928,6.330548684430818,5.946594997239638,6.030877590179443,6160200,0.0,0.0
2009-05-21,5.984054773971615,6.1151611496089835,5.787395657060123,5.965325355529785,7499600,0.0,0.0
2009-05-22,6.087066254212465,6.339913603833356,5.965324821957531,5.993419170379639,6684400,0.0,0.0
2009-05-26,6.030879864810339,6.152621334630008,5.843585192808235,6.1245269775390625,7340300,0.0,0.0
2009-05-27,6.124525610146228,6.677044121704581,6.0496079366897515,6.52720832824707,10690400,0.0,0.0
2009-05-28,6.545937543764283,6.742596653765699,6.31181959819541,6.677043914794922,9665100,0.0,0.0
2009-05-29,6.733231959099295,6.780055278832619,6.5084785061279415,6.695773124694824,5430900,0.0,0.0
2009-06-01,6.789419107279324,7.079725250005243,6.723865934453036,7.014172077178955,6184800,0.0,0.0
2009-06-02,6.817514148892022,6.99544337831725,6.6302195416133305,6.7987847328186035,6087500,0.0,0.0
2009-06-03,6.770691367467821,6.780055853590518,6.461655734161149,6.602126598358154,5189500,0.0,0.0
2009-06-04,7.164009663791038,7.164009663791038,6.883067933232734,7.004809379577637,8435300,0.0,0.0
2009-06-05,6.929892390225232,6.929892390225232,6.555303527893805,6.6864094734191895,10160100,0.0,0.0
2009-06-08,6.620854033911603,6.648947930408908,6.414830042390675,6.564665794372559,6408600,0.0,0.0
2009-06-09,6.686409050445695,6.845609340356595,6.602126885497549,6.789421081542969,5093600,0.0,0.0
2009-06-10,6.789420047285378,6.92989089619329,6.751961213782538,6.8830671310424805,6046600,0.0,0.0
2009-06-11,6.770690976115084,6.976714570896306,6.686408373159587,6.742596626281738,5228600,0.0,0.0
2009-06-12,6.733232529887895,6.733232529887895,6.414831963913958,6.602126598358154,4803500,0.0,0.0
2009-06-15,6.471018602664376,6.602124947964836,6.377371532124373,6.555301189422607,3815400,0.0,0.0
2009-06-16,6.583397059463553,6.639585314808368,6.2088082439535635,6.396102428436279,6429400,0.0,0.0
2009-06-17,6.339912010233105,6.508476718761768,6.087064724167907,6.377370834350586,5661000,0.0,0.0
2009-06-18,6.4054668391893514,6.452290158223859,6.058971956302475,6.227537155151367,5247400,0.0,0.0
2009-06-19,6.311820064575111,6.311820064575111,6.1151613865871495,6.180714130401611,4400100,0.0,0.0
2009-06-22,6.124527114759993,6.227539164341917,5.7873970548384825,5.796761989593506,7199000,0.0,0.0
2009-06-23,5.768665647526618,5.890407078196443,5.58137148229959,5.824853897094727,5107100,0.0,0.0
2009-06-24,5.881042258155346,6.283724913724264,5.852947911699613,6.161983489990234,9746600,0.0,0.0
2009-06-25,6.068337690828583,6.489749850611222,6.068337690828583,6.452291011810303,8624500,0.0,0.0
2009-06-26,6.433560457421233,6.602125648832211,6.302454544747309,6.405466556549072,4113800,0.0,0.0
2009-06-29,6.5178417439802505,6.658312559760183,6.339912103531591,6.480382919311523,3516000,0.0,0.0
2009-06-30,6.517843327712704,6.536572744598018,6.321184227144642,6.424196243286133,5780200,0.0,0.0
2009-07-01,6.424197100419885,6.723867810567792,6.339914489918496,6.583397388458252,8751700,0.0,0.0
2009-07-02,6.471018670447168,6.5178424294798685,6.321183356013664,6.330548286437988,3846400,0.0,0.0
2009-07-06,6.199444453131269,6.358644762531786,5.974691390362052,6.143256187438965,6925400,0.0,0.0
2009-07-07,6.152619356058795,6.246266438672309,5.806124480572024,5.824853897094727,7745900,0.0,0.0
2009-07-08,5.890405487951648,5.899770416956987,5.590734457946691,5.68438196182251,5678400,0.0,0.0
2009-07-09,5.806124696757717,6.058972052500999,5.74993644509749,5.937231063842773,9447000,0.0,0.0
2009-07-10,5.918501496954701,6.0496074141798015,5.740571814591235,5.927865982055664,5079700,0.0,0.0
2009-07-13,5.955960899341125,6.218172758836928,5.796760618517821,6.199443340301514,5863400,0.0,0.0
2009-07-14,6.133888635582324,6.583394983114785,6.105794293498362,6.517841815948486,8224000,0.0,0.0
2009-07-15,6.742596025694032,6.976713949454859,6.667678361537687,6.9298906326293945,13079700,0.0,0.0
2009-07-16,6.7987836729684235,7.079724870274288,6.7987836729684235,7.051630973815918,4985800,0.0,0.0
2009-07-17,7.032902963088026,7.145279464419285,6.901796598323703,7.117185115814209,4162800,0.0,0.0
2009-07-20,7.192101496250049,7.257654666900635,7.089089945070555,7.257654666900635,5478600,0.0,0.0
2009-07-21,7.257655843447642,7.276385260020565,6.8737025804304634,7.107820510864258,5684900,0.0,0.0
2009-07-22,7.098453668873601,7.285748230740098,6.948618376615919,7.173371315002441,4782500,0.0,0.0
2009-07-23,7.145278534682771,7.416855267501614,7.023537117475851,7.379396438598633,5904000,0.0,0.0
2009-07-24,7.1452785194984285,7.482407978908826,7.098454760196976,7.444949150085449,3673700,0.0,0.0
2009-07-27,7.463680294993839,7.66970390129016,7.379398133872173,7.632245063781738,4409100,0.0,0.0
2009-07-28,7.557327359736577,7.7165276418081525,7.398127524209568,7.660339832305908,6155900,0.0,0.0
2009-07-29,7.576056148453844,7.6228799117784405,7.229561282249732,7.323208808898926,7456400,0.0,0.0
2009-07-30,7.632244880299145,7.725892418363437,7.042267980452527,7.220197677612305,12375800,0.0,0.0
2009-07-31,7.173372433087774,7.491772925307575,7.173372433087774,7.379396438598633,4747000,0.0,0.0
2009-08-03,7.482410117153478,7.763351860157855,7.482410117153478,7.725893020629883,7340800,0.0,0.0
2009-08-04,7.604150223653072,7.894456848454036,7.604150223653072,7.763350486755371,6079400,0.0,0.0
2009-08-05,7.763351652157896,7.913187006255312,7.660340069488212,7.6790690422058105,9168500,0.0,0.0
2009-08-06,7.707162194902447,7.866362466350726,7.416856447971402,7.594785690307617,7453500,0.0,0.0
2009-08-07,7.716526835015625,7.838268266994126,7.594785403037124,7.707161903381348,4631400,0.0,0.0
2009-08-10,7.679067099415124,7.697796960483257,7.473043539654781,7.510502815246582,3697800,0.0,0.0
2009-08-11,7.547962160604519,7.547962160604519,7.154643535614014,7.154643535614014,4006600,0.0,0.0
2009-08-12,7.173372433087774,7.463678580358107,7.135913604184794,7.379396438598633,4541900,0.0,0.0
2009-08-13,7.501140082366098,7.585422695687613,7.37939862902271,7.56669282913208,4079000,0.0,0.0
2009-08-14,7.463679665925386,7.566691683663569,7.257656076993549,7.3887619972229,3160500,0.0,0.0
2009-08-17,7.173373037566314,7.295114465032017,7.098455373447266,7.12654972076416,5663700,0.0,0.0
2009-08-18,7.182739016807688,7.454315812134261,7.173374084154223,7.398127555847168,3339700,0.0,0.0
2009-08-19,7.2576546890284925,7.566690236598079,7.220195861840933,7.4543137550354,4091200,0.0,0.0
2009-08-20,7.435585033346251,7.519867179088757,7.379396787336418,7.501138210296631,4165000,0.0,0.0
2009-08-21,7.576057224963412,7.669703871830196,7.370033172913881,7.660339832305908,5159200,0.0,0.0
2009-08-24,7.6790688339395485,7.828904183973236,7.594786226273316,7.632245063781738,5416100,0.0,0.0
2009-08-25,7.6790690422058105,7.819540356489005,7.594786432253725,7.6790690422058105,2321700,0.0,0.0
2009-08-26,7.632246427107825,7.913188205149372,7.632246427107825,7.8289055824279785,3766000,0.0,0.0
2009-08-27,7.838265820965122,7.866359714011868,7.669700676507134,7.800806999206543,3279900,0.0,0.0
2009-08-28,7.960010990952001,8.044293603162233,7.6509753415739405,7.725893020629883,4721500,0.0,0.0
2009-08-31,7.613516502045969,7.772716793312143,7.566692729363709,7.725893020629883,5002400,0.0,0.0
2009-09-01,7.6884331185773735,7.885092222193665,7.360668094731732,7.3887619972229,7059200,0.0,0.0
2009-09-02,7.41685589249772,7.42622037724035,7.089090888704637,7.12654972076416,11634800,0.0,0.0
2009-09-03,7.276385101048186,7.295114517211914,7.098455424220517,7.295114517211914,11949300,0.0,0.0
2009-09-04,7.435585545614939,7.6228801584290435,7.27638528101353,7.604150295257568,3899300,0.0,0.0
2009-09-08,7.622880086648177,7.800809319656557,7.566691390751885,7.763350486755371,3323400,0.0,0.0
2009-09-09,7.753985274043198,7.941279431756514,7.632243848257295,7.875726699829102,3641000,0.0,0.0
2009-09-10,7.875726992351007,8.091115951538086,7.8101742579888205,8.091115951538086,5069600,0.0,0.0
2009-09-11,8.100481498087836,8.147305271245116,7.791445845574653,7.866363525390625,5080600,0.0,0.0
2009-09-14,7.810172566509171,7.8757252866743475,7.6228784424023575,7.744619846343994,5394900,0.0,0.0
2009-09-15,8.418883538865444,8.877754630316144,7.7446243039911105,8.634272575378418,22795600,0.0,0.0
2009-09-16,8.727914836784672,8.849656249313119,8.568714596792772,8.596809387207031,7291700,0.0,0.0
2009-09-17,8.568717377812586,8.65299999023192,8.259681727667816,8.325235366821289,8851600,0.0,0.0
2009-09-18,8.512527314735213,8.634268734594482,8.400150825577953,8.503162384033203,3976200,0.0,0.0
2009-09-21,8.418883323669434,8.55935466382799,8.24095403117578,8.418883323669434,5397900,0.0,0.0
2009-09-22,8.559350135683037,8.812196985262196,8.418878869837862,8.765373229980469,4794600,0.0,0.0
2009-09-23,8.812198378487862,8.96203370460756,8.643633190058708,8.662363052368164,4145200,0.0,0.0
2009-09-24,8.793471829538248,8.802835870181298,8.22222337511812,8.428247451782227,5049400,0.0,0.0
2009-09-25,8.343964903637735,8.643635640844714,8.26904721933599,8.568717956542969,6819000,0.0,0.0
2009-09-28,8.643635084319305,8.849659149428748,8.57808233804824,8.793471336364746,2536400,0.0,0.0
2009-09-29,8.756009578669842,8.877750097434664,8.521891685048605,8.531255722045898,5536300,0.0,0.0
2009-09-30,8.62490422083824,8.774739546957937,8.390786300503965,8.662363052368164,4474900,0.0,0.0
2009-10-01,9.149326204797369,9.271066703515398,8.240948677062988,8.240948677062988,22548100,0.0,0.0
2009-10-02,8.212857075339143,8.559351490319305,7.988103193034207,8.269044876098633,9093500,0.0,0.0
2009-10-05,8.503161560549069,8.652996864914696,8.343961326388374,8.643631935119629,7900500,0.0,0.0
2009-10-06,8.802833318386266,9.083774997289865,8.727915656423837,8.98076343536377,8296400,0.0,0.0
2009-10-07,8.962035860451167,9.04631847494017,8.859024272236386,9.008859634399414,5213300,0.0,0.0
2009-10-08,9.102505781520973,9.308528926245849,8.980764345225873,9.242976188659668,8420100,0.0,0.0
2009-10-09,9.196150712518733,9.71121026476879,9.149327847568738,9.645657539367676,8084600,0.0,0.0
2009-10-12,9.739307475999588,9.926602571879323,9.514554432650954,9.60820198059082,6393900,0.0,0.0
2009-10-13,9.552011615031184,9.786129551150031,9.458364976437075,9.62692928314209,4448400,0.0,0.0
2009-10-14,9.935963250670612,9.992151939042639,9.645657557833706,9.842316627502441,6446000,0.0,0.0
2009-10-15,9.776765467369568,9.8048602651648,9.495824634130273,9.55201244354248,6838800,0.0,0.0
2009-10-16,9.355350608696078,9.533280704058788,9.102503753560738,9.233609199523926,7388300,0.0,0.0
2009-10-19,9.299163120946327,9.552009984384272,9.15869184740178,9.252339363098145,5918200,0.0,0.0
2009-10-20,9.458363518287994,9.701845455567513,9.364716001042009,9.523916244506836,8201000,0.0,0.0
2009-10-21,9.505185095922775,9.61756245862702,9.158690758002932,9.177420616149902,5619300,0.0,0.0
2009-10-22,9.186788391258773,9.392811536167969,9.046317090905339,9.374082565307617,7518600,0.0,0.0
2009-10-23,9.477093441726305,9.477093441726305,9.10250512113989,9.130599021911621,4755100,0.0,0.0
2009-10-26,9.139963382780367,9.41154012152887,8.952669234176044,8.96203327178955,6070500,0.0,0.0
2009-10-27,8.952666128558544,9.083771540557542,8.521889289657615,8.559348106384277,6856000,0.0,0.0
2009-10-28,8.60617797189225,8.653001754236193,8.034930327946375,8.109848022460938,11312700,0.0,0.0
2009-10-29,8.774739433904493,9.074410082282942,8.418880092410596,8.521892547607422,12199100,0.0,0.0
2009-10-30,8.456340508369331,8.5218941448051,7.810175328424939,7.838269233703613,12095100,0.0,0.0
2009-11-02,7.941277662518998,8.091113848396633,7.725889652407235,7.885089874267578,8245900,0.0,0.0
2009-11-03,7.753985404968262,7.800809168459452,7.576056175408547,7.753985404968262,5891300,0.0,0.0
2009-11-04,7.903820196740761,7.9693738184107925,7.622879421056708,7.650973320007324,5491400,0.0,0.0
2009-11-05,7.772714479334407,7.978738481948419,7.688431892215543,7.96000862121582,4198100,0.0,0.0
2009-11-06,7.885093391889214,8.08175252467844,7.772716872165255,7.866363525390625,5473900,0.0,0.0
2009-11-09,7.969373854068284,8.12857410398233,7.931915024270211,7.978738784790039,3616500,0.0,0.0
2009-11-10,8.016197614588112,8.034926582942674,7.903820232104945,7.978738784790039,4328300,0.0,0.0
2009-11-11,8.034928732592576,8.297140611330764,8.034928732592576,8.128576278686523,5313900,0.0,0.0
2009-11-12,8.12857789263426,8.269048346576723,8.044295263033037,8.109848022460938,4287100,0.0,0.0
2009-11-13,8.109841029339835,8.34395884609024,8.044288326438073,8.278406143188477,5091400,0.0,0.0
2009-11-16,8.409514863191013,8.596809904875395,8.353327065156858,8.503162384033203,3401900,0.0,0.0
2009-11-17,8.484432904816671,8.643632251719678,8.381420459475505,8.596809387207031,5480600,0.0,0.0
2009-11-18,8.60617466479549,8.699822193497418,8.41888050048066,8.484434127807617,4700900,0.0,0.0
2009-11-19,8.42824446992844,8.42824446992844,8.147302808979708,8.287774085998535,4184600,0.0,0.0
2009-11-20,8.16603523162183,8.343964499957972,8.109846524569301,8.20349407196045,2721700,0.0,0.0
2009-11-23,8.269044225160457,8.42824446992844,8.259679294741417,8.287774085998535,2701000,0.0,0.0
2009-11-24,8.194129138603495,8.38142334029659,8.128576391283211,8.20349407196045,2855000,0.0,0.0
2009-11-25,8.22222005061713,8.465702870673418,8.15666732717462,8.390785217285156,1804000,0.0,0.0
2009-11-27,7.997468124190453,8.325233569947114,7.978739154966952,8.269044876098633,1311000,0.0,0.0
2009-11-30,8.269044315635744,8.521892081182799,8.119208999647384,8.297138214111328,6069000,0.0,0.0
2009-12-01,8.325233675458163,8.690457064290536,8.325233675458163,8.60617446899414,3617800,0.0,0.0
2009-12-02,8.69982721786092,8.952675155528592,8.634274445764651,8.905851364135742,4988300,0.0,0.0
2009-12-03,8.943310218632115,9.130604491113981,8.887121490342786,8.905851364135742,9764300,0.0,0.0
2009-12-04,9.074409275373192,9.252339376842825,8.905844997193787,9.186786651611328,4348200,0.0,0.0
2009-12-07,9.168056039344496,9.327256267355603,9.018220740766708,9.074408531188965,4826000,0.0,0.0
2009-12-08,8.943303091477814,9.158691109911178,8.943303091477814,9.074408531188965,3719300,0.0,0.0
2009-12-09,9.055679217460964,9.214879439355053,8.99949053610884,9.177420616149902,3752900,0.0,0.0
2009-12-10,9.214880206237961,9.289797858883077,8.980762318449756,9.03695011138916,4974400,0.0,0.0
2009-12-11,9.121236156021682,9.196153837103196,8.971400793858656,9.008859634399414,2823100,0.0,0.0
2009-12-14,9.580106910085883,9.692484321679068,9.420907512022096,9.655025482177734,8888600,0.0,0.0
2009-12-15,9.533282532062247,9.926600731548168,9.505187737035365,9.683117866516113,4541500,0.0,0.0
2009-12-16,9.711212428631983,9.879777637896337,9.673753592472027,9.79549503326416,6039700,0.0,0.0
2009-12-17,9.758034144532887,9.795492972813499,9.467727555541462,9.523916244506836,3361700,0.0,0.0
2009-12-18,9.56137681055536,9.692483179910372,9.495824072422392,9.580105781555176,4457600,0.0,0.0
2009-12-21,9.70184667782047,9.964059401907608,9.636293943343198,9.87041187286377,3159700,0.0,0.0
2009-12-22,9.935965540318522,10.188813356625635,9.917236568604537,10.067071914672852,3083000,0.0,0.0
2009-12-23,10.020248678232472,10.263731575076774,10.020248678232472,10.104531288146973,5658500,0.0,0.0
2009-12-24,10.141986450662552,10.22626903002859,10.076433730306224,10.113892555236816,1727300,0.0,0.0
2009-12-28,10.207542176728577,10.207542176728577,9.954695257266067,10.057706832885742,3295700,0.0,0.0
2009-12-29,10.048341361602844,10.10453005907434,9.935964859748902,10.020247459411621,2193100,0.0,0.0
2009-12-30,9.926597101956451,10.11389120154099,9.926597101956451,10.085797309875488,1812700,0.0,0.0
2009-12-31,10.067071615344824,10.226271889081126,10.020247847818428,10.048341751098633,2510700,0.0,0.0
2010-01-04,10.170081575269617,10.366740653196135,10.170081575269617,10.263729095458984,5172900,0.0,0.0
2010-01-05,10.21690682080093,10.507213461124511,10.132624218994435,10.301189422607422,6131900,0.0,0.0
2010-01-06,10.216904488270915,10.432293409612779,10.160716695287032,10.207539558410645,5843800,0.0,0.0
2010-01-07,10.11389377762715,10.282458063643492,10.076434948169192,10.263729095458984,4347200,0.0,0.0
2010-01-08,10.179448107022498,10.376107215881348,10.179448107022498,10.376107215881348,4084500,0.0,0.0
2010-01-11,10.685143086233605,10.806884527303213,10.554037605919492,10.788155555725098,7892800,0.0,0.0
2010-01-12,10.806880039563257,10.834973931808516,10.291820585260265,10.35737419128418,5991400,0.0,0.0
2010-01-13,10.488484295634017,10.563401970431542,10.048342286381706,10.216907501220703,6349700,0.0,0.0
2010-01-14,10.132621521157695,10.273092784464037,9.945327396504739,10.113892555236816,5130900,0.0,0.0
2010-01-15,10.113896736804437,10.179449484263397,9.580107144488375,9.673754692077637,5314700,0.0,0.0
2010-01-19,9.739307685245803,9.907872917923457,9.617567120633304,9.889143943786621,5055300,0.0,0.0
2010-01-20,9.74866756394997,9.814220279072142,9.617562133705626,9.739302635192871,6742500,0.0,0.0
2010-01-21,9.72994285692148,9.992154725231362,9.552012705037198,9.767401695251465,7504500,0.0,0.0
2010-01-22,9.692482555478305,9.692482555478305,9.102505271023286,9.13996410369873,6836600,0.0,0.0
2010-01-25,9.224246805352072,9.46772877396586,9.158693177608065,9.280434608459473,3992700,0.0,0.0
2010-01-26,9.252339767140542,9.598834161405989,9.16805717795104,9.477092742919922,6601200,0.0,0.0
2010-01-27,9.46773065868102,9.645660821148928,9.28043645589049,9.60820198059082,6750500,0.0,0.0
2010-01-28,10.095162751872822,10.095162751872822,8.671726503575373,8.887114524841309,15228400,0.0,0.0
2010-01-29,9.121234254756116,9.308528418419575,8.643633467597532,8.7466459274292,9828100,0.0,0.0
2010-02-01,8.765376086505382,9.074411721751176,8.746647114142467,9.027588844299316,7691500,0.0,0.0
2010-02-02,9.055679217460964,9.364714732175658,8.980761571050662,9.177420616149902,5874400,0.0,0.0
2010-02-03,9.177424863377421,9.308530358725466,8.952671820132881,9.008859634399414,4865900,0.0,0.0
2010-02-04,8.952669074503818,8.952669074503818,8.409514713605105,8.493797302246094,8511400,0.0,0.0
2010-02-05,8.49379760929854,8.756010315235974,8.381421118077768,8.709186553955078,7401200,0.0,0.0
2010-02-08,8.699821883898089,8.943304735387093,8.615539289683511,8.662363052368164,4570000,0.0,0.0
2010-02-09,8.896479979796839,8.92457387703657,8.615538328132844,8.727914810180664,6137400,0.0,0.0
2010-02-10,8.709185438113478,8.84029088119569,8.596808961290648,8.765373229980469,4853600,0.0,0.0
2010-02-11,8.727912789351048,9.139960687877853,8.681089935822321,9.10250186920166,4922500,0.0,0.0
2010-02-12,8.98076265262661,9.317892102074321,8.849656309074717,9.186786651611328,4757300,0.0,0.0
2010-02-16,9.233609905947791,9.505186641620112,9.21488093784398,9.477092742919922,3847400,0.0,0.0
2010-02-17,9.486456985832774,9.552009709077538,9.31789181967324,9.364715576171875,2417400,0.0,0.0
2010-02-18,9.280434496316042,9.374082024482126,9.224246693887606,9.336623191833496,3525600,0.0,0.0
2010-02-19,9.280434858564202,9.467729029118106,9.2148821221426,9.430270195007324,3482300,0.0,0.0
2010-02-22,9.477091645892662,9.514550470853154,9.336621275563028,9.40217399597168,2293400,0.0,0.0
2010-02-23,9.402177222449023,9.402177222449023,8.93394130321732,9.027588844299316,4057900,0.0,0.0
2010-02-24,9.065044668914013,9.430267992938287,8.99949105471083,9.345985412597656,4306700,0.0,0.0
2010-02-25,9.130597143712068,9.402173843545079,9.018220670652424,9.39280891418457,4439000,0.0,0.0
2010-02-26,9.44899800586181,9.44899800586181,9.158691434754056,9.355350494384766,4775800,0.0,0.0
2010-03-01,9.411541766939854,9.748671293367671,9.411541766939854,9.729942321777344,4227300,0.0,0.0
2010-03-02,9.683114657654988,9.992150155827915,9.683114657654988,9.917232513427734,6375700,0.0,0.0
2010-03-03,9.992154994563945,10.057707740136062,9.804860797865626,9.8516845703125,4719900,0.0,0.0
2010-03-04,9.945331759286356,9.964061626512418,9.673754936133038,9.889143943786621,4797100,0.0,0.0
2010-03-05,9.964059655029173,10.151353824785746,9.84231822141514,10.020247459411621,3330200,0.0,0.0
2010-03-08,10.020245564320973,10.067069321176781,9.907869083720364,9.954692840576172,2809300,0.0,0.0
2010-03-09,9.861045894448777,10.160717419721175,9.83295199595381,10.123258590698242,6680600,0.0,0.0
2010-03-10,10.067071916936985,10.301189868493658,10.067071916936985,10.1981782913208,3948300,0.0,0.0
2010-03-11,10.160719178079054,10.160719178079054,9.92660123289833,9.982789039611816,6256200,0.0,0.0
2010-03-12,9.973420802625213,10.05770337785627,9.72057397002083,9.823585510253906,6621700,0.0,0.0
2010-03-15,9.767401275157809,9.814224151239582,9.411541879783822,9.542647361755371,5354800,0.0,0.0
2010-03-16,9.57074133134663,9.973423567974766,9.561376399704594,9.945329666137695,8933000,0.0,0.0
2010-03-17,9.973423826966744,10.29182436635196,9.95469485628535,10.226271629333496,5969300,0.0,0.0
2010-03-18,10.179446387688177,10.254364045734043,10.029611071596442,10.123258590698242,3122700,0.0,0.0
2010-03-19,9.982789039611816,10.170083217138579,9.683118355568997,9.982789039611816,5946300,0.0,0.0
2010-03-22,9.907870789200626,10.413565485495003,9.832953122571016,10.404200553894043,7822700,0.0,0.0
2010-03-23,10.404202635177443,10.769427002873982,10.37610872784362,10.750697135925293,5073500,0.0,0.0
2010-03-24,10.666414013385667,10.666414013385667,10.357378394023463,10.385472297668457,3958200,0.0,0.0
2010-03-25,10.582127920697852,10.657045567778749,10.451021591761883,10.47911548614502,5553600,0.0,0.0
2010-03-26,10.516579131726488,10.628956546963702,10.23563827290108,10.413567543029785,3537000,0.0,0.0
2010-03-29,10.469756250648391,10.535308998629093,10.348014795049084,10.413567543029785,2851500,0.0,0.0
2010-03-30,10.451024183098117,10.572765613062616,10.35737754757167,10.525941848754883,2749100,0.0,0.0
2010-03-31,10.48848303867804,10.657048233315924,10.404200441359098,10.460389137268066,2749500,0.0,0.0
2010-04-01,10.591495476021318,10.769424708683884,10.3854714489207,10.525941848754883,2667300,0.0,0.0
2010-04-05,10.554037868256039,10.760061026181836,10.497849165946834,10.741332054138184,5412600,0.0,0.0
2010-04-06,10.638319434167546,10.788155673879015,10.544672789073129,10.731966972351074,3318800,0.0,0.0
2010-04-07,10.703869551811279,10.891163673561369,10.600857115032115,10.88179874420166,4934200,0.0,0.0
2010-04-08,10.788154439908737,10.834977310555697,10.451024055480957,10.451024055480957,4244800,0.0,0.0
2010-04-09,10.488483721930821,10.535307489390373,10.160719135892126,10.376107215881348,6394000,0.0,0.0
2010-04-12,10.422929511578056,10.797517812182813,10.319917952183989,10.666412353515625,5430200,0.0,0.0
2010-04-13,10.722603562455326,10.816251113936202,10.582133128323251,10.703874588012695,3505300,0.0,0.0
2010-04-14,11.012905852921255,11.537329430819097,10.966082095908156,11.518600463867188,13229100,0.0,0.0
2010-04-15,11.546697617930572,11.621615293048746,11.331309525238103,11.4155912399292,4938700,0.0,0.0
2010-04-16,11.350037600557185,11.453049172432092,11.087825758364383,11.28448486328125,5568900,0.0,0.0
2010-04-19,11.181472689284137,11.33130892466816,10.806884333546796,11.17210865020752,5062400,0.0,0.0
2010-04-20,11.256387454847308,11.424951711499483,11.11591619903358,11.36876392364502,2901800,0.0,0.0
2010-04-21,11.424957039146246,11.668439948292463,11.05036863514376,11.406228065490723,7726900,0.0,0.0
2010-04-22,11.621612876672959,12.52062568425667,11.050365499398842,12.23031997680664,19831200,0.0,0.0
2010-04-23,12.202225158535082,12.21159008922992,11.865095691321393,12.099213600158691,9045100,0.0,0.0
2010-04-26,12.117940305389682,12.492529425426838,12.117940305389682,12.267776489257812,9209900,0.0,0.0
2010-04-27,12.211591508909379,12.445709444964459,11.78081447084447,11.799544334411621,11530500,0.0,0.0
2010-04-28,11.902559219147559,11.986841842490955,11.57479366016531,11.762088775634766,7340200,0.0,0.0
2010-04-29,11.855732502391836,11.930650172779062,11.56542675291361,11.89319133758545,5444900,0.0,0.0
2010-04-30,11.930649497560085,11.930649497560085,11.406225834529437,11.453048706054688,5911800,0.0,0.0
2010-05-03,11.668435535156494,12.239682858480306,11.659070605326056,12.155400276184082,7010300,0.0,0.0
2010-05-04,12.061756164203718,12.061756164203718,11.209567020459763,11.340672492980957,8643200,0.0,0.0
2010-05-05,11.19083597058343,11.378130120822563,10.909894298680253,11.125283241271973,8626200,0.0,0.0
2010-05-06,11.012909436616633,11.190838699459464,9.636295533767262,10.582132339477539,9797200,0.0,0.0
2010-05-07,10.572765374604984,10.741330565075408,9.9546942003321,10.310553550720215,9364800,0.0,0.0
2010-05-10,10.966083782148386,11.134648976080038,10.788154549845325,11.11591911315918,7146600,0.0,0.0
2010-05-11,10.872438159950464,11.200203673819374,10.675779030246954,10.919261932373047,5995600,0.0,0.0
2010-05-12,11.003544026779238,11.434321105253309,11.003544026779238,11.4155912399292,5402900,0.0,0.0
2010-05-13,11.26575638443531,11.499874352733322,10.9379917646716,10.984814643859863,5664700,0.0,0.0
2010-05-14,10.825610720255167,10.825610720255167,10.188809826978744,10.47911548614502,8097400,0.0,0.0
2010-05-17,10.451026189301169,10.65705025595064,10.12326156240662,10.600861549377441,6095800,0.0,0.0
2010-05-18,10.750697199905728,10.834979815497997,10.113896902377109,10.151355743408203,9945000,0.0,0.0
2010-05-19,10.07643411272234,10.479116272736393,9.926598807313495,10.207539558410645,6453100,0.0,0.0
2010-05-20,9.851682902908417,10.226271232905722,9.580105247299088,9.87041187286377,12163300,0.0,0.0
2010-05-21,9.589467961168133,10.385469094691066,9.486456417513502,10.170080184936523,9116400,0.0,0.0
2010-05-24,9.973425739549873,10.282461406312992,9.870414148325244,10.029614448547363,5741200,0.0,0.0
2010-05-25,9.561374989407636,10.057704683069732,9.523916161453682,10.038975715637207,6657900,0.0,0.0
2010-05-26,10.151352199499065,10.422928925437446,9.973422096901112,10.038975715637207,7154800,0.0,0.0
2010-05-27,10.3292847359669,10.600861549377441,10.254367055928762,10.600861549377441,5253700,0.0,0.0
2010-05-28,10.60085979298605,10.666413421975136,10.132623923782228,10.282459259033203,4614200,0.0,0.0
2010-06-01,10.188813230019433,10.385472342562688,9.861047744750977,9.861047744750977,5672900,0.0,0.0
2010-06-02,10.001516460017918,10.216904488270915,9.861045191380475,10.207539558410645,4435500,0.0,0.0
2010-06-03,10.301189551435641,10.53530749578645,10.226271880690508,10.507213592529297,5800700,0.0,0.0
2010-06-04,10.188811008711374,10.394835008623597,9.786127939130415,9.842316627502441,6400600,0.0,0.0
2010-06-07,9.926598438507392,10.067068808837027,9.345985311986524,9.40217399597168,9155500,0.0,0.0
2010-06-08,9.439637202253083,9.486460978458732,9.008860068721766,9.308530807495117,7709700,0.0,0.0
2010-06-09,9.523916086910921,9.720575155402166,9.186786637964028,9.252339363098145,5191000,0.0,0.0
2010-06-10,9.458364976437075,9.67375304898367,9.355352512967789,9.62692928314209,5400400,0.0,0.0
2010-06-11,9.383447043867273,9.917235637385689,9.383447043867273,9.87041187286377,4931100,0.0,0.0
2010-06-14,10.057706559719469,10.24500073443612,9.945330054889478,9.973423957824707,3986700,0.0,0.0
2010-06-15,10.188813755813433,11.069096894997974,10.048342443554025,11.022274017333984,12406700,0.0,0.0
2010-06-16,10.900530385871653,11.172107130102072,10.619588710749746,11.003541946411133,6495100,0.0,0.0
2010-06-17,11.172108250639436,11.181472289381151,10.685142512508031,11.012907981872559,6637000,0.0,0.0
2010-06-18,11.059728469704309,11.162740010041793,10.956716036278035,11.050363540649414,4269300,0.0,0.0
2010-06-21,11.247024673291508,11.293848434169709,10.760058989100559,10.86307144165039,3704400,0.0,0.0
2010-06-22,10.928624275448913,11.10655349677943,10.572764939698915,10.610223770141602,4679500,0.0,0.0
2010-06-23,10.63831601040626,10.703869623273059,10.235633869227362,10.563398361206055,6623300,0.0,0.0
2010-06-24,10.432293433129642,10.469752259566295,9.992151552682326,10.076434135437012,6320100,0.0,0.0
2010-06-25,10.170082973511468,10.170082973511468,9.645659288999246,9.964059829711914,8100000,0.0,0.0
2010-06-28,9.907871080602979,10.413565791770441,9.851683275522737,10.095165252685547,5539100,0.0,0.0
2010-06-29,9.823587699240603,9.823587699240603,9.233610434247558,9.317893028259277,7750000,0.0,0.0
2010-06-30,9.308528250917917,9.561376037130499,9.08377525856607,9.130599021911621,5766700,0.0,0.0
2010-07-01,9.102507219127284,9.23361271500582,8.662365171175548,8.943306922912598,9641300,0.0,0.0
2010-07-02,8.990125843881032,9.027584664351838,8.699819315415729,8.877748489379883,4724100,0.0,0.0
2010-07-06,9.027585788921945,9.28043263532495,8.765373119873626,8.887114524841309,4882900,0.0,0.0
2010-07-07,8.933941383896961,9.317894698240057,8.859023707590461,9.299165725708008,5974800,0.0,0.0
2010-07-08,9.420903956413984,9.458362781777726,9.186786074618386,9.345985412597656,5820000,0.0,0.0
2010-07-09,9.392811606111644,9.589470713599622,9.26170612984571,9.580105781555176,3003100,0.0,0.0
2010-07-12,9.542648339797232,9.739307475999588,9.439636751534742,9.60820198059082,3625300,0.0,0.0
2010-07-13,9.795495242060245,10.057707100769122,9.711212635631538,10.010883331298828,4307300,0.0,0.0
2010-07-14,10.085800412000312,10.216905875489697,9.645658472784117,9.711211204528809,8611800,0.0,0.0
2010-07-15,9.65502464606009,9.74867129015911,9.36471799524819,9.598835945129395,6784300,0.0,0.0
2010-07-16,9.514553821816905,9.523918754627505,9.252341954744157,9.299165725708008,5577700,0.0,0.0
2010-07-19,9.336621275563028,9.514550470853154,9.23360883710505,9.40217399597168,3404600,0.0,0.0
2010-07-20,9.102507079422104,9.54264822752935,8.980765625768228,9.533284187316895,4498400,0.0,0.0
2010-07-21,9.692483725039217,9.692483725039217,9.083776504251217,9.149330139160156,6076200,0.0,0.0
2010-07-22,9.317894663462079,9.608201327883089,9.214883082197408,9.495824813842773,5742700,0.0,0.0
2010-07-23,9.55201271318025,9.561377646043017,9.280435911784066,9.505188941955566,5801200,0.0,0.0
2010-07-26,9.58947059054269,9.98278880047139,9.449000184034897,9.964059829711914,6272300,0.0,0.0
2010-07-27,10.095164315975126,10.104529246982565,9.711211075559861,9.832952499389648,4990300,0.0,0.0
2010-07-28,9.711209002408578,9.832950400248983,9.411538418856068,9.561373710632324,7324900,0.0,0.0
2010-07-29,10.39483501750006,10.525940468665237,10.113893361577835,10.366740226745605,22630000,0.0,0.0
2010-07-30,10.151351788310317,10.188810614746968,9.861045213609609,10.076434135437012,7352500,0.0,0.0
2010-08-02,10.37610572621456,10.591494668370109,10.263729236298644,10.535305976867676,7572000,0.0,0.0
2010-08-03,10.4884823615908,10.516576261187161,10.254364447746857,10.34801197052002,4883800,0.0,0.0
2010-08-04,10.385471583781158,10.49784808372557,10.207541455719062,10.404200553894043,3794400,0.0,0.0
2010-08-05,10.310551625428678,10.544669504881162,10.198175150462147,10.441657066345215,7651500,0.0,0.0
2010-08-06,10.282461240472427,10.441661538126887,10.141990809878125,10.151355743408203,6296500,0.0,0.0
2010-08-09,10.254366099564502,10.291824936090006,10.160719454795299,10.1981782913208,4397200,0.0,0.0
2010-08-10,10.104531485220901,10.104531485220901,9.664389454354831,9.786130905151367,6254300,0.0,0.0
2010-08-11,9.44899843158939,9.495822189437572,9.196150675062546,9.252339363098145,8263400,0.0,0.0
2010-08-12,8.971400978811596,9.252342735203722,8.793471705847143,8.952672004699707,10911900,0.0,0.0
2010-08-13,8.896481080579528,9.15869290446853,8.896481080579528,8.999492645263672,5305100,0.0,0.0
2010-08-16,8.971399181594997,8.999493083679466,8.8121989146346,8.89648151397705,8482500,0.0,0.0
2010-08-17,9.018220892021041,9.16805619311188,8.9152093457933,9.083773612976074,8294400,0.0,0.0
2010-08-18,9.065044927129989,9.28043295583458,9.02758610069924,9.233609199523926,7338100,0.0,0.0
2010-08-19,9.214881639012155,9.374081898908468,9.018222546969005,9.065046310424805,5829200,0.0,0.0
2010-08-20,8.990126963784876,9.102503439196083,8.830926733680124,8.887114524841309,4786800,0.0,0.0
2010-08-23,9.027586511462376,9.074409376814641,8.849656408003689,8.868386268615723,6140800,0.0,0.0
2010-08-24,8.6998196646478,8.74664341538811,8.484431661566637,8.578078269958496,5082000,0.0,0.0
2010-08-25,8.465703018735752,8.784103497749019,8.42824419138648,8.727914810180664,8326300,0.0,0.0
2010-08-26,8.80283376059832,8.812198692086318,8.456339333343625,8.484434127807617,4758200,0.0,0.0
2010-08-27,8.578079500783572,8.774738567639478,8.278408881989387,8.727914810180664,7684200,0.0,0.0
2010-08-30,8.737279740290205,8.877750119577756,8.634268188351927,8.727914810180664,8658000,0.0,0.0
2010-08-31,8.643633304287608,8.699821998869545,8.34396264808795,8.409515380859375,5654000,0.0,0.0
2010-09-01,8.606177347417608,8.83093130774224,8.531259658339165,8.671730995178223,4020400,0.0,0.0
2010-09-02,8.737282263591807,9.186789214688272,8.737282263591807,9.168059349060059,8393500,0.0,0.0
2010-09-03,9.31789151684706,9.383445131050241,9.149327249254643,9.345985412597656,7209800,0.0,0.0
2010-09-07,9.289800709004112,9.430271127537965,8.952671168669376,9.027588844299316,4313800,0.0,0.0
2010-09-08,8.868386806456748,8.933939536396624,8.587445131860333,8.709186553955078,8518300,0.0,0.0
2010-09-09,8.802836741723912,8.905849236799543,8.615542513980934,8.690460205078125,5691700,0.0,0.0
2010-09-10,8.634269277192157,9.027587460504076,8.521892780972896,8.933939933776855,8185700,0.0,0.0
2010-09-13,9.018223704223281,9.411541938781738,8.943306030315872,9.411541938781738,10431300,0.0,0.0
2010-09-14,9.1774253058264,9.645661281704388,8.990131094093055,9.308530807495117,9563600,0.0,0.0
2010-09-15,9.252338054323163,9.542643704357143,9.168055480736275,9.486455917358398,6833300,0.0,0.0
2010-09-16,9.486459439479368,9.7674011580471,9.411541766939854,9.729942321777344,7811100,0.0,0.0
2010-09-17,9.81422181798324,9.879775436473256,9.523916125702106,9.645657539367676,7590600,0.0,0.0
2010-09-20,9.692484018591498,9.795495600726664,9.580106610512397,9.767401695251465,3910700,0.0,0.0
2010-09-21,9.776762962341309,9.926599166257063,9.692481269817877,9.776762962341309,4765700,0.0,0.0
2010-09-22,9.692480877910581,9.767398530294777,9.51455078368147,9.748668670654297,7324100,0.0,0.0
2010-09-23,9.552008825092786,9.945326914339736,9.42090339073633,9.75803279876709,5572600,0.0,0.0
2010-09-24,9.93596394202486,10.432294562398074,9.907870042428499,10.34801197052002,7051300,0.0,0.0
2010-09-27,10.29182176638984,10.657045979847693,10.198175150462147,10.441657066345215,5619900,0.0,0.0
2010-09-28,10.535307973236216,10.685143321516872,10.245001316125606,10.67577838897705,5259800,0.0,0.0
2010-09-29,10.582132339477539,10.90053291907024,10.554038433363234,10.582132339477539,8777500,0.0,0.0
2010-09-30,10.675776803840419,10.76942432915563,10.170082131934063,10.432294845581055,9312900,0.0,0.0
2010-10-01,10.432297172995124,10.610226439082718,10.263731947056947,10.394838333129883,5160700,0.0,0.0
2010-10-04,10.42293073347795,10.42293073347795,10.020247593303816,10.226271629333496,5488400,0.0,0.0
2010-10-05,10.348012358956346,10.600859250992727,10.329282496463058,10.572765350341797,8118000,0.0,0.0
2010-10-06,10.516574716322902,10.544669504881162,10.151351395953883,10.441657066345215,7523600,0.0,0.0
2010-10-07,10.469754068767733,10.535306803087344,10.310553805629514,10.460389137268066,4191000,0.0,0.0
2010-10-08,10.23563599769592,10.310553662475021,9.842317811061141,10.254364967346191,14276900,0.0,0.0
2010-10-11,10.226272663893777,10.610225979140825,10.14199005457825,10.497849464416504,4575000,0.0,0.0
2010-10-12,10.544669395450416,10.685139764428595,10.488480712005849,10.563398361206055,4805700,0.0,0.0
2010-10-13,10.61022321007747,10.731964625862277,10.469752826604413,10.638317108154297,3815200,0.0,0.0
2010-10-14,10.60085729582001,10.638316120808854,10.385469275406367,10.441657066345215,5303500,0.0,0.0
2010-10-15,10.582131742846203,10.67577838897705,10.329283922805754,10.67577838897705,5517400,0.0,0.0
2010-10-18,10.722602308357539,10.722602308357539,10.507214215467894,10.68514347076416,2558400,0.0,0.0
2010-10-19,10.460388986845954,10.703871843801792,10.30118872599706,10.451024055480957,4640500,0.0,0.0
2010-10-20,10.469751655203757,10.731963425124246,10.469751655203757,10.554034233093262,4802200,0.0,0.0
2010-10-21,10.610222115228389,10.610222115228389,10.394834097050005,10.563398361206055,6005700,0.0,0.0
2010-10-22,10.619587480930957,10.863070297378947,10.488481142899994,10.722599029541016,5853600,0.0,0.0
2010-10-25,10.834976870488406,11.050365817690151,10.834976870488406,10.94735336303711,4979000,0.0,0.0
2010-10-26,10.881800524088675,11.087824538256603,10.703871302595214,11.003541946411133,6361500,0.0,0.0
2010-10-27,10.844344502864024,11.153380157627828,10.844344502864024,11.134651184082031,5807100,0.0,0.0
2010-10-28,10.113894569157631,10.525941725442681,10.02961197300889,10.254364967346191,20240600,0.0,0.0
2010-10-29,10.301188851784584,10.582130544541968,10.235636117607168,10.525941848754883,9028400,0.0,0.0
2010-11-01,10.657048210198734,10.722600944376149,10.422930281749084,10.525941848754883,4027800,0.0,0.0
2010-11-02,10.657049477855765,10.685143382546569,10.376107751680337,10.544672966003418,7086600,0.0,0.0
2010-11-03,10.544668795537435,10.778786659240724,10.50720997306846,10.778786659240723,5714600,0.0,0.0
2010-11-04,10.900531205114591,11.097190303171187,10.816248606934758,10.928625106811523,7339300,0.0,0.0
2010-11-05,10.91926080773573,11.153378752646322,10.872437040135795,11.106554985046387,4303100,0.0,0.0
2010-11-08,11.087825586626478,11.378131326999734,11.02227285036588,11.340672492980957,4342200,0.0,0.0
2010-11-09,11.29384857160455,11.321942471237762,10.881800542568925,10.937989234924316,10119300,0.0,0.0
2010-11-10,10.928624171026497,11.003541831196033,10.563399907883285,10.86307144165039,6651500,0.0,0.0
2010-11-11,10.666410380286587,11.087822363780207,10.554033910894209,11.050363540649414,5460100,0.0,0.0
2010-11-12,10.984809731654915,11.106551127900067,10.7881515835921,10.844339370727539,3700500,0.0,0.0
2010-11-15,10.975449385746975,11.256391095141634,10.900531715653608,11.031637191772461,6598300,0.0,0.0
2010-11-16,10.909896959048893,11.069097248845244,10.544673500295408,10.582132339477539,6675600,0.0,0.0
2010-11-17,10.610222115228389,10.797516238228903,10.49784564142808,10.563398361206055,4134900,0.0,0.0
2010-11-18,10.713237869567186,10.984814677911158,10.675779030246954,10.919261932373047,3534500,0.0,0.0
2010-11-19,10.872437040135795,11.115919917184192,10.863073001087075,11.106554985046387,2020600,0.0,0.0
2010-11-22,11.378130375608718,11.808907377349428,11.237659983056107,11.733989715576172,8999300,0.0,0.0
2010-11-23,11.537330630149132,11.977472562883742,11.481142830363677,11.733989715576172,11561300,0.0,0.0
2010-11-24,11.808909944146967,12.03366387140847,11.771451105118246,11.9774751663208,7153800,0.0,0.0
2010-11-26,11.790180056814913,11.930650469006446,11.743356288388037,11.780815124511719,2053400,0.0,0.0
2010-11-29,11.668432888081286,11.733985595845487,10.937985495703172,11.200197219848633,20208500,0.0,0.0
2010-11-30,11.162743684784125,11.293850055446127,10.975449507473469,11.106554985046387,6468900,0.0,0.0
2010-12-01,11.406228324465289,11.612251504799742,11.312580774793831,11.490510940551758,6290600,0.0,0.0
2010-12-02,11.509235419017196,11.762083168511898,11.462411662471265,11.640341758728027,4167100,0.0,0.0
2010-12-03,11.556059424130915,11.940012628506306,11.471776839153119,11.921282768249512,3140000,0.0,0.0
2010-12-06,12.08048554833476,12.904580818055988,12.0430267130333,12.623639106750488,10853000,0.0,0.0
2010-12-07,12.773476216526925,13.213617338213664,12.586181134093517,12.614275932312012,8771400,0.0,0.0
2010-12-08,12.839028597753892,13.073146551109659,12.642369481211482,12.988863945007324,6355700,0.0,0.0
2010-12-09,13.035689257427624,13.129336807091335,12.689194752614654,12.829665184020996,11524300,0.0,0.0
2010-12-10,12.998229555913724,13.20425361568499,12.895217972572672,13.166794776916504,4192300,0.0,0.0
2010-12-13,13.251074973041787,13.28853380750982,12.839027793893408,12.867121696472168,4447600,0.0,0.0
2010-12-14,12.998228906348103,13.016957878251816,12.773475884968844,12.792204856872559,3679700,0.0,0.0
2010-12-15,12.717285306922284,12.904579463773844,12.66109750641131,12.72665023803711,6836300,0.0,0.0
2010-12-16,12.810932832059473,12.932674257286822,12.689191406832126,12.923309326171875,3789300,0.0,0.0
2010-12-17,12.932676136331844,13.09187552297178,12.913946271380608,12.988863945007324,3113300,0.0,0.0
2010-12-20,13.082511664634627,13.101240636755938,12.885852545370645,12.932676315307617,4310700,0.0,0.0
2010-12-21,12.97013294212586,13.354086182611047,12.92330918016911,13.307262420654297,3239200,0.0,0.0
2010-12-22,13.29790026606163,13.335359104830118,13.082512166415114,13.166794776916504,3769000,0.0,0.0
2010-12-23,13.13869685522544,13.522650084616956,13.13869685522544,13.47582721710205,3874800,0.0,0.0
2010-12-27,13.382183880505357,13.522654313153105,13.232348514190633,13.372818946838379,3729400,0.0,0.0
2010-12-28,13.419641921900736,13.419641921900736,13.204253818938739,13.251076698303223,2497700,0.0,0.0
2010-12-29,13.251074272059164,13.35408673121369,13.0825099724146,13.148062705993652,4288500,0.0,0.0
2010-12-30,13.138697085872716,13.410273830435822,13.110603186252797,13.297897338867188,1959500,0.0,0.0
2010-12-31,13.297898035939491,13.335356868425952,13.129333736294928,13.148062705993652,1585900,0.0,0.0
2011-01-03,13.232345601323882,13.232345601323882,12.810933503057829,12.839027404785156,6904100,0.0,0.0
2011-01-04,12.9514039047835,12.970133767994408,12.698557003059483,12.839027404785156,4052000,0.0,0.0
2011-01-05,12.726651573646318,12.745380544752509,12.595545203546664,12.623639106750488,5896500,0.0,0.0
2011-01-06,12.651731642451653,12.726649299668404,12.5299902262022,12.661096572875977,8149800,0.0,0.0
2011-01-07,12.66110084495123,13.0075953497642,12.529994454039882,12.829665184020996,4428300,0.0,0.0
2011-01-10,12.698559870737288,12.839030304184979,12.595547385992361,12.773477554321289,3293700,0.0,0.0
2011-01-11,12.8296636937691,12.923311232555017,12.726652115575886,12.792204856872559,3521500,0.0,0.0
2011-01-12,12.91394356144714,13.11060263672152,12.85775487147349,13.0637788772583,3091800,0.0,0.0
2011-01-13,13.11996665888306,13.32598975731512,13.07314290266164,13.129331588745117,3839600,0.0,0.0
2011-01-14,13.063780464089922,13.8035930955878,13.063780464089922,13.766134262084961,5493400,0.0,0.0
2011-01-18,13.625665935369586,13.709948546862318,13.37281810089139,13.578842163085938,4898900,0.0,0.0
2011-01-19,13.616299399703939,13.625664331676283,13.204252216900535,13.269804954528809,4259600,0.0,0.0
2011-01-20,13.194888811736218,13.204253744792199,12.754746782086032,12.979499816894531,6000200,0.0,0.0
2011-01-21,13.110602777654472,13.204250297587581,12.839026041555188,12.876484870910645,4367400,0.0,0.0
2011-01-24,12.895216470258147,13.475828850071974,12.848392703980293,13.391546249389648,3786700,0.0,0.0
2011-01-25,13.363451133197792,13.438368795202756,13.073144523111825,13.24170970916748,3275500,0.0,0.0
2011-01-26,13.784864149398643,13.887875718438675,13.457098685860936,13.700581550598145,7438400,0.0,0.0
2011-01-27,15.245761841347706,15.629715143865772,14.871172578262698,15.311314582824707,19659300,0.0,0.0
2011-01-28,15.451781361430942,15.610981604480678,15.039733358329661,15.198933601379395,7089600,0.0,0.0
2011-01-31,15.189566363687481,15.67653194918205,15.170838292074267,15.620344161987305,6638000,0.0,0.0
2011-02-01,15.76081699856021,16.275875665461868,15.723359063272843,15.92001724243164,11393300,0.0,0.0
2011-02-02,15.994942064571028,16.453813141016997,15.76082405906725,16.154142379760742,7392700,0.0,0.0
2011-02-03,16.079222398412384,16.350798317288618,16.0323995184546,16.257152557373047,5748000,0.0,0.0
2011-02-04,16.24778210231258,16.968865640142756,16.24778210231258,16.65983009338379,8695900,0.0,0.0
2011-02-07,17.043783114518103,17.184253491348873,16.659829917631043,16.781570434570312,7917200,0.0,0.0
2011-02-08,16.819029308323753,16.9688664096536,16.575548260835138,16.847124099731445,5745000,0.0,0.0
2011-02-09,16.734749952568354,17.081243478982454,16.678560364897415,16.81903076171875,7586600,0.0,0.0
2011-02-10,16.697296200269633,16.856496516595737,16.528730949315094,16.837766647338867,5698200,0.0,0.0
2011-02-11,16.790938652602748,17.053149597720264,16.70665605276409,16.875221252441406,3313200,0.0,0.0
2011-02-14,16.884584839991547,17.13743083319964,16.809667177896937,17.043785095214844,6268400,0.0,0.0
2011-02-15,16.968868682232458,16.97823182777781,16.556820617291436,16.734750747680664,11942100,0.0,0.0
2011-02-16,16.90331313238585,17.792961944060046,16.800302462047583,17.71804428100586,9124800,0.0,0.0
2011-02-17,17.59630374835955,17.895974400576293,17.409008697635095,17.71804428100586,5763600,0.0,0.0
2011-02-18,17.802326875214067,17.895974400576293,17.62439675564363,17.71804428100586,3387700,0.0,0.0
2011-02-22,17.446466638771746,17.446466638771746,16.875220127711962,16.931407928466797,7898100,0.0,0.0
2011-02-23,17.07187935883415,17.07187935883415,16.313337751016196,16.734750747680664,5590200,0.0,0.0
2011-02-24,16.697289199611706,17.18425487904878,16.519359088629333,17.006324768066406,5490700,0.0,0.0
2011-02-25,17.16552782999582,17.605668928034312,17.137433033286825,17.465198516845703,3368700,0.0,0.0
2011-02-28,17.568206842762056,17.86787745895094,17.202983502554076,17.44646453857422,5526200,0.0,0.0
2011-03-01,17.615035387697837,17.746142664196817,16.968871082964682,17.034423828125,4670600,0.0,0.0
2011-03-02,17.02505337450996,17.689947329740466,16.96886558061755,17.437101364135742,4427000,0.0,0.0
2011-03-03,17.83042368265799,17.961529161266945,17.55884600705009,17.858516693115234,4732000,0.0,0.0
2011-03-04,17.783593979239093,17.970888998013276,17.530746239747252,17.774229049682617,3559900,0.0,0.0
2011-03-07,17.540114394560426,17.605667127331852,16.425714365090204,16.81903076171875,8284800,0.0,0.0
2011-03-08,16.903315575633293,17.315363675078768,16.547457071233726,17.0999755859375,5065300,0.0,0.0
2011-03-09,17.025058528746744,17.04378839444049,16.266516829932986,16.350797653198242,6267800,0.0,0.0
2011-03-10,16.06985788269972,16.266517913224313,15.71399934171113,15.891927719116211,5563700,0.0,0.0
2011-03-11,15.835729758685956,16.11667043809287,15.713989273923566,15.91064739227295,4381000,0.0,0.0
2011-03-14,15.751458921839209,16.11668243414879,15.592258608697849,16.00430679321289,4600800,0.0,0.0
2011-03-15,15.264481686224313,16.051117731976408,15.049093712933859,15.91064739227295,4778900,0.0,0.0
2011-03-16,15.845100905573442,16.135406626399824,15.198934945895903,15.423687934875488,5879300,0.0,0.0
2011-03-17,15.695259418982497,16.238412709032538,15.648434781629826,15.91064739227295,3851600,0.0,0.0
2011-03-18,16.22905296995755,16.257147761351003,15.75145223333598,15.863829612731934,3922200,0.0,0.0
2011-03-21,16.191595164309415,16.716018771287114,16.16350037269034,16.463171005249023,3983500,0.0,0.0
2011-03-22,16.453808106655938,16.453808106655938,16.04176004291335,16.210325241088867,3039300,0.0,0.0
2011-03-23,16.21968990086463,16.50063248850656,15.920019236322345,16.453807830810547,2751000,0.0,0.0
2011-03-24,16.61300741389276,17.053148461131936,16.425714149317315,16.931407928466797,3825100,0.0,0.0
2011-03-25,17.025055150578467,17.165525543052365,16.78157230340733,16.912677764892578,2796100,0.0,0.0
2011-03-28,16.996965742919613,17.109343164211086,16.753482818603516,16.753482818603516,2276800,0.0,0.0
2011-03-29,16.6879252961759,16.87522034938969,16.509995174240604,16.81903076171875,2848300,0.0,0.0
2011-03-30,16.97823102109707,17.09060841026094,16.725385021289863,16.81903076171875,5259600,0.0,0.0
2011-03-31,16.819026806044796,17.01568674428454,16.641098512134533,16.678556442260742,3415100,0.0,0.0
2011-04-01,16.82839603908739,16.940773430562402,16.62237290525759,16.706655502319336,2846900,0.0,0.0
2011-04-04,16.828397357645784,16.856492154260362,16.435079135932583,16.66919708251953,3019900,0.0,0.0
2011-04-05,16.884585569226804,17.3996442951001,16.631737778920407,17.2310791015625,5638000,0.0,0.0
2011-04-06,17.37154897433199,17.455831568546568,16.940772858282358,17.324726104736328,4470400,0.0,0.0
2011-04-07,17.259174974569678,17.409010314594852,16.996962236436556,17.305997848510742,5484500,0.0,0.0
2011-04-08,17.39964396737141,17.49329149381486,16.659832259441956,16.809667587280273,3584600,0.0,0.0
2011-04-11,17.02505168543365,17.02505168543365,16.49126323096916,16.54745101928711,4026600,0.0,0.0
2011-04-12,16.45380665689207,16.472536518634172,15.64844046376105,15.713994979858398,6503600,0.0,0.0
2011-04-13,15.882561623989583,16.172869181808007,15.713998192383833,15.938751220703125,4043900,0.0,0.0
2011-04-14,15.770181188480645,15.845098841715656,15.536063298849017,15.807639122009277,4258100,0.0,0.0
2011-04-15,15.826373281870612,16.107315897467014,15.639079990984579,16.032398223876953,3011000,0.0,0.0
2011-04-18,15.79828158352631,15.826374597095812,15.498609078084039,15.73272705078125,3661200,0.0,0.0
2011-04-19,15.760823734988902,15.817011555024443,15.554800537406189,15.723365783691406,4333400,0.0,0.0
2011-04-20,16.50063333655543,16.67856168641074,16.28524347243992,16.641103744506836,4293800,0.0,0.0
2011-04-21,16.753474088690744,16.790933804994538,16.51935622032479,16.678556442260742,3339600,0.0,0.0
2011-04-25,16.631742477416992,16.837765668732615,16.538094922754055,16.631742477416992,2776000,0.0,0.0
2011-04-26,16.744110965872693,17.174888818948215,16.71601796179192,17.062511444091797,3100000,0.0,0.0
2011-04-27,17.146795091757255,17.249807542914056,16.884584177798683,17.128067016601562,3148800,0.0,0.0
2011-04-28,15.826372865304108,15.957480130269508,14.52467765112194,15.011643409729004,17319200,0.0,0.0
2011-04-29,14.992914465872339,15.189572696128337,14.90863185685454,15.077197074890137,4300000,0.0,0.0
2011-05-02,15.124018985835866,15.180206792862897,14.749430628692023,14.814983367919922,4711200,0.0,0.0
2011-05-03,14.786886882737834,15.011640750873058,14.505945217385506,14.702604293823242,4155300,0.0,0.0
2011-05-04,14.917993091605124,15.14274606454539,14.534039872893274,14.889898300170898,6313000,0.0,0.0
2011-05-05,14.805619037137012,15.395596357832813,14.749430338127809,14.927359580993652,5990200,0.0,0.0
2011-05-06,15.208299523656041,15.26448732305084,14.927357847415143,15.067829132080078,2654200,0.0,0.0
2011-05-09,15.086561707811162,15.517337890958801,15.039737044744077,15.320679664611816,5727400,0.0,0.0
2011-05-10,15.395597070755885,15.685902831994232,15.292584599983666,15.573525428771973,3776400,0.0,0.0
2011-05-11,15.545429204173795,15.56415906520219,15.049098603988485,15.152111053466797,3201000,0.0,0.0
2011-05-12,15.095920899777994,15.311308909444492,14.871167067970566,15.124013900756836,3500000,0.0,0.0
2011-05-13,15.124016261924206,15.423686893667089,15.021005598623752,15.152111053466797,2787500,0.0,0.0
2011-05-16,15.095926704981306,15.292584932169285,14.740066408862674,14.796255111694336,2840400,0.0,0.0
2011-05-17,14.7400640801779,14.777522911784759,14.309287070154541,14.505946159362793,3556700,0.0,0.0
2011-05-18,14.552770988338342,14.917995293079755,14.48721825149593,14.7775239944458,4022200,0.0,0.0
2011-05-19,14.852441474642395,15.067830439245139,14.59959456925288,15.030370712280273,5245900,0.0,0.0
2011-05-20,14.95545112728871,15.021004744069778,14.693238446342196,14.833709716796875,2887700,0.0,0.0
2011-05-23,14.402935577927545,14.646418446520984,14.299924007256038,14.571500778198242,3101500,0.0,0.0
2011-05-24,14.61832375664776,14.711971289271979,14.318653081192751,14.38420581817627,1815400,0.0,0.0
2011-05-25,14.337383102395227,14.590230014314693,14.243735568742643,14.524677276611328,2552700,0.0,0.0
2011-05-26,14.49658053391443,14.562134155903662,14.309286384850086,14.459121704101562,2889000,0.0,0.0
2011-05-27,14.543405010324474,14.683876298853878,14.49658124748134,14.637052536010742,2423000,0.0,0.0
2011-05-31,14.75879342618178,14.992911338806152,14.683875765589098,14.992911338806152,3507800,0.0,0.0
2011-06-01,14.936723633744322,14.955453496674526,14.515311541793915,14.534041404724121,3226100,0.0,0.0
2011-06-02,14.562134307943069,14.768158320609363,14.412298987127203,14.468486785888672,2999900,0.0,0.0
2011-06-03,14.225007430619321,14.421666560678077,13.972160488023311,13.981525421142578,4014000,0.0,0.0
2011-06-06,14.000253017734527,14.103265485739557,13.859782607113786,13.887876510620117,2529400,0.0,0.0
2011-06-07,13.972157761493307,14.150086990592373,13.859781265258789,13.859781265258789,2829200,0.0,0.0
2011-06-08,13.794227664591352,13.822322458518233,13.522650908254526,13.597569465637207,2932900,0.0,0.0
2011-06-09,13.653756292809145,13.841050440175668,13.410273454688195,13.663121223449707,2304800,0.0,0.0
2011-06-10,13.635027861262566,13.663121761201024,13.176156065793194,13.307262420654297,4296600,0.0,0.0
2011-06-13,13.354088243409162,13.3634531758635,12.97013494367244,13.05441665649414,4186200,0.0,0.0
2011-06-14,13.29789680690196,13.532014711576604,13.279167838934233,13.457097053527832,2343100,0.0,0.0
2011-06-15,13.307265199026043,13.475830420028823,13.129335938148014,13.166794776916504,4082100,0.0,0.0
2011-06-16,13.17615621465253,13.344721402365623,12.773474000688674,12.923309326171875,3016500,0.0,0.0
2011-06-17,13.166794788316208,13.185523761172085,12.717287829616005,12.904582023620605,2988000,0.0,0.0
2011-06-20,12.848390944585773,13.035685090961001,12.65173186761955,12.745378494262695,4941800,0.0,0.0
2011-06-21,12.82966453239862,13.297900470756884,12.782840759944959,13.251076698303223,3128300,0.0,0.0
2011-06-22,13.166790693835953,13.43836741396263,13.110602006563001,13.279167175292969,3205300,0.0,0.0
2011-06-23,13.054414750645542,13.457097856502166,12.876485525435045,13.447732925415039,3756000,0.0,0.0
2011-06-24,13.429002743327162,13.429002743327162,13.10123732959568,13.232343673706055,5142900,0.0,0.0
2011-06-27,13.279169038728758,13.466463200773019,13.10123891496995,13.410274505615234,2405100,0.0,0.0
2011-06-28,13.419641873175038,13.588207096160502,13.325994328607742,13.578842163085938,2467900,0.0,0.0
2011-06-29,13.672487129930882,13.70994596207772,13.410274411814012,13.597569465637207,1923200,0.0,0.0
2011-06-30,13.635028272789755,13.972157761493307,13.625663341497962,13.859781265258789,1909000,0.0,0.0
2011-07-01,13.841051797181027,14.234369991756925,13.644392699893078,14.215641021728516,3130400,0.0,0.0
2011-07-05,14.206276227390678,14.206276227390678,13.90660555932934,14.093899726867676,2163800,0.0,0.0
2011-07-06,13.981522844499823,14.000251814197638,13.756768956502961,13.869146347045898,2236900,0.0,0.0
2011-07-07,14.037710982931788,14.32801761145832,13.99088721793215,14.225005149841309,2774900,0.0,0.0
2011-07-08,13.99088820764557,14.009618072205987,13.74740621998383,13.962794303894043,2097800,0.0,0.0
2011-07-11,13.738040395733426,13.944064427075999,13.466463628863734,13.503922462463379,2895800,0.0,0.0
2011-07-12,13.316628603177643,13.344722505756403,12.651733621553234,12.867121696472168,6784800,0.0,0.0
2011-07-13,12.979497126683581,13.222979977138275,12.895215425916021,12.923309326171875,3908300,0.0,0.0
2011-07-14,12.98886133109496,13.185520408061183,12.595543177162511,12.745378494262695,3609600,0.0,0.0
2011-07-15,12.839026148915439,12.867120047894717,12.57681434123463,12.820296287536621,2801600,0.0,0.0
2011-07-18,12.726651573646318,12.792204312151604,12.370792191737896,12.623639106750488,2670300,0.0,0.0
2011-07-19,12.801568391640487,13.119968917041367,12.773474490307768,13.091874122619629,3772700,0.0,0.0
2011-07-20,13.176157583100375,13.213616418361571,12.87648690101081,12.951404571533203,2137500,0.0,0.0
2011-07-21,12.951403460576849,13.429004239005861,12.820297101864275,13.335356712341309,4181000,0.0,0.0
2011-07-22,13.354083244774296,13.794224188307423,13.241706776653789,13.756765365600586,3178400,0.0,0.0
2011-07-25,13.560109835250644,13.616298530408427,13.269804107354291,13.410274505615234,2841500,0.0,0.0
2011-07-26,13.429003456498194,13.644391504951404,13.363450727506164,13.47582721710205,2100100,0.0,0.0
2011-07-27,13.335359858004765,13.335359858004765,12.754747377755903,12.88585376739502,3355000,0.0,0.0
2011-07-28,11.855730629163657,13.119967680102087,11.752719071929517,12.745378494262695,6706900,0.0,0.0
2011-07-29,12.558084621009511,12.885850054111335,12.352060608971536,12.633002281188965,4110800,0.0,0.0
2011-08-01,12.801567463137212,12.988861613585845,12.295872810381425,12.633002281188965,3704100,0.0,0.0
2011-08-02,12.464437010243392,12.520624804406408,11.902553710079921,11.911918640136719,5440200,0.0,0.0
2011-08-03,11.855734353286449,12.183499882217495,11.743357830161603,12.089852333068848,5046600,0.0,0.0
2011-08-04,11.893191400414054,11.893191400414054,11.303214073181152,11.303214073181152,5792500,0.0,0.0
2011-08-05,11.518604519207413,11.733992626974647,10.722603049004162,11.134651184082031,8659300,0.0,0.0
2011-08-08,10.788156130604527,10.994179294387871,10.301190340376657,10.497849464416504,8673600,0.0,0.0
2011-08-09,10.769426712553932,11.106556270739164,10.310555701751733,11.059733390808105,8324800,0.0,0.0
2011-08-10,10.731963425124246,11.003540124385527,10.319916358106335,10.554034233093262,8030300,0.0,0.0
2011-08-11,10.666414292179578,11.228296845211137,10.63831949471116,11.069096565246582,5970600,0.0,0.0
2011-08-12,11.181472689284137,11.415590634892247,11.003543443581172,11.17210865020752,3485800,0.0,0.0
2011-08-15,11.284482066186223,11.677800178527832,11.23765831127149,11.677800178527832,4072600,0.0,0.0
2011-08-16,11.537331204899289,11.556061067820147,11.031636516193354,11.11591911315918,4827700,0.0,0.0
2011-08-17,11.190835407447521,11.481141995526327,11.059729955421986,11.153376579284668,4047800,0.0,0.0
2011-08-18,10.797516782826255,10.797516782826255,10.254363352185171,10.338645935058594,4113200,0.0,0.0
2011-08-19,10.216904488270915,10.657046367726046,10.07643411272234,10.207539558410645,4846600,0.0,0.0
2011-08-22,10.460390390857228,10.5540379308987,10.20754256859873,10.216907501220703,3001000,0.0,0.0
2011-08-23,10.3105522215324,10.881799558911096,10.301187291471548,10.80688190460205,4269900,0.0,0.0
2011-08-24,10.778790891314612,10.90989637488755,10.479119300814057,10.741332054138184,4546700,0.0,0.0
2011-08-25,10.778791042786654,10.881802623197151,10.516578285777708,10.619590759277344,4572100,0.0,0.0
2011-08-26,10.544674040009106,11.13465145714168,10.422932583163728,11.087827682495117,3599600,0.0,0.0
2011-08-29,11.237660822138507,11.546696423300192,11.237660822138507,11.52796745300293,2212500,0.0,0.0
2011-08-30,11.462414087599376,11.584155523140348,11.293849778694927,11.481143951416016,2685000,0.0,0.0
2011-08-31,11.574790337524165,11.696531770396689,11.237660834015749,11.331308364868164,3856000,0.0,0.0
2011-09-01,11.29384923855126,11.490508333775182,11.08782521186691,11.11591911315918,2981300,0.0,0.0
2011-09-02,10.86307277556284,11.012908114300688,10.657048738253764,10.76006031036377,1998000,0.0,0.0
2011-09-06,10.34801248973303,10.59149534668887,10.235635992620107,10.451024055480957,3922100,0.0,0.0
2011-09-07,10.68514258346808,11.29384976017476,10.68514258346808,11.218931198120117,3075000,0.0,0.0
2011-09-08,11.181471433015005,11.518601808390173,10.900530644321014,10.956718444824219,2378500,0.0,0.0
2011-09-09,10.797519594969604,11.125285081933093,10.703872950900823,10.788155555725098,3017800,0.0,0.0
2011-09-12,10.647684427200634,11.087826430225526,10.647684427200634,11.069096565246582,3484500,0.0,0.0
2011-09-13,11.1065544458016,11.490508607008081,11.050366641880972,11.39686107635498,3253300,0.0,0.0
2011-09-14,11.556061466572967,11.949379670592624,11.378131335041239,11.799544334411621,3913400,0.0,0.0
2011-09-15,11.977471882459346,12.08048343827338,11.649706461004541,11.81827163696289,5329700,0.0,0.0
2011-09-16,11.85573159039719,12.005566919645652,11.72462612384929,11.958744049072266,2913800,0.0,0.0
2011-09-19,11.752719990625607,11.799543754151806,11.424954539031221,11.696531295776367,3311000,0.0,0.0
2011-09-20,11.715262833491032,11.84636831840327,11.378132402370111,11.4155912399292,2374800,0.0,0.0
2011-09-21,11.378130251181034,11.556060365763459,10.984812084628157,11.003541946411133,4278600,0.0,0.0
2011-09-22,10.657048057883296,10.675777027485292,10.301188704555251,10.516576766967773,4788000,0.0,0.0
2011-09-23,10.36674290467587,10.909896496324436,10.319920027500997,10.68514347076416,4787900,0.0,0.0
2011-09-26,10.797517812182813,10.816247673757527,10.170081738853131,10.666412353515625,4159600,0.0,0.0
2011-09-27,10.909894423674176,11.36876621337851,10.778788963549195,11.003541946411133,3479600,0.0,0.0
2011-09-28,11.078459458005737,11.106553357212478,10.488482216130473,10.535305976867676,2960100,0.0,0.0
2011-09-29,10.760059800545175,10.816248496454145,10.263730041220208,10.460389137268066,4856100,0.0,0.0
2011-09-30,10.404200184134561,10.685141870555599,10.310553550720215,10.310553550720215,4879100,0.0,0.0
2011-10-03,10.207539554485852,10.460387302082708,9.851681150821108,9.879775047302246,4719200,0.0,0.0
2011-10-04,9.77676509809965,10.479118940848132,9.71121235856497,10.385472297668457,6400000,0.0,0.0
2011-10-05,10.404201995900037,10.9660854665873,10.160719992152103,10.900532722473145,4253100,0.0,0.0
2011-10-06,10.834974580494906,11.378127959561573,10.638315536826713,11.36876392364502,3839500,0.0,0.0
2011-10-07,11.434320201677137,11.68716711194793,11.172108359484335,11.28448486328125,3709200,0.0,0.0
2011-10-10,11.481142830363677,11.865096070223858,11.453048037381974,11.733989715576172,2681000,0.0,0.0
2011-10-11,11.649706598671418,11.705895289017835,11.471777383237479,11.630977630615234,2881800,0.0,0.0
2011-10-12,11.733990813215312,12.370791890945595,11.71526184256451,12.071121215820312,4456400,0.0,0.0
2011-10-13,11.968107249697784,12.21159008922992,11.865095691321393,12.099213600158691,3410400,0.0,0.0
2011-10-14,12.333333999845763,12.333333999845763,11.874463020192064,12.136674880981445,3307800,0.0,0.0
2011-10-17,12.033662387529157,12.061756290064126,11.659073150343627,11.743355751037598,2780200,0.0,0.0
2011-10-18,11.752718908264415,12.117942265337877,11.537329973115646,12.080483436584473,4336800,0.0,0.0
2011-10-19,12.024295412960116,12.249048381236832,11.921282966016607,11.996201515197754,4335800,0.0,0.0
2011-10-20,11.93064949144833,12.651733144107363,11.649707796995601,12.501897811889648,8527600,0.0,0.0
2011-10-21,12.754744703023167,12.942038868167385,12.314602745117481,12.698556900024414,5610100,0.0,0.0
2011-10-24,12.764108780643936,13.4477326609587,12.754743849740976,13.297897338867188,4501200,0.0,0.0
2011-10-25,13.166790876118505,13.166790876118505,12.670460293117651,12.707919120788574,5009600,0.0,0.0
2011-10-26,12.895217177551743,13.007593686928928,12.576816621105165,12.78283977508545,5970300,0.0,0.0
2011-10-27,13.213614230406916,13.766132628838507,13.110602673767898,13.653756141662598,6547700,0.0,0.0
2011-10-28,13.503925717361463,14.093903158576975,13.438372966033937,14.06580924987793,5266900,0.0,0.0
2011-10-31,13.897240220019324,13.953428022088097,13.307262939763143,13.410274505615234,4798700,0.0,0.0
2011-11-01,12.87648914597698,13.035689446865288,12.548723610480053,12.773477554321289,6566700,0.0,0.0
2011-11-02,13.007593102707155,13.251075082210775,12.839027899667744,13.13869857788086,3218600,0.0,0.0
2011-11-03,13.354085509193503,13.681850040184342,12.932673459011607,13.653756141662598,4750600,0.0,0.0
2011-11-04,13.532014723949795,13.803591457897143,13.363450439730395,13.653756141662598,3152700,0.0,0.0
2011-11-07,13.391546249389648,13.606934323943092,13.138698447342676,13.391546249389648,4126800,0.0,0.0
2011-11-08,13.532015800476074,13.663122159155806,13.269803976205612,13.532015800476074,5200600,0.0,0.0
2011-11-09,13.157427245511622,13.28853270876493,12.876485563686128,12.923309326171875,2917900,0.0,0.0
2011-11-10,13.129334708840691,13.129334708840691,12.736016492053597,12.951404571533203,2289600,0.0,0.0
2011-11-11,13.0825106422805,13.42900508379412,13.0825106422805,13.391546249389648,2241300,0.0,0.0
2011-11-14,13.372815414116719,13.466462939868993,13.101238661141911,13.260438919067383,2188900,0.0,0.0
2011-11-15,13.166792827090593,13.663122590545553,13.157427895513,13.625663757324219,2953900,0.0,0.0
2011-11-16,13.382180213928224,13.672486826438956,13.251073857779993,13.382180213928223,3567500,0.0,0.0
2011-11-17,13.297898913482825,13.316628777506567,12.473803651308717,12.679827690124512,4526000,0.0,0.0
2011-11-18,12.745380192365602,12.857756695162976,12.305239113014814,12.333333015441895,3780900,0.0,0.0
2011-11-21,12.005566337181092,12.202225420550798,11.818272184707316,12.052390098571777,4166100,0.0,0.0
2011-11-22,12.06175390180582,12.17413038278393,11.490506566894881,11.518600463867188,5190000,0.0,0.0
2011-11-23,11.368768153285865,11.462414798913233,11.050367593356755,11.069096565246582,4787700,0.0,0.0
2011-11-25,11.04100079563874,11.26575377888237,10.937989234924316,10.937989234924316,1182400,0.0,0.0
2011-11-28,11.396861190553647,11.44368495634938,11.209567020459763,11.340672492980957,3654400,0.0,0.0
2011-11-29,11.471776529474932,11.490506389226118,11.162740988291286,11.312576293945312,3305100,0.0,0.0
2011-11-30,11.7339891006664,12.633001887922443,11.640342474901791,12.604907989501953,6941700,0.0,0.0
2011-12-01,12.548719968032264,12.77347384663543,12.361425813437107,12.520626068115234,4701500,0.0,0.0
2011-12-02,12.642367489271164,12.83902657482783,12.323966979980469,12.323966979980469,3558900,0.0,0.0
2011-12-05,12.576814482598852,12.820296431637598,12.483166960830058,12.633002281188965,2860600,0.0,0.0
2011-12-06,12.689190696894595,12.895214704451814,12.623637075846561,12.745378494262695,2719000,0.0,0.0
2011-12-07,12.57681544670511,12.820297414408554,12.464438947821437,12.76410961151123,2411800,0.0,0.0
2011-12-08,12.604907853265562,12.792201995859397,12.426978641073648,12.529990196228027,3557100,0.0,0.0
2011-12-09,12.679826976399246,13.279169195086967,12.492532812149653,13.222980499267578,5029400,0.0,0.0
2011-12-12,12.979497958224943,12.979497958224943,12.633003522574366,12.848392486572266,3712800,0.0,0.0
2011-12-13,12.904580746730398,12.97013437796244,12.323968356222341,12.41761589050293,4990600,0.0,0.0
2011-12-14,12.295873097152136,12.417614521055302,12.005566487369357,12.061755180358887,4097800,0.0,0.0
2011-12-15,12.398884503920502,12.511260995404768,11.92128374529565,12.052390098571777,6792900,0.0,0.0
2011-12-16,12.108581325312333,12.483169708665189,12.033663648641761,12.361428260803223,4614500,0.0,0.0
2011-12-19,12.436342521467429,12.492531210081061,11.958742687151634,11.996201515197754,8213100,0.0,0.0
2011-12-20,12.25841494211873,12.764109634552634,12.25841494211873,12.698556900024414,3338200,0.0,0.0
2011-12-21,12.6423681893477,12.670462090814656,12.16476739896431,12.567450523376465,3572200,0.0,0.0
2011-12-22,12.670460968861875,12.94203770723209,12.567449410545223,12.820296287536621,3078700,0.0,0.0
2011-12-23,12.848390972166287,12.885849801521742,12.558084374844805,12.876484870910645,2917400,0.0,0.0
2011-12-27,12.792203512959892,12.960768707829914,12.76410961151123,12.76410961151123,1773400,0.0,0.0
2011-12-28,12.764111011860454,12.839028686002113,12.380157708612176,12.398886680603027,3054400,0.0,0.0
2011-12-29,12.501896822419399,12.679826042073362,12.380155401355548,12.633002281188965,1611900,0.0,0.0
2011-12-30,12.670462082563658,12.84839220894624,12.604909348153772,12.76410961151123,1709700,0.0,0.0
2012-01-03,13.063779017687919,13.13869667639883,12.857755009688447,12.876484870910645,4792900,0.0,0.0
2012-01-04,12.792201529223679,13.400908586810292,12.670460117706355,13.279167175292969,5365000,0.0,0.0
2012-01-05,13.18552269309166,13.728676258251953,13.101240089344529,13.691217422485352,6030700,0.0,0.0
2012-01-06,13.672487648694325,13.841051953206284,13.569475186565255,13.700581550598145,3583900,0.0,0.0
2012-01-09,13.74740598491791,14.037711735927676,13.61629961450406,13.94406509399414,5594200,0.0,0.0
2012-01-10,14.131362237117434,14.187550055453539,13.972161930016354,14.084538459777832,5715600,0.0,0.0
2012-01-11,14.009615067499343,14.253097896029297,14.000250137227674,14.15008544921875,3375700,0.0,0.0
2012-01-12,14.253099271457094,14.281193171894262,13.962792656643037,14.112627983093262,4814600,0.0,0.0
2012-01-13,13.972157346992416,14.028345146898294,13.784863192157863,13.897239685058594,3015900,0.0,0.0
2012-01-17,13.962791205865289,14.25309779051558,13.91596744794248,14.206274032592773,4370500,0.0,0.0
2012-01-18,14.234368525287453,14.955452105417972,14.121992037427294,14.768157958984375,7104800,0.0,0.0
2012-01-19,14.74942999918476,15.124018340341134,14.693241301466779,15.095925331115723,5559600,0.0,0.0
2012-01-20,15.021006892812352,15.142747427630193,14.964817304885953,15.114652633666992,4378800,0.0,0.0
2012-01-23,15.10529008711054,15.208302561727468,14.917996789654106,15.077197074890137,6302800,0.0,0.0
2012-01-24,14.964819427496101,15.442420275545329,14.964819427496101,15.264490127563477,7087700,0.0,0.0
2012-01-25,15.25512177594348,15.292579707581872,15.01163896867212,15.105284690856934,7331400,0.0,0.0
2012-01-26,16.154137670937843,16.388255608197813,15.255125649225056,15.367501258850098,14683500,0.0,0.0
2012-01-27,15.395593953344399,15.920017561109985,15.348769300575592,15.873194694519043,6306500,0.0,0.0
2012-01-30,15.639079353033324,15.639079353033324,15.227031272007194,15.461149215698242,6496600,0.0,0.0
2012-01-31,15.49860787473353,15.70463281786495,15.217667043781175,15.311314582824707,3582600,0.0,0.0
2012-02-01,15.47987732116176,15.770183038226287,15.45178252808663,15.470512390136719,5385300,0.0,0.0
2012-02-02,15.564159658277456,15.873195232310394,15.564159658277456,15.713994979858398,4427100,0.0,0.0
2012-02-03,15.957478372660342,16.041759181041883,15.779548252348226,15.948113441467285,3531100,0.0,0.0
2012-02-06,15.760814523062937,15.798274238644465,15.536061588106417,15.620344161987305,3253900,0.0,0.0
2012-02-07,15.526699368677136,15.620346887795241,15.4049588441481,15.545429229736328,4239200,0.0,0.0
2012-02-08,15.536064865664306,15.920018100487717,15.526699934793255,15.713994979858398,3812700,0.0,0.0
2012-02-09,15.760817848035723,15.863830301439345,15.66717032550315,15.713994979858398,2607600,0.0,0.0
2012-02-10,15.610986332525941,15.676539078427597,15.3955982285124,15.451786041259766,2458000,0.0,0.0
2012-02-13,15.629712034473775,15.71399462422786,15.27385181413922,15.433052062988281,2638700,0.0,0.0
2012-02-14,15.376868518199977,15.760821850529133,15.339408785202801,15.73272705078125,4254800,0.0,0.0
2012-02-15,15.826374597095812,15.948116943158254,15.657809370965278,15.73272705078125,4692600,0.0,0.0
2012-02-16,15.75145230468878,16.350793567707907,15.723359299345919,16.200958251953125,5285000,0.0,0.0
2012-02-17,16.29460958324632,16.378892191349973,15.920021206218022,15.929386138916016,3323600,0.0,0.0
2012-02-21,15.957475449499436,15.957475449499436,15.367497395657521,15.489239692687988,3299500,0.0,0.0
2012-02-22,15.395593565700985,15.526699017796828,15.12401594501351,15.198933601379395,3946800,0.0,0.0
2012-02-23,15.189570584311038,15.56416069950095,15.002277312894128,15.526700973510742,3166600,0.0,0.0
2012-02-24,15.536063106129316,15.592250898814147,15.273850429970565,15.33940315246582,1545700,0.0,0.0
2012-02-27,15.161476024624692,15.713994423198475,15.114651371928181,15.479876518249512,2845000,0.0,0.0
2012-02-28,15.5173407999301,15.910659112536075,15.451788045525536,15.723365783691406,2508500,0.0,0.0
2012-02-29,15.732723847079642,15.751453709764212,15.255124851869217,15.37686538696289,2734000,0.0,0.0
2012-03-01,15.46114561870626,15.554793131631481,15.208297869661484,15.283215522766113,1936300,0.0,0.0
2012-03-02,15.283221354981116,15.433056718368897,14.99291556168959,15.086563110351562,3430400,0.0,0.0
2012-03-05,15.08656086898884,15.124018811181566,14.24373573551462,14.337383270263672,6580000,0.0,0.0
2012-03-06,14.11262802293063,14.281193212207459,14.103263984817803,14.178181648254395,4628200,0.0,0.0
2012-03-07,14.2999217063203,14.749427643928785,14.26246198509735,14.740062713623047,4575400,0.0,0.0
2012-03-08,14.899263230648973,15.05846347642056,14.84307543395837,14.889898300170898,3861600,0.0,0.0
2012-03-09,14.871175321097349,15.227034784772604,14.77752776478149,15.18021011352539,2335700,0.0,0.0
2012-03-12,15.227033540255304,15.227033540255304,14.908632946511661,15.086563110351562,2023400,0.0,0.0
2012-03-13,15.142749398258491,15.59225544309887,15.095926521737795,15.582890510559082,3981000,0.0,0.0
2012-03-14,15.582887381178235,15.704629693568751,15.376864265211521,15.433052062988281,2069500,0.0,0.0
2012-03-15,15.545426809351893,15.826367536786577,15.51733202213739,15.770179748535156,3644100,0.0,0.0
2012-03-16,15.788911475458823,16.051122375785873,15.685899029657314,15.966839790344238,4283100,0.0,0.0
2012-03-19,15.873194979262177,16.060488235163593,15.723359660069887,15.957477569580078,1990400,0.0,0.0
2012-03-20,15.788909453690323,15.882555171142775,15.592249517449527,15.760814666748047,2054500,0.0,0.0
2012-03-21,15.779548945385022,15.948114141907453,15.751454150571927,15.79827880859375,2140700,0.0,0.0
2012-03-22,15.6859034001965,15.807643954100472,15.461150371788811,15.676538467407227,2507500,0.0,0.0
2012-03-23,15.639077798119203,15.779548193131943,15.479877540790637,15.751453399658203,1277300,0.0,0.0
2012-03-26,15.938747673685285,16.21968845001911,15.891923020177718,16.08858299255371,2586200,0.0,0.0
2012-03-27,16.079218844006302,16.285241970927657,16.069853912849243,16.144771575927734,2848100,0.0,0.0
2012-03-28,16.088581996841747,16.09794692696367,15.620346207812256,15.695263862609863,2568900,0.0,0.0
2012-03-29,15.564162846292527,15.723363131353594,15.386232695652915,15.676538467407227,2248300,0.0,0.0
2012-03-30,15.788911199924625,15.826369133812895,15.479875654090907,15.817004203796387,2523700,0.0,0.0
2012-04-02,15.723363125169424,15.966844232881604,15.461150365707772,15.938751220703125,2095600,0.0,0.0
2012-04-03,15.8357318576764,15.91064950119356,15.564156069743262,15.601613998413086,1878200,0.0,0.0
2012-04-04,15.414318896833354,15.451778611438407,15.0771903962754,15.142743110656738,3917600,0.0,0.0
2012-04-05,15.058464866037262,15.386230318305175,14.927358506512297,15.37686538696289,4112000,0.0,0.0
2012-04-09,15.030372113473156,15.077196776544426,14.84307881972286,15.058466911315918,2443300,0.0,0.0
2012-04-10,14.992910488134113,15.114651009873151,14.67451000213623,14.67451000213623,2949000,0.0,0.0
2012-04-11,14.871174105664716,15.152115858561412,14.796256423970826,15.086563110351562,2720300,0.0,0.0
2012-04-12,15.170841492582994,15.72335991072945,15.086558900921473,15.713994979858398,2493600,0.0,0.0
2012-04-13,15.610979606733169,15.713992040870375,15.255121231079102,15.255121231079102,1374600,0.0,0.0
2012-04-16,15.442414454936866,15.489239100534501,15.10528415134426,15.255121231079102,3077100,0.0,0.0
2012-04-17,15.367496580444024,15.788909453690323,15.358131651463266,15.760814666748047,2411400,0.0,0.0
2012-04-18,15.620350656849878,15.77018600912167,15.51733818234616,15.676538467407227,2257400,0.0,0.0
2012-04-19,15.657810139700077,15.9387527924369,15.404964074268944,15.517339706420898,2333000,0.0,0.0
2012-04-20,15.592255625579018,15.657808367946473,15.264490127563475,15.264490127563477,2788700,0.0,0.0
2012-04-23,15.030370037955405,15.170842221593393,14.86180573962124,15.114652633666992,1885100,0.0,0.0
2012-04-24,15.180206831236204,15.236396424583454,15.011643409729006,15.011643409729004,2647000,0.0,0.0
2012-04-25,15.348766722482507,15.863827099358824,15.348766722482507,15.760814666748047,5520300,0.0,0.0
2012-04-26,16.453814461209372,16.865862684087244,16.01367321857129,16.10732078552246,11012200,0.0,0.0
2012-04-27,16.20096138336222,16.425716186614068,15.985573298605582,16.28524398803711,3848800,0.0,0.0
2012-04-30,16.29461030201764,16.341434967573083,16.079222198997673,16.116680145263672,2055900,0.0,0.0
2012-05-01,15.966844787842968,16.350798114505817,15.863834095977705,16.116680145263672,4425000,0.0,0.0
2012-05-02,16.023029523475376,16.079217318910402,15.798276555557472,15.976204872131348,2353100,0.0,0.0
2012-05-03,15.93875346862792,16.069858973760088,15.489247348593166,15.498610496520996,1924700,0.0,0.0
2012-05-04,15.367497357036315,15.461144865398786,14.908626530855638,15.105284690856934,3433600,0.0,0.0
2012-05-07,15.030371487999904,15.114654091842596,14.917995873661772,15.011643409729004,1916900,0.0,0.0
2012-05-08,14.861807135835175,14.861807135835175,14.337383435833795,14.814983367919922,3545500,0.0,0.0
2012-05-09,14.562133517623256,14.805616347279155,14.393568344309339,14.67451000213623,2349200,0.0,0.0
2012-05-10,14.824345575173078,14.871169334481388,14.487216115713311,14.627686500549316,2669100,0.0,0.0
2012-05-11,14.505947247127542,15.049100792701203,14.487218276464171,14.711971282958984,2829000,0.0,0.0
2012-05-14,14.487217767154343,14.740064667299706,14.356111404763656,14.608959197998047,2127300,0.0,0.0
2012-05-15,14.580865769231934,14.786889817119912,14.38420665376821,14.44039535522461,3195800,0.0,0.0
2012-05-16,14.46849158486178,14.56213913797761,14.056444315948495,14.06580924987793,3232000,0.0,0.0
2012-05-17,14.075168347656057,14.17818079852435,13.663121223449707,13.663121223449707,2099800,0.0,0.0
2012-05-18,13.691216195226131,13.794227761078222,13.354086703546463,13.410274505615234,3459700,0.0,0.0
2012-05-21,13.466464701719389,13.859782932395339,13.43837079755371,13.70994758605957,2855300,0.0,0.0
2012-05-22,13.738038882396316,13.822321471983486,13.569473703221975,13.663121223449707,2207600,0.0,0.0
2012-05-23,14.03771114349365,14.093899840753705,13.560110342594852,14.037711143493652,5600000,0.0,0.0
2012-05-24,14.056438836548175,14.056438836548175,13.738038351778512,13.822320938110352,3216400,0.0,0.0
2012-05-25,13.794230338836735,14.018984268379127,13.794230338836735,13.850419044494629,2829800,0.0,0.0
2012-05-29,14.037710359494039,14.271828281005636,14.009616458977566,14.178181648254395,2327900,0.0,0.0
2012-05-30,13.981521180495184,13.981521180495184,13.709944454030866,13.822320938110352,2678900,0.0,0.0
2012-05-31,13.766133723989809,13.812957487310356,13.232345144166974,13.532015800476074,4844900,0.0,0.0
2012-06-01,13.204250269243175,13.241709098518221,12.65173186761955,12.745378494262695,5723900,0.0,0.0
2012-06-04,12.820296869918396,12.942038295144156,12.520626218955899,12.72665023803711,2695600,0.0,0.0
2012-06-05,12.63300376697403,13.03568690761543,12.604909864374811,12.998228073120117,3213500,0.0,0.0
2012-06-06,13.10123878876893,13.494556971817646,13.091873857484673,13.335356712341309,2880000,0.0,0.0
2012-06-07,13.60693590917395,13.663124613871263,13.129335938148014,13.166794776916504,2342000,0.0,0.0
2012-06-08,13.10123787840819,13.485191103493039,12.960767491261176,13.466462135314941,3049000,0.0,0.0
2012-06-11,13.541381619846671,13.578840454341984,12.960769238624806,12.998228073120117,2794900,0.0,0.0
2012-06-12,13.063781885974736,13.21361723629444,12.904581602987768,13.204253196716309,2620700,0.0,0.0
2012-06-13,13.157425485242422,13.260437034458453,13.035684076302278,13.129331588745117,4753000,0.0,0.0
2012-06-14,13.148061087712877,13.316626259699229,12.92330812045701,13.232343673706055,3789100,0.0,0.0
2012-06-15,13.325989110314762,13.56947191637353,13.204248600374202,13.541378021240234,2879300,0.0,0.0
2012-06-18,13.410273816552381,13.63502769254593,13.354086017370717,13.56010913848877,1965000,0.0,0.0
2012-06-19,13.672488307964745,13.944065087700869,13.606934676242865,13.812958717346191,2683600,0.0,0.0
2012-06-20,13.822321722799321,14.037709772906956,13.719309270061792,13.878509521484375,2800000,0.0,0.0
2012-06-21,13.9159711107349,14.009618651229282,13.157429426469118,13.204253196716309,3455900,0.0,0.0
2012-06-22,13.260437199738691,13.466461193827534,13.204249406043747,13.400908470153809,2265300,0.0,0.0
2012-06-25,13.176156503703254,13.194886366344033,12.736015448713045,12.810933113098145,2422700,0.0,0.0
2012-06-26,12.867124025268636,12.97013650851656,12.651735911367014,12.829665184020996,2239000,0.0,0.0
2012-06-27,12.895218098658223,13.045053455197221,12.820299527299552,12.979499816894531,2116400,0.0,0.0
2012-06-28,12.820295724344529,12.9045783106688,12.342695890321838,12.586177825927734,3524400,0.0,0.0
2012-06-29,12.904582012447921,13.269806360257554,12.820299401946532,13.166794776916504,3009500,0.0,0.0
2012-07-02,13.204251008164254,13.251073877561605,12.913944395220144,13.11996841430664,2740600,0.0,0.0
2012-07-03,13.129334149954383,13.438369750976562,13.035686619243219,13.438369750976562,1260800,0.0,0.0
2012-07-05,13.419638525759632,13.532015015355517,13.260438275559888,13.47582721710205,2612000,0.0,0.0
2012-07-06,13.288530864187354,13.307260723817361,12.651730819277802,12.801566123962402,3572800,0.0,0.0
2012-07-09,12.736014031109166,12.820295724344529,12.352059927510942,12.586177825927734,3506300,0.0,0.0
2012-07-10,12.511261134537062,12.820296712827682,12.164766725335122,12.323966979980469,2743200,0.0,0.0
2012-07-11,12.361427042140589,12.539357176508654,12.239685606280613,12.40825080871582,3066300,0.0,0.0
2012-07-12,12.27714365049539,12.361426246286706,12.127308321572606,12.220955848693848,2659600,0.0,0.0
2012-07-13,12.277142959715269,12.483166971936546,12.249049060395217,12.370790481567383,3299400,0.0,0.0
2012-07-16,12.30523531195265,12.408246851091258,12.17412898597633,12.267776489257812,1695700,0.0,0.0
2012-07-17,12.342694922577623,12.455071397835999,12.155399904058159,12.389517784118652,2155000,0.0,0.0
2012-07-18,12.342697517425202,12.94203884480479,12.33333258591264,12.76410961151123,2582300,0.0,0.0
2012-07-19,12.867120871936493,13.101238795631506,12.79220320780121,12.942038536071777,3861700,0.0,0.0
2012-07-20,12.820300436744361,12.90458305404867,12.64237116150467,12.773477554321289,2303100,0.0,0.0
2012-07-23,12.501896298111182,12.59554292286364,12.258413466194735,12.529990196228027,2334900,0.0,0.0
2012-07-24,12.51125918892077,12.576812802638116,12.267777272405374,12.389517784118652,2512300,0.0,0.0
2012-07-25,12.473805269729594,12.792205854731685,12.408252523319465,12.59554672241211,2935100,0.0,0.0
2012-07-26,13.007591028781272,14.065804058861538,12.979496237361415,13.906603813171387,8570700,0.0,0.0
2012-07-27,14.000252070464084,14.159452334710132,13.803592973047735,14.01898193359375,3825700,0.0,0.0
2012-07-30,14.000252219142993,14.084534817943492,13.644392853701467,13.700581550598145,4165600,0.0,0.0
2012-07-31,13.709947556936017,13.897241739457867,13.588206115024537,13.775500297546387,3490300,0.0,0.0
2012-08-01,13.89724063718319,13.953428440938595,13.475828536661508,13.569475173950195,2945200,0.0,0.0
2012-08-02,13.391545125070245,13.681850844059314,13.148062275338845,13.447732925415039,3072500,0.0,0.0
2012-08-03,13.850416333966995,13.972157761493307,13.560109715544408,13.859781265258789,3334400,0.0,0.0
2012-08-06,13.944061777287528,14.06580318662413,13.906602950806178,13.915966987609863,2076500,0.0,0.0
2012-08-07,14.018984178758213,14.459125315726382,14.018984178758213,14.37484359741211,2767400,0.0,0.0
2012-08-08,14.299922364513755,14.59959300337925,14.290557433776971,14.393568992614746,2325400,0.0,0.0
2012-08-09,14.374840695283286,14.599593684924432,14.365475764109323,14.505946159362793,2132000,0.0,0.0
2012-08-10,14.487216671736988,14.618322131125412,14.384204218687271,14.599593162536621,1766200,0.0,0.0
2012-08-13,14.524676473259017,14.580864275871594,14.356111279243247,14.534041404724121,2486200,0.0,0.0
2012-08-14,14.599593686019698,14.721335112023366,14.262463308443694,14.309287071228027,1879700,0.0,0.0
2012-08-15,14.28119522398923,14.543407082954898,14.262465358947122,14.449760437011719,1260500,0.0,0.0
2012-08-16,14.496584707934174,14.936726754782741,14.468490800757646,14.880538940429688,2768300,0.0,0.0
2012-08-17,14.824348008080698,14.93672451301003,14.73070047409505,14.927359580993652,1844400,0.0,0.0
2012-08-20,14.843075573043874,14.852439610520769,14.543404046559887,14.702604293823242,2446400,0.0,0.0
2012-08-21,14.73069942754136,14.927358520468166,14.693240595226206,14.786888122558594,3363500,0.0,0.0
2012-08-22,14.721334154954901,14.796251813303664,14.543404046559887,14.702604293823242,2518300,0.0,0.0
2012-08-23,14.627689390213511,14.711971995000507,14.477854045298455,14.56213665008545,2053700,0.0,0.0
2012-08-24,14.515309744818804,14.796251402368563,14.346744571671168,14.740062713623047,2379300,0.0,0.0
2012-08-27,14.79625336349258,14.79625336349258,14.52467660025325,14.608959197998047,1490100,0.0,0.0
2012-08-28,14.608957667431756,14.824345711912216,14.543404046559887,14.702604293823242,2342300,0.0,0.0
2012-08-29,14.693239227727593,14.786886746344214,14.524674944542173,14.627686500549316,1537100,0.0,0.0
2012-08-30,14.505945616092639,14.552769377119837,14.328016395896038,14.468486785888672,1246800,0.0,0.0
2012-08-31,14.608957532679348,14.71196908868649,14.374839629226722,14.627686500549316,1468200,0.0,0.0
2012-09-04,14.590229034423828,14.683876561786972,14.215640711149266,14.590229034423828,1514700,0.0,0.0
2012-09-05,14.562136947997006,14.608960717513154,14.32801899350538,14.449760437011719,2138700,0.0,0.0
2012-09-06,14.552768737155139,15.16147581756262,14.552768737155139,14.946086883544922,2515700,0.0,0.0
2012-09-07,14.861807674975422,15.245761871337892,14.749431163755599,15.24576187133789,4056100,0.0,0.0
2012-09-10,15.180204749929851,15.311311996919583,14.983546558712165,15.002276420593262,2693800,0.0,0.0
2012-09-11,15.030373409734237,15.12402095777494,14.861809073585864,14.880538940429688,2103300,0.0,0.0
2012-09-12,14.946088270752226,15.086559560694242,14.7306993167434,14.843076705932617,2186000,0.0,0.0
2012-09-13,14.814986582940872,15.18021008714151,14.505950897960663,15.170846939086914,4217600,0.0,0.0
2012-09-14,15.180204608656858,15.442417314018124,15.180204608656858,15.386229515075684,3078500,0.0,0.0
2012-09-17,15.255123178419963,15.273851252872094,14.57149844793823,14.67451000213623,3263400,0.0,0.0
2012-09-18,14.618319842512456,14.6370497012579,14.150084090942167,14.187542915344238,6547600,0.0,0.0
2012-09-19,14.13135660204526,14.168815430361866,13.812956114809658,14.02834415435791,5416600,0.0,0.0
2012-09-20,13.915969596096323,13.925334527744292,13.691216595079279,13.766134262084961,3716700,0.0,0.0
2012-09-21,13.83168752030927,13.953428056118186,13.653757396116522,13.672487258911133,3245800,0.0,0.0
2012-09-24,13.578840938240818,13.66312354213105,13.241711415768982,13.494558334350586,4154700,0.0,0.0
2012-09-25,13.597569560748507,13.75676892866937,13.372815673206382,13.410274505615234,5523200,0.0,0.0
2012-09-26,13.316628050940176,13.325992089352065,12.923309858792098,13.157427787780762,5912700,0.0,0.0
2012-09-27,13.269802803621534,13.578838363904664,13.04504983124997,13.513285636901855,4967900,0.0,0.0
2012-09-28,13.36345317898355,13.410276055087943,13.119970293648594,13.316629409790039,3491500,0.0,0.0
2012-10-01,13.391545033177408,13.391545033177408,13.06377959208896,13.24170970916748,4351200,0.0,0.0
2012-10-02,13.335356582433606,13.41027424579983,13.204251118087214,13.260438919067383,3520300,0.0,0.0
2012-10-03,13.27917199269556,13.307265899979466,13.045054014788171,13.082512855529785,3765800,0.0,0.0
2012-10-04,13.157428326805668,13.222981063819528,12.979498193355104,13.194887161254883,4707100,0.0,0.0
2012-10-05,13.288533498471335,13.466463627873347,13.119969193829846,13.176156997680664,2906300,0.0,0.0
2012-10-08,13.073143550629213,13.204249895929673,12.979496033544754,13.110602378845215,2285300,0.0,0.0
2012-10-09,13.073142568263455,13.138695289443348,12.801565860832527,12.913942337036133,3596000,0.0,0.0
2012-10-10,12.913943953406392,12.942037852701448,12.586178520304566,12.633002281188965,2648900,0.0,0.0
2012-10-11,12.745379486944428,12.932674540996183,12.689191685200106,12.810933113098145,2545100,0.0,0.0
2012-10-12,12.736012703186837,12.85775321175204,12.67982402046621,12.754741668701172,2221000,0.0,0.0
2012-10-15,12.7922010319659,12.904577509054624,12.548718218395905,12.85775375366211,2506800,0.0,0.0
2012-10-16,12.923311468322298,13.279170871876161,12.913946535655032,13.204253196716309,1987000,0.0,0.0
2012-10-17,13.176156324508135,13.400910207695798,13.138697492825022,13.260438919067383,2398800,0.0,0.0
2012-10-18,13.251073319425862,13.447732399114006,13.176155659838848,13.344720840454102,2528000,0.0,0.0
2012-10-19,13.260439332117496,13.391545693636722,13.119968932202557,13.222980499267578,4315700,0.0,0.0
2012-10-22,13.222981187756156,13.344722624129428,13.129334547299917,13.269804954528809,2993300,0.0,0.0
2012-10-23,13.045050751399222,13.082509582770022,12.867120632571181,12.923309326171875,5320200,0.0,0.0
2012-10-24,13.082507049545738,13.166789627082274,12.736012703186837,12.754741668701172,5227300,0.0,0.0
2012-10-25,12.960769261507512,14.02834649305328,12.782839127523843,13.794228553771973,12413200,0.0,0.0
2012-10-26,13.71931258684771,13.859783903698654,13.541383323876854,13.578842163085938,4013200,0.0,0.0
2012-10-31,13.60693481873822,13.700582354699275,13.391546736352524,13.691217422485352,3608200,0.0,0.0
2012-11-01,13.756770470769142,14.440395355224608,13.681852797553352,14.44039535522461,3632300,0.0,0.0
2012-11-02,14.393571076641837,14.505947582487252,14.187547036047373,14.337383270263672,3483000,0.0,0.0
2012-11-05,14.281196644720804,14.749432600285422,14.281196644720804,14.683879852294922,4002100,0.0,0.0
2012-11-06,14.721333523850953,15.124015696940328,14.702603663522245,14.91799259185791,4754700,0.0,0.0
2012-11-07,14.693240774185767,14.777523371193654,14.328017377936959,14.534041404724121,3729900,0.0,0.0
2012-11-08,14.543405579245963,14.665147010164903,14.384205315204968,14.412300109863281,2963900,0.0,0.0
2012-11-09,14.374841937238449,14.721336382810499,14.290559335568936,14.524677276611328,3254100,0.0,0.0
2012-11-12,14.543408529772012,14.721338693016524,14.468490848328809,14.683879852294922,2360200,0.0,0.0
2012-11-13,14.34674658443834,14.721335811420401,14.34674658443834,14.552770614624023,1907600,0.0,0.0
2012-11-14,14.56213512109552,14.683876549328716,14.225004737345438,14.262463569641113,5926800,0.0,0.0
2012-11-15,14.271826285727117,14.328014971993575,13.878508161128515,13.915966987609863,2523600,0.0,0.0
2012-11-16,13.962793065167864,14.131358258900761,13.747405000366067,14.075169563293457,2972600,0.0,0.0
2012-11-19,14.290560986008662,14.468490248791024,14.243737213774619,14.37484359741211,1894700,0.0,0.0
2012-11-20,14.318650245666504,14.48721541377347,14.168814937610927,14.318650245666504,3839300,0.0,0.0
2012-11-21,14.309284798314353,14.590226437306061,14.281190902341837,14.477849960327148,1728100,0.0,0.0
2012-11-23,14.524674455843996,15.011640107323661,14.524674455843996,14.91799259185791,1460100,0.0,0.0
2012-11-26,14.861804142991186,15.002275418449088,14.618321313335288,14.67451000213623,1881000,0.0,0.0
2012-11-27,14.627688582895772,14.777523919541256,14.53404194403687,14.571500778198242,1585400,0.0,0.0
2012-11-28,14.421663837669094,14.814982023522706,14.215640706480256,14.786888122558594,1928300,0.0,0.0
2012-11-29,14.768157807695243,14.908628192809187,14.524674973281403,14.758792877197266,3812200,0.0,0.0
2012-11-30,14.75879411392348,14.796252945965358,14.562135022431377,14.646417617797852,1993900,0.0,0.0
2012-12-03,14.777524010136133,14.796253873876172,14.524677101269042,14.580864906311035,1949100,0.0,0.0
2012-12-04,14.608959686409735,14.871171526868437,14.524677085847173,14.7775239944458,1882900,0.0,0.0
2012-12-05,14.777523303205637,14.871170831247776,14.552770307611327,14.73069953918457,1631000,0.0,0.0
2012-12-06,14.70260415605401,14.90862816112705,14.70260415605401,14.889898300170898,1751800,0.0,0.0
2012-12-07,14.946086197307288,14.983545024144094,14.768156993104684,14.833709716796875,2174000,0.0,0.0
2012-12-10,14.88989940242446,15.358135243923204,14.88989940242446,15.292582511901855,3001700,0.0,0.0
2012-12-11,15.386228983088905,15.573522235147259,15.33940433044092,15.545429229736328,3024700,0.0,0.0
2012-12-12,15.601617026736049,15.639076748854436,15.451781710618222,15.545429229736328,5054100,0.0,0.0
2012-12-13,15.517335501479897,15.582888233501242,15.208299917537845,15.292582511901855,2183700,0.0,0.0
2012-12-14,15.423687283273875,15.62034725668399,15.3300415481221,15.44241714477539,1815600,0.0,0.0
2012-12-17,15.536065322454268,15.62034791659386,15.245759601627888,15.423687934875488,2713600,0.0,0.0
2012-12-18,15.423691079628888,15.732726725757683,15.367503267472292,15.704633712768555,2267500,0.0,0.0
2012-12-19,15.704633597211615,15.779551274928602,15.610986053520797,15.629715919494629,2015500,0.0,0.0
2012-12-20,15.639078543675685,15.807641954020049,15.470513347153254,15.79827880859375,1464000,0.0,0.0
2012-12-21,15.507973396864593,15.685903549194336,15.348773110291308,15.685903549194336,2762600,0.0,0.0
2012-12-24,15.47987476321044,15.77954536178134,15.47987476321044,15.489239692687988,1087000,0.0,0.0
2012-12-26,15.5735204856306,15.817003293513872,15.489239692687988,15.489239692687988,1202700,0.0,0.0
2012-12-27,15.507970809936523,15.582888474286825,15.208300152535317,15.507970809936523,2040900,0.0,0.0
2012-12-28,15.386230318305175,15.573523586616828,15.311312653744912,15.37686538696289,1216800,0.0,0.0
2012-12-31,15.311310486149287,15.826369133812895,15.255122692228001,15.817004203796387,2124600,0.0,0.0
2013-01-02,16.18223089305031,16.378889083862305,16.08858337001596,16.378889083862305,3255700,0.0,0.0
2013-01-03,16.332059222155205,16.332059222155205,16.088576480994757,16.163494110107422,2177200,0.0,0.0
2013-01-04,16.172865246610264,16.266512765501467,16.041758005691438,16.200958251953125,1904500,0.0,0.0
2013-01-07,16.079219517639814,16.12604238920876,15.86383145053779,16.060489654541016,1696600,0.0,0.0
2013-01-08,16.013665080469735,16.051123016506914,15.826370041750234,15.873194694519043,1477900,0.0,0.0
2013-01-09,15.948112033530538,15.966840108085307,15.76081699856021,15.92001724243164,1377400,0.0,0.0
2013-01-10,16.03239400925211,16.05112208309268,15.770181327528729,15.882556915283203,1596100,0.0,0.0
2013-01-11,15.891920048083204,16.03239219615702,15.798274330937408,16.013662338256836,2303900,0.0,0.0
2013-01-14,15.966837900503918,15.994932687718421,15.648437456783233,15.770179748535156,2311200,0.0,0.0
2013-01-15,15.66717019278171,15.69526498515686,15.554794595636933,15.639077186584473,3046100,0.0,0.0
2013-01-16,15.629712388196877,15.760817848035723,15.564159658277456,15.713994979858398,2587500,0.0,0.0
2013-01-17,15.835740455568743,16.135411192341284,15.798282506561417,15.994940757751465,3121400,0.0,0.0
2013-01-18,16.023035224640616,16.191600457100787,15.920022741208632,16.041763305664062,2839900,0.0,0.0
2013-01-22,16.013671727653982,16.12604736858988,15.863836348953715,16.00430679321289,2450200,0.0,0.0
2013-01-23,15.985571380061526,16.069853974621054,15.779548252348226,15.948113441467285,2322100,0.0,0.0
2013-01-24,14.889904296506948,15.751458599491402,14.749433855122449,15.18021011352539,9240300,0.0,0.0
2013-01-25,15.133382488185015,15.564160397832758,15.058464823834713,15.507970809936523,3885400,0.0,0.0
2013-01-28,15.479880006142885,15.479880006142885,15.142749575477954,15.264490127563477,3106500,0.0,0.0
2013-01-29,15.198937208634895,15.264489950240845,14.889901579508098,15.24576187133789,2536500,0.0,0.0
2013-01-30,15.198939982024276,15.367505226157103,15.105292425708418,15.18021011352539,2278300,0.0,0.0
2013-01-31,15.170845391375225,15.236398138141206,15.058467978220412,15.13338565826416,1646800,0.0,0.0
2013-02-01,15.25512680255771,15.68590298231851,15.18957227477919,15.582890510559082,3096600,0.0,0.0
2013-02-04,15.479879370863694,15.629714714748285,15.217666625976564,15.217666625976562,2306900,0.0,0.0
2013-02-05,15.404958000136606,15.901286787767196,15.311310486149287,15.817004203796387,4011100,0.0,0.0
2013-02-06,15.723359063272843,15.976205038451607,15.582886893956182,15.92001724243164,4993300,0.0,0.0
2013-02-07,15.929382491663747,15.957477283325032,15.779547175159294,15.873194694519043,4566100,0.0,0.0
2013-02-08,15.920017812282259,16.191595444092464,15.85446508354956,16.08858299255371,2905600,0.0,0.0
2013-02-11,16.04176246655332,16.14477494459694,15.891927109132617,16.116680145263672,2256500,0.0,0.0
2013-02-12,16.07921772771906,16.266512765501467,16.051122936198343,16.200958251953125,2847900,0.0,0.0
2013-02-13,16.191600722330204,16.378894038881818,16.16350592106715,16.32270622253418,2539500,0.0,0.0
2013-02-14,16.20095361906307,16.53808387619313,16.20095361906307,16.528718948364258,2172700,0.0,0.0
2013-02-15,16.500634526461678,16.519362605675088,16.097951351431746,16.191598892211914,2392600,0.0,0.0
2013-02-19,16.210322970649067,16.416347866753277,16.13540531375058,16.313335418701172,2236700,0.0,0.0
2013-02-20,16.313340794398613,16.341435594810246,15.873199638353546,15.891927719116211,2006300,0.0,0.0
2013-02-21,15.779544380853702,15.798274238644465,15.479873800911674,15.620344161987305,2656000,0.0,0.0
2013-02-22,15.713993545970322,15.920016647800212,15.592251241933479,15.817004203796387,1667100,0.0,0.0
2013-02-25,15.929382706141732,16.060488163303905,15.292581709334794,15.301946640014648,2599600,0.0,0.0
2013-02-26,15.395599793707957,15.536070232946498,15.245764420363038,15.498610496520996,2300300,0.0,0.0
2013-02-27,15.433049932471176,15.78891010367959,15.395592001183662,15.742085456848145,2986800,0.0,0.0
2013-02-28,15.71399372285371,15.920016827002684,15.648439212000243,15.695263862609863,1922700,0.0,0.0
2013-03-01,15.582893197487026,15.714000489472395,15.376870004622235,15.564165115356445,2108400,0.0,0.0
2013-03-04,15.564162846292527,15.704633265775048,15.404962561231462,15.676538467407227,2665200,0.0,0.0
2013-03-05,15.798273690106505,16.369520043469947,15.788908761536286,16.097944259643555,5110300,0.0,0.0
2013-03-06,16.154138773643965,16.294609188353046,16.023033291405916,16.032398223876953,2015200,0.0,0.0
2013-03-07,16.060489654541016,16.107314312288015,15.95747897985373,16.060489654541016,1938100,0.0,0.0
2013-03-08,16.135405114345424,16.154134974883036,15.948111867502742,15.976204872131348,1650600,0.0,0.0
2013-03-11,15.90128981482248,15.948114473818816,15.723361469170715,15.826372146606445,3569800,0.0,0.0
2013-03-12,15.807641954020049,15.873196475250602,15.676536483915077,15.79827880859375,2513200,0.0,0.0
2013-03-13,15.817005760865468,15.901288353133287,15.601617707815684,15.85446548461914,1946100,0.0,0.0
2013-03-14,15.910652312065341,16.004299829550504,15.854464516045375,15.92001724243164,2543400,0.0,0.0
2013-03-15,15.854462170378065,15.938744745027325,15.601614446430286,15.760814666748047,2651600,0.0,0.0
2013-03-18,15.554794176386064,15.667169770501964,15.442416796092303,15.479876518249512,1774900,0.0,0.0
2013-03-19,15.49860850560566,15.582891115557745,15.152114919072254,15.358138084411621,2642300,0.0,0.0
2013-03-20,15.49860829507795,15.685903378244726,15.311314998089465,15.404962539672852,3458800,0.0,0.0
2013-03-21,15.292583891830787,15.376866493800055,14.824348008080698,14.927359580993652,4997700,0.0,0.0
2013-03-22,15.011643281542316,15.07719602037616,14.740065607884201,14.805619239807129,2978700,0.0,0.0
2013-03-25,14.889898300170897,14.974180888295727,14.721334017010161,14.889898300170898,2209500,0.0,0.0
2013-03-26,14.974181627771618,15.039734358177514,14.83371123601928,15.002276420593262,2084400,0.0,0.0
2013-03-27,14.843076795797117,14.861805765382709,14.459122648768899,14.85244083404541,2054000,0.0,0.0
2013-03-28,14.852441866830741,15.217666176580744,14.852441866830741,15.189571380615234,2125900,0.0,0.0
2013-04-01,15.217662915146345,15.217662915146345,14.80561581994149,14.833709716796875,1702300,0.0,0.0
2013-04-02,14.889897042583161,14.9273558682428,14.384202449633628,14.477849960327148,3211900,0.0,0.0
2013-04-03,14.534043467473133,14.552772439972435,14.150089260712267,14.281195640563965,2147700,0.0,0.0
2013-04-04,14.262466186814732,14.440396342686267,14.168819535435818,14.37484359741211,2402000,0.0,0.0
2013-04-05,14.131359229669206,14.374842105545476,13.915970256982021,14.337383270263672,2436800,0.0,0.0
2013-04-08,14.328017208131634,14.627687866751284,14.15008708475946,14.590229034423828,2311500,0.0,0.0
2013-04-09,14.637052798105401,14.740064363733653,14.39356994143243,14.590229034423828,1916500,0.0,0.0
2013-04-10,14.60895850598239,15.00227668143423,14.60895850598239,14.955452919006348,1934600,0.0,0.0
2013-04-11,14.899267914184302,15.030373409734237,14.777526458967072,14.880538940429688,1398700,0.0,0.0
2013-04-12,14.768159600560553,14.843077267461574,14.234370107529484,14.487217903137207,3195900,0.0,0.0
2013-04-15,14.374841812067752,14.374841812067752,13.972158671192748,13.990887641906738,2561600,0.0,0.0
2013-04-16,14.140723840913607,14.421664652608147,14.00961747385751,14.38420581817627,2563900,0.0,0.0
2013-04-17,14.196909484470925,14.196909484470925,13.447732016810125,13.513285636901855,5028000,0.0,0.0
2013-04-18,13.588205353285385,13.738040690903269,13.213616116151618,13.391546249389648,4686900,0.0,0.0
2013-04-19,13.475827998962618,13.541380731757984,13.1574274800897,13.532015800476074,3317100,0.0,0.0
2013-04-22,13.588203263454849,13.747403508461527,13.29789667165181,13.644391059875488,2806700,0.0,0.0
2013-04-23,13.812956294616384,14.000250438637465,13.663120979399519,13.906603813171387,2443400,0.0,0.0
2013-04-24,13.897239685058596,14.028345146898294,13.812957092110802,13.897239685058594,2772000,0.0,0.0
2013-04-25,14.440392614735082,15.582887360998418,14.440392614735082,15.03973388671875,6678900,0.0,0.0
2013-04-26,15.27385500154473,15.536067756185636,14.833713885783675,15.320679664611816,7032000,0.0,0.0
2013-04-29,15.330042516429481,15.517335784741134,15.227030057842361,15.37686538696289,2728900,0.0,0.0
2013-04-30,15.320679782579804,15.507973077755514,15.170844431967925,15.395597457885742,2586500,0.0,0.0
2013-05-01,15.283221354981116,15.348774103190966,15.049103376415404,15.086563110351562,2535600,0.0,0.0
2013-05-02,15.114648971704694,15.198931546996382,14.917990820142478,15.124013900756836,2873800,0.0,0.0
2013-05-03,15.32067618265001,15.61098188297453,15.245758524947624,15.348769187927246,2720400,0.0,0.0
2013-05-06,15.358132466179972,15.610980203540793,15.292579746014795,15.489239692687988,1775000,0.0,0.0
2013-05-07,15.536069573839047,15.56416437496627,15.367504339432646,15.517339706420898,1277400,0.0,0.0
2013-05-08,15.470513170703473,15.58288877631801,15.348770847413338,15.526700973510742,1670800,0.0,0.0
2013-05-09,15.470514892438109,15.704632847398088,15.470514892438109,15.582890510559082,1784200,0.0,0.0
2013-05-10,15.601621926243016,15.901292652586758,15.498609444245446,15.891927719116211,2499000,0.0,0.0
2013-05-13,15.798280386617728,15.826373398058848,15.479879824977898,15.582890510559082,2038200,0.0,0.0
2013-05-14,15.573526436165373,15.723363578880202,15.479880677963829,15.704633712768555,1236800,0.0,0.0
2013-05-15,15.667172090569142,16.566185907515766,15.657807158643037,16.369525909423828,5627900,0.0,0.0
2013-05-16,16.34143424298887,16.631740011846947,16.16350409412438,16.191598892211914,2564900,0.0,0.0
2013-05-17,16.285242590077022,16.613008048323493,16.285242590077022,16.58491325378418,1745000,0.0,0.0
2013-05-20,16.55682006614689,16.669195670731256,16.472537469619603,16.566184997558594,1786500,0.0,0.0
2013-05-21,16.622371219787173,16.744111744211015,16.54745356179299,16.594276428222656,1995100,0.0,0.0
2013-05-22,16.584913240755036,16.64110282978952,16.060489579679498,16.182231903076172,7249700,0.0,0.0
2013-05-23,15.976204720524175,16.079217166325684,15.807639549640902,15.966839790344238,3208100,0.0,0.0
2013-05-24,15.863830014251072,16.13540585988338,15.845100152848046,16.08858299255371,1515700,0.0,0.0
2013-05-28,16.35079854377917,16.472540891241184,16.266517715923378,16.4069881439209,1607600,0.0,0.0
2013-05-29,16.266512401901583,16.416347714307143,16.200957889818557,16.303970336914062,1148400,0.0,0.0
2013-05-30,16.360158166482346,16.940771342892514,16.360158166482346,16.697288513183594,3353300,0.0,0.0
2013-05-31,16.650469069335056,17.099975099855282,16.594279475886385,16.800304412841797,2862900,0.0,0.0
2013-06-03,17.28726378158779,17.39027622262754,16.519357404107453,16.88458251953125,3992000,0.0,0.0
2013-06-04,16.875222018670083,17.13743297569343,16.556821468417578,16.66919708251953,2553900,0.0,0.0
2013-06-05,16.59427691702548,16.70665430041588,16.406983659612028,16.49126625061035,2078500,0.0,0.0
2013-06-06,16.519364472840145,16.60364709045084,16.116681252295386,16.32270622253418,2818500,0.0,0.0
2013-06-07,16.43507439512138,16.762839783032547,16.332063742938423,16.72538185119629,2343300,0.0,0.0
2013-06-10,16.734750747680664,16.79093855184323,16.56618554901488,16.734750747680664,1649900,0.0,0.0
2013-06-11,16.500632186812165,16.66919559290168,16.369524933838516,16.435077667236328,1791800,0.0,0.0
2013-06-12,16.584919983233743,16.622379724485718,16.051131173644496,16.10732078552246,1621900,0.0,0.0
2013-06-13,16.06048450052994,16.50062721121413,15.948108930355989,16.481897354125977,1671600,0.0,0.0
2013-06-14,16.45380083230951,16.491260542533116,16.163495222785745,16.238412857055664,1013700,0.0,0.0
2013-06-17,16.39761527158339,16.64109806244571,16.360155556291865,16.51935577392578,1769400,0.0,0.0
2013-06-18,16.641100566414227,16.725383152324536,16.603640845486176,16.687923431396484,926300,0.0,0.0
2013-06-19,16.67855646610455,16.762839041730988,16.369520950866796,16.416345596313477,1573900,0.0,0.0
2013-06-20,16.126044367039018,16.172869030528975,15.817008732718387,15.929386138916016,2901200,0.0,0.0
2013-06-21,16.05112286348806,16.05112286348806,15.667169645333475,15.863829612731934,2494700,0.0,0.0
2013-06-24,15.629713130867021,15.648441207321087,15.236394946483435,15.507970809936523,2209000,0.0,0.0
2013-06-25,15.704633112699035,15.948116004311998,15.564162694585708,15.929386138916016,1760100,0.0,0.0
2013-06-26,16.116676782456558,16.200959376692108,15.901288724378142,16.144771575927734,1949900,0.0,0.0
2013-06-27,16.27588155376242,16.416353773899225,16.21032880366043,16.32270622253418,1688400,0.0,0.0
2013-06-28,16.25714962702144,16.556820291563728,16.069854568593488,16.453807830810547,2832600,0.0,0.0
2013-07-01,16.575547957010283,16.594276031427615,16.1166753033182,16.303970336914062,2462500,0.0,0.0
2013-07-02,16.303970886957387,16.425713198755236,15.891922870852008,16.0792179107666,2830200,0.0,0.0
2013-07-03,15.976199144237176,16.229046812308855,15.910646442035741,16.163494110107422,883900,0.0,0.0
2013-07-05,16.27587755521402,16.472537543384355,16.210324821216588,16.444442749023438,1232700,0.0,0.0
2013-07-08,16.519361096565948,16.57555068760787,16.266515081589738,16.36016082763672,1896000,0.0,0.0
2013-07-09,16.425715500980456,16.594278917115954,16.35079604557162,16.369525909423828,2396700,0.0,0.0
2013-07-10,16.397617574454564,17.2498065690648,16.37888771417839,17.193618774414062,5154900,0.0,0.0
2013-07-11,17.36219232701594,17.540120727010112,17.174897206183637,17.38092041015625,3504800,0.0,0.0
2013-07-12,17.371543852054742,17.409003565628062,17.2310734985097,17.362180709838867,1365800,0.0,0.0
2013-07-15,17.390278528246192,17.390278528246192,16.725384503653363,16.912677764892578,4028500,0.0,0.0
2013-07-16,16.922041757307444,17.053147211520983,16.82839423879298,16.847124099731445,2205900,0.0,0.0
2013-07-17,16.92204765351198,16.95014245470884,16.603647051328153,16.856494903564453,2569300,0.0,0.0
2013-07-18,16.856492154260362,16.884586950874944,16.631739139878274,16.66919708251953,2152400,0.0,0.0
2013-07-19,16.631739884018533,16.716022491455078,16.341434117391696,16.716022491455078,2392100,0.0,0.0
2013-07-22,16.69729104959922,16.781573649077547,16.538090782382163,16.74411392211914,2061000,0.0,0.0
2013-07-23,16.82839611459076,16.903313780517546,16.538090382396707,16.58491325378418,1396200,0.0,0.0
2013-07-24,16.706657687235428,16.706657687235428,16.0885864187359,16.191598892211914,2745200,0.0,0.0
2013-07-25,15.545432566578173,16.060491353018826,14.562136977128441,15.582890510559082,11094900,0.0,0.0
2013-07-26,15.526701123709707,15.648441661999465,15.526701123709707,15.536066055297852,3076200,0.0,0.0
2013-07-29,15.47051549307384,15.592256048461122,15.180207931604071,15.358138084411621,3266500,0.0,0.0
2013-07-30,15.479876652736014,15.639076900931528,15.404958993948588,15.554794311523438,1924600,0.0,0.0
2013-07-31,15.564159458357345,15.573522602930199,15.35813455419647,15.44241714477539,2919200,0.0,0.0
2013-08-01,15.592254210159078,15.835737078405712,15.536066405541579,15.826372146606445,2829000,0.0,0.0
2013-08-02,15.610982109069537,15.610982109069537,15.367499271465935,15.554794311523438,2236200,0.0,0.0
2013-08-05,15.498605597868682,15.573523260861876,15.376865065321484,15.423687934875488,2166300,0.0,0.0
2013-08-06,15.414325268212174,15.545432537344416,15.227031976303351,15.311314582824707,3009700,0.0,0.0
2013-08-07,15.236399719022046,15.301952472589575,15.077199409138661,15.18021011352539,1897000,0.0,0.0
2013-08-08,15.311315818184955,15.376868564950936,15.124020724986392,15.13338565826416,1230800,0.0,0.0
2013-08-09,15.06782846501688,15.161475983980996,15.021005598623752,15.152111053466797,1711600,0.0,0.0
2013-08-12,15.086558707136097,15.489241798529182,15.039734053382306,15.44241714477539,2199100,0.0,0.0
2013-08-13,15.433057089217698,15.536069573839047,15.320681457065744,15.517339706420898,1891700,0.0,0.0
2013-08-14,15.479876716283822,15.61098217315556,15.395594126529737,15.433052062988281,1344600,0.0,0.0
2013-08-15,15.255123335498823,15.255123335498823,14.94608688354492,14.946086883544922,1887500,0.0,0.0
2013-08-16,14.936726002380725,15.142750061838775,14.917997029569538,14.96481990814209,1915200,0.0,0.0
2013-08-19,14.974180627504161,15.002275418449088,14.646416104280213,14.67451000213623,1946300,0.0,0.0
2013-08-20,14.693240706585518,14.805618097471688,14.618323041387415,14.73069953918457,2345900,0.0,0.0
2013-08-21,14.693239791658499,14.78688731386934,14.524675502003532,14.599593162536621,1449800,0.0,0.0
2013-08-22,14.646419053749739,14.84307816452253,14.627689189348,14.814983367919922,1065000,0.0,0.0
2013-08-23,14.889898300170897,14.955451920428501,14.796251674656917,14.889898300170898,1125000,0.0,0.0
2013-08-26,14.86180443340823,14.936722091214191,14.758792877197266,14.758792877197266,1608000,0.0,0.0
2013-08-27,14.580865495593006,14.608960292338507,14.328018576507171,14.356112480163574,2049300,0.0,0.0
2013-08-28,14.346744142654703,14.468485553722081,14.25309752166441,14.318650245666504,2088700,0.0,0.0
2013-08-29,14.29055756569207,14.543404446296606,14.281192634868841,14.468486785888672,1642700,0.0,0.0
2013-08-30,14.524678954089712,14.524678954089712,14.253102146839263,14.37484359741211,1489300,0.0,0.0
2013-09-03,14.580863276500573,14.721334559582166,14.309286534249575,14.468486785888672,1369200,0.0,0.0
2013-09-04,14.49658162778164,14.899264748471914,14.328017327448867,14.86180591583252,1547100,0.0,0.0
2013-09-05,14.852440204811405,15.058464220058609,14.796252405346058,15.002276420593262,1602500,0.0,0.0
2013-09-06,15.030370761759071,15.058465557075207,14.768159816854208,14.89926528930664,1761700,0.0,0.0
2013-09-09,14.96482043162113,15.189573471752373,14.936726524877022,15.13338565826416,1662700,0.0,0.0
2013-09-10,15.217659766655656,15.395589827133914,15.170836912613824,15.330037117004395,1875500,0.0,0.0
2013-09-11,15.245754550787188,15.376859971046226,15.095919274440462,15.330037117004395,2254500,0.0,0.0
2013-09-12,15.330038111326994,15.330038111326994,15.124013253354212,15.142743110656738,2160600,0.0,0.0
2013-09-13,15.170842999346997,15.236395735777098,14.983547935679757,15.095925331115723,1540700,0.0,0.0
2013-09-16,15.255129587520932,15.283222604090689,15.114657359957862,15.18021011352539,1641600,0.0,0.0
2013-09-17,15.264486327427317,15.311310979017135,15.1521107359674,15.198933601379395,1620100,0.0,0.0
2013-09-18,15.217667073716093,15.283219815322044,15.086561590504195,15.24576187133789,1801500,0.0,0.0
2013-09-19,15.311314582824707,15.40496212186824,15.217667043781175,15.311314582824707,2452800,0.0,0.0
2013-09-20,15.339407594212997,15.395597189346061,15.23639690882553,15.311314582824707,3682700,0.0,0.0
2013-09-23,15.311314612943843,15.367502422009192,15.086561590504195,15.24576187133789,2147700,0.0,0.0
2013-09-24,15.320682107035497,15.629717787831709,15.198939749831162,15.498610496520996,4335600,0.0,0.0
2013-09-25,15.442417597061587,15.582887990081328,15.217664610994408,15.470512390136719,3190400,0.0,0.0
2013-09-26,15.479878328202638,15.564160926733065,15.348771071500822,15.414323806762695,2894900,0.0,0.0
2013-09-27,15.35813745858409,15.685902952132965,15.283219784588198,15.648443222045898,2694400,0.0,0.0
2013-09-30,15.470512390136717,15.54543005215911,15.24575940406954,15.470512390136719,2217200,0.0,0.0
2013-10-01,15.442416796092303,15.64843990942336,15.330041201976403,15.479876518249512,2006800,0.0,0.0
2013-10-02,15.348769524456376,15.489241698633894,15.189569275076028,15.236393928527832,2394300,0.0,0.0
2013-10-03,15.124018293301422,15.152113088617558,14.786888787309248,14.89926528930664,3080500,0.0,0.0
2013-10-04,14.917993809575323,15.086558993937656,14.768158487070568,15.067829132080078,2818000,0.0,0.0
2013-10-07,14.843075701665814,15.133381407010667,14.749428181373895,15.03973388671875,3270800,0.0,0.0
2013-10-08,15.049099835571838,15.133382430919246,14.79625294261861,14.843076705932617,3108900,0.0,0.0
2013-10-09,14.899263816520818,15.13338172914519,14.75879342618178,14.992911338806152,2647100,0.0,0.0
2013-10-10,15.198937590953742,15.46115035015157,15.198937590953742,15.404962539672852,1868700,0.0,0.0
2013-10-11,15.245762276170396,15.71399819856432,15.198937612224027,15.676538467407227,2449100,0.0,0.0
2013-10-14,15.536064339295091,15.957477283325032,15.52669940874133,15.873194694519043,2217700,0.0,0.0
2013-10-15,15.648441510622831,15.817006705222681,15.507971110515637,15.526700973510742,1915600,0.0,0.0
2013-10-16,15.620347457325828,15.760817848035723,15.573522802970578,15.713994979858398,1143200,0.0,0.0
2013-10-17,15.601621495941245,15.826374534500232,15.49860901678482,15.78891658782959,1264500,0.0,0.0
2013-10-18,15.863829446411675,15.957476963896838,15.732722207461313,15.92001724243164,1838900,0.0,0.0
2013-10-21,15.929387452998391,15.985575267643238,15.79828195676761,15.891927719116211,965800,0.0,0.0
2013-10-22,15.929387299817744,15.985575113922275,15.545433962109707,15.610986709594727,2399600,0.0,0.0
2013-10-23,15.55479440983703,15.55479440983703,15.049098870192266,15.301946640014648,3396200,0.0,0.0
2013-10-24,15.152110418782765,16.1822295118832,15.077192763985158,15.695263862609863,7405800,0.0,0.0
2013-10-25,15.592259683545393,16.247790850181858,15.592259683545393,16.219696044921875,4871400,0.0,0.0
2013-10-28,16.247785801430908,16.247785801430908,16.041760865900912,16.135408401489258,2853200,0.0,0.0
2013-10-29,16.21032780519086,16.669198813819257,16.191599725014186,16.650470733642578,3404900,0.0,0.0
2013-10-30,16.650467516343745,16.762843120403424,16.313337131808677,16.435077667236328,2258200,0.0,0.0
2013-10-31,16.44444181413297,16.61300699835921,16.30397142267041,16.378889083862305,3980700,0.0,0.0
2013-11-01,16.444443578654536,16.556820975589662,16.172867697510018,16.369525909423828,2367400,0.0,0.0
2013-11-04,16.378887993116845,16.38825292341442,16.163499954806074,16.303970336914062,1273300,0.0,0.0
2013-11-05,16.238425915095196,16.332073479783084,16.051130785719426,16.219696044921875,1637600,0.0,0.0
2013-11-06,16.33206931029303,16.33206931029303,16.107316284127588,16.191598892211914,1082900,0.0,0.0
2013-11-07,16.2009581785641,16.266512691815485,15.835734821338484,15.863829612731934,1605300,0.0,0.0
2013-11-08,15.901281515124513,16.163494110107422,15.82636388601185,16.163494110107422,1188200,0.0,0.0
2013-11-11,16.079213635077764,16.12603648951662,15.910648501214043,16.051118850708008,1076300,0.0,0.0
2013-11-12,16.004300402417982,16.097947923255223,15.910652881580745,16.08858299255371,1345300,0.0,0.0
2013-11-13,16.023031965699026,16.28524290848042,15.985572238914205,16.210325241088867,1334900,0.0,0.0
2013-11-14,16.17286561764676,16.21968848507764,15.788912388944276,15.957477569580078,2408000,0.0,0.0
2013-11-15,15.994932480356653,16.03239219615702,15.826367331610124,16.013662338256836,1766900,0.0,0.0
2013-11-18,16.03238966321262,16.11667043809287,15.84509468615649,15.91064739227295,1487100,0.0,0.0
2013-11-19,15.929382450560492,15.985570247560211,15.526699368677136,15.545429229736328,1513800,0.0,0.0
2013-11-20,15.601615274063246,15.723357571093711,15.414320256867601,15.489239692687988,1078400,0.0,0.0
2013-11-21,15.53606837580381,15.704633597211615,15.461150698086822,15.629715919494629,1267700,0.0,0.0
2013-11-22,15.657802385854733,15.891920254109497,15.573519810388811,15.770179748535156,1628200,0.0,0.0
2013-11-25,15.788917023297065,15.966845400702148,15.573527125831381,15.891927719116211,4191200,0.0,0.0
2013-11-26,15.91065199544241,16.144769891407446,15.91065199544241,15.966839790344238,2380300,0.0,0.0
2013-11-27,15.957483907186035,16.069859548121933,15.873201283394808,16.00430679321289,1567800,0.0,0.0
2013-11-29,16.09794876820023,16.13540670679447,15.920018647888112,15.948113441467285,615200,0.0,0.0
2013-12-02,15.948113007825375,15.985570945401106,15.732723168597651,15.85446548461914,2441900,0.0,0.0
2013-12-03,15.80764052876492,16.0417584392312,15.779547522662828,15.835735321044922,1687200,0.0,0.0
2013-12-04,15.742091984030544,15.89192734366249,15.5922566243986,15.73272705078125,2872500,0.0,0.0
2013-12-05,15.70463591495336,15.901294178167053,15.685906046215317,15.723365783691406,1676600,0.0,0.0
2013-12-06,15.873191976360582,16.144767771202996,15.854462118460399,16.013662338256836,1440300,0.0,0.0
2013-12-09,16.06049123511183,16.23842137970506,16.004303426463842,16.032398223876953,2031500,0.0,0.0
2013-12-10,15.96684151767541,16.116676844408353,15.863830846907756,15.948113441467285,1078700,0.0,0.0
2013-12-11,15.985567758646921,16.013662545861422,15.760814819463656,15.770179748535156,1551800,0.0,0.0
2013-12-12,15.582890633074463,15.610985430914715,15.180207461588816,15.320679664611816,5143400,0.0,0.0
2013-12-13,15.339404257442217,15.451781637084725,15.245758524947624,15.348769187927246,2592800,0.0,0.0
2013-12-16,15.386232674120517,15.554797891734957,15.29258513253713,15.404962539672852,3134000,0.0,0.0
2013-12-17,15.451786198015949,15.779551717027722,15.404963317947859,15.73272705078125,2031700,0.0,0.0
2013-12-18,15.704633597211615,15.83573908667176,15.489245497047568,15.629715919494629,4055100,0.0,0.0
2013-12-19,15.610987257333173,15.742092756903276,15.470516824053995,15.517339706420898,3890500,0.0,0.0
2013-12-20,15.461148342483275,15.770183939254617,15.414323684682733,15.667171478271484,24930800,0.0,0.0
2013-12-23,15.826378084668958,16.135413805282667,15.714002433270576,16.10732078552246,2949300,0.0,0.0
2013-12-24,16.144775292272655,16.388258199869263,16.07922254526172,16.266517639160156,1463200,0.0,0.0
2013-12-26,16.29460957950965,16.378892187593976,16.18223395951607,16.191598892211914,1231300,0.0,0.0
2013-12-27,16.154138656136933,16.435079483511505,16.079220983091833,16.29460906982422,1621600,0.0,0.0
2013-12-30,16.294607269072724,16.49126725544419,16.294607269072724,16.435077667236328,1299200,0.0,0.0
2013-12-31,16.47254034795047,16.55682295920489,16.369527870599885,16.500635147094727,1180100,0.0,0.0
2014-01-02,16.33206617827127,16.538089299535695,16.266513448149766,16.509994506835938,2665800,0.0,0.0
2014-01-03,16.472537543384355,16.57555000319634,16.388254946479645,16.444442749023438,1947600,0.0,0.0
2014-01-06,16.472535935788716,16.547453593928388,16.257147891909394,16.463171005249023,2276700,0.0,0.0
2014-01-07,16.500632741205713,16.68792601632392,16.388255347192324,16.6036434173584,1695200,0.0,0.0
2014-01-08,16.650467357239947,16.931408150882625,16.47253723530465,16.81903076171875,3197700,0.0,0.0
2014-01-09,16.828401712710434,17.081249589142242,16.716026069526503,16.837766647338867,4228000,0.0,0.0
2014-01-10,16.89395394439197,16.996964638857893,16.678564049755806,16.940776824951172,2151100,0.0,0.0
2014-01-13,16.912677846915805,17.437103267756047,16.912677846915805,17.043785095214844,5474200,0.0,0.0
2014-01-14,17.390275868755452,17.79295890879557,17.32472314803779,17.774229049682617,5330500,0.0,0.0
2014-01-15,18.083265650429272,18.542136508784672,18.05517264627509,18.49531364440918,7453400,0.0,0.0
2014-01-16,18.495316272009013,18.691974473738338,18.18628067916434,18.27992820739746,5855500,0.0,0.0
2014-01-17,18.130092428666142,18.43912801387395,18.11136256624676,18.251832962036133,3268900,0.0,0.0
2014-01-21,18.308016654825146,18.411029088837914,17.9146985631681,17.970888137817383,5233400,0.0,0.0
2014-01-22,17.92407058519093,18.476589117975116,17.914705652376824,18.336118698120117,6336600,0.0,0.0
2014-01-23,18.289295285545556,18.888636678700404,18.251835555384258,18.429765701293945,8111800,0.0,0.0
2014-01-24,18.392302671373688,18.392302671373688,17.895973839030418,17.94279670715332,4651600,0.0,0.0
2014-01-27,17.9802569947845,17.9802569947845,17.59630374835955,17.71804428100586,3793800,0.0,0.0
2014-01-28,17.792958057116493,18.130088360301848,17.69931055221194,17.970888137817383,3909000,0.0,0.0
2014-01-29,17.68995222559425,18.017717722004594,17.58694153931199,17.643129348754883,4115300,0.0,0.0
2014-01-30,17.811688415223887,17.924063995321134,17.61502847078724,17.877241134643555,2839800,0.0,0.0
2014-01-31,17.74613944878869,17.839785189948216,17.586939188168273,17.615032196044922,2501200,0.0,0.0
2014-02-03,17.577578871264866,17.633766687946554,17.043790147342623,17.137435913085938,4257000,0.0,0.0
2014-02-04,17.249809114869816,17.268538977910225,17.099973782902623,17.24044418334961,2224900,0.0,0.0
2014-02-05,17.20298285225541,17.62439397052439,16.987593042106162,17.530746459960938,3680400,0.0,0.0
2014-02-06,17.58694198472816,17.839788026714018,17.54011732052463,17.67122459411621,3042300,0.0,0.0
2014-02-07,17.72741121450628,17.89597642196247,17.596305735897324,17.858516693115234,2609500,0.0,0.0
2014-02-10,17.802328409393276,17.858516214981606,17.661858002333386,17.82105827331543,1900100,0.0,0.0
2014-02-11,17.858512644367764,18.270560637380015,17.821054710190893,18.10199546813965,4711400,0.0,0.0
2014-02-12,18.233105297251132,18.308022969780485,17.96152940414907,18.008352279663086,2945900,0.0,0.0
2014-02-13,17.877248987189628,18.03644928407051,17.624401141641442,18.027084350585938,5908800,0.0,0.0
2014-02-14,18.045813063316693,18.64515447856712,17.98026031929597,18.607696533203125,5135900,0.0,0.0
2014-02-18,18.691974686228903,18.70133961777648,18.485951550716393,18.560869216918945,3212800,0.0,0.0
2014-02-19,18.50467989298578,18.96355078403592,18.49531496220787,18.851173400878906,4744500,0.0,0.0
2014-02-20,18.869905814445147,19.18830635924369,18.813718008356624,19.16021156311035,4977700,0.0,0.0
2014-02-21,19.1976701024085,19.235129828266466,18.888634508792464,18.944822311401367,3753300,0.0,0.0
2014-02-24,18.95418676155699,19.11338702005464,18.841811159192766,18.907363891601562,5540600,0.0,0.0
2014-02-25,18.869905673930184,18.8886355378796,18.570234995452033,18.748165130615234,3182000,0.0,0.0
2014-02-26,18.804353863339966,19.132119353901086,18.691976460281385,18.813718795776367,3966900,0.0,0.0
2014-02-27,18.823079095934375,18.991644265949976,18.78561937540745,18.88863182067871,2685800,0.0,0.0
2014-02-28,18.86990728778044,19.216402655766178,18.776259746202268,18.991649627685547,3559300,0.0,0.0
2014-03-03,18.748165813894452,18.851176497014215,18.504682932212656,18.663883209228516,2527800,0.0,0.0
2014-03-04,18.86053547707557,18.879265335796585,18.673242248398314,18.78561782836914,2650300,0.0,0.0
2014-03-05,18.794988387951793,18.823083184449388,18.626423181322565,18.645153045654297,2565200,0.0,0.0
2014-03-06,18.68261582776357,18.710708842674453,18.448497843887726,18.58896827697754,3237600,0.0,0.0
2014-03-07,18.64515164924982,18.95418724286586,18.64515164924982,18.944822311401367,3086400,0.0,0.0
2014-03-10,18.963551925844612,18.98228178852817,18.401668548583984,18.401668548583984,2387200,0.0,0.0
2014-03-11,18.35484138493555,18.56086446773274,18.176911303414855,18.364206314086914,2797600,0.0,0.0
2014-03-12,18.27992482832071,18.467218063987428,18.083264876766293,18.439125061035156,2694400,0.0,0.0
2014-03-13,18.382942892107568,18.54214318898845,17.858519120220482,18.027084350585938,3558700,0.0,0.0
2014-03-14,18.02708289042055,18.176918241680433,17.961530147516637,18.055177688598633,1629000,0.0,0.0
2014-03-17,18.14882704073574,18.279934338708294,18.13009895774992,18.176921844482422,2026800,0.0,0.0
2014-03-18,18.186281180024288,18.607694175590254,18.13945830770722,18.579599380493164,1713400,0.0,0.0
2014-03-19,18.570231478917147,18.607691199722456,18.26119592698452,18.373573303222656,1611200,0.0,0.0
2014-03-20,18.392307273184933,18.972920628540912,18.298661513508677,18.926095962524414,2120100,0.0,0.0
2014-03-21,19.075930400682218,19.13211820575047,18.804352734859112,18.869905471801758,2728900,0.0,0.0
2014-03-24,18.88863444812436,19.029104847284472,18.551504061197672,18.673246383666992,1312200,0.0,0.0
2014-03-25,18.785620671611447,19.1602089718383,18.579597553031153,18.851173400878906,2813400,0.0,0.0
2014-03-26,18.916729856243663,19.11338806421344,18.44849398639781,18.457857131958008,1721400,0.0,0.0
2014-03-27,18.411029727977887,18.457852588966826,17.924064114511246,18.14881706237793,3075100,0.0,0.0
2014-03-28,18.120727945254565,18.457856546244553,18.11136301381345,18.27992820739746,1806700,0.0,0.0
2014-03-31,18.411034804260012,18.710705484040652,18.345482066330266,18.626422882080078,1307900,0.0,0.0
2014-04-01,18.70133729981444,18.813714678278536,18.47658432906408,18.794984817504883,2162500,0.0,0.0
2014-04-02,18.813714588987622,19.253855598012578,18.710702141399256,19.047832489013672,2734800,0.0,0.0
2014-04-03,19.057197873244146,19.403691373275603,18.97291528433317,19.075927734375,2227900,0.0,0.0
2014-04-04,19.188304688210202,19.263222351863334,18.392303395534448,18.51404571533203,3379700,0.0,0.0
2014-04-07,18.439131086855088,18.551506707743396,18.008353110307816,18.195648193359375,1918300,0.0,0.0
2014-04-08,18.15818878698529,18.429766483648617,18.045813164087463,18.22374153137207,1726700,0.0,0.0
2014-04-09,18.29865909652712,18.51404717321833,18.03644636000426,18.485952377319336,1341600,0.0,0.0
2014-04-10,18.50469198299916,18.65452740098465,17.802337791375006,17.811702728271484,2518900,0.0,0.0
2014-04-11,17.93343381449644,18.07390422100806,17.605668341850567,17.689950942993164,1821400,0.0,0.0
2014-04-14,17.792961411979398,17.867879072793247,17.296630792726447,17.418373107910156,2677700,0.0,0.0
2014-04-15,17.474562918629186,17.680586063039954,17.137432513067807,17.55884552001953,3776200,0.0,0.0
2014-04-16,17.54011435228383,17.62439694740909,17.053148644044107,17.596303939819336,3396500,0.0,0.0
2014-04-17,17.699312306076155,17.998982922523677,17.54011206781619,17.830419540405273,2207500,0.0,0.0
2014-04-21,17.914704020569935,17.914704020569935,17.59630526478398,17.82105827331543,1371600,0.0,0.0
2014-04-22,17.839781535789037,18.279924288266734,17.72740595494452,18.14881706237793,1673200,0.0,0.0
2014-04-23,18.214374649667473,18.223737794507066,17.87724427774756,17.96152687072754,1937800,0.0,0.0
2014-04-24,18.01771319878484,18.092630854627235,16.96886601699133,17.081241607666016,7295700,0.0,0.0
2014-04-25,16.959509841159562,16.959509841159562,16.12604848023399,16.219696044921875,7192300,0.0,0.0
2014-04-28,16.229053043473844,16.360158498214812,15.8731946151007,16.200958251953125,3801400,0.0,0.0
2014-04-29,16.416348138728427,16.613006321528367,16.210323239210936,16.463171005249023,3245300,0.0,0.0
2014-04-30,16.397615726320854,16.62236866577024,16.294603292589958,16.54745101928711,2255200,0.0,0.0
2014-05-01,16.528725496946116,16.61300809462089,16.36016030159657,16.453807830810547,3407300,0.0,0.0
2014-05-02,16.444447368091122,16.809672652658715,16.33207173143843,16.631742477416992,2395400,0.0,0.0
2014-05-05,16.53809462868029,16.73475466859338,16.397624192272946,16.613012313842773,1622700,0.0,0.0
2014-05-06,16.56618041804019,16.72538063567411,16.491262773634674,16.51935577392578,2100100,0.0,0.0
2014-05-07,16.48177485039481,16.603930881561187,16.322031245162364,16.566343307495117,2338500,0.06,0.0
2014-05-08,16.528753220226285,16.885826119471268,16.397200329810826,16.556943893432617,2162500,0.0,0.0
2014-05-09,16.50996238446981,16.632120197890586,16.37840947057731,16.60392951965332,1942300,0.0,0.0
2014-05-12,16.72608747203001,17.026782697790974,16.68850168898129,16.932815551757812,1010800,0.0,0.0
2014-05-13,16.91401962063698,16.942210298556684,16.726085352386963,16.81065559387207,2235400,0.0,0.0
2014-05-14,16.773069009808097,16.84824235504197,16.650911203631843,16.707292556762695,1888500,0.0,0.0
2014-05-15,16.70729510266961,16.82005424156603,16.293840744742937,16.53815460205078,3097300,0.0,0.0
2014-05-16,16.585140243986693,16.801263459085092,16.48177798022523,16.73548698425293,1324000,0.0,0.0
2014-05-19,16.688499267445195,17.017383334702373,16.679102374977962,16.895225524902344,1732600,0.0,0.0
2014-05-20,16.848249433072507,16.86704322534482,16.59453861422032,16.69790267944336,1489800,0.0,0.0
2014-05-21,16.754278289926205,16.942212583522583,16.726087608204473,16.876434326171875,1583300,0.0,0.0
2014-05-22,16.867036575381146,17.120745501931886,16.838845898087076,16.923416137695312,1373500,0.0,0.0
2014-05-23,16.914018873820176,17.007986003796184,16.810654851619173,16.85763931274414,994200,0.0,0.0
2014-05-27,16.970398872366214,17.07376289723178,16.848242854840166,16.895225524902344,2519000,0.0,0.0
2014-05-28,16.932812658270162,16.970398434896207,16.763672182768133,16.85763931274414,1645500,0.0,0.0
2014-05-29,16.914018873820176,16.942209550495157,16.78246596721812,16.85763931274414,936000,0.0,0.0
2014-05-30,16.86703726278253,16.904623041765763,16.688499883858565,16.726085662841797,1997900,0.0,0.0
2014-06-02,16.76367518383345,16.923418795708095,16.697898718756996,16.876434326171875,1200800,0.0,0.0
2014-06-03,16.85763710972671,17.054966443842076,16.763669992030664,16.94220733642578,931600,0.0,0.0
2014-06-04,17.36506235488158,17.468426397367846,17.17712985032161,17.299285888671875,3238200,0.0,0.0
2014-06-05,17.195920852751705,17.51540806354811,17.130144390342004,17.40264892578125,1710300,0.0,0.0
2014-06-06,17.46842274783677,17.759719234024875,17.449628963624917,17.750322341918945,1868400,0.0,0.0
2014-06-09,17.740925516051025,17.957050450746458,17.703339739760892,17.90066909790039,2192300,0.0,0.0
2014-06-10,17.844293909381722,18.126195365859363,17.816103226051652,18.088607788085938,3200000,0.0,0.0
2014-06-11,18.03222257101229,18.06980834474993,17.844288325502713,18.06041145324707,3304100,0.0,0.0
2014-06-12,18.01343562367027,18.17317925529012,17.863088887119172,17.957056045532227,956900,0.0,0.0
2014-06-13,18.03223002769217,18.21076566325307,17.910072179914145,17.966453552246094,1007100,0.0,0.0
2014-06-16,17.98524493846401,18.09800588701457,17.816104411775406,17.957056045532227,2365900,0.0,0.0
2014-06-17,17.947659150463473,18.12619657222083,17.85369199205042,17.957056045532227,2920400,0.0,0.0
2014-06-18,18.00403281289297,18.00403281289297,17.712736330572806,17.985239028930664,1714700,0.0,0.0
2014-06-19,18.069807287820634,18.069807287820634,17.900666835210046,18.013427734375,1475600,0.0,0.0
2014-06-20,18.013431292670067,18.248348236083984,17.8442908066482,18.248348236083984,3280500,0.0,0.0
2014-06-23,18.21076253988503,18.44567950748676,18.191970544605308,18.42688751220703,2142600,0.0,0.0
2014-06-24,18.40809276715002,18.596027048365627,18.135588238614805,18.173175811767578,3585800,0.0,0.0
2014-06-25,18.107398739502727,18.201365876937082,17.957052036517393,18.16377830505371,2009400,0.0,0.0
2014-06-26,18.201364825761,18.201364825761,17.89127454472801,18.11679458618164,1247300,0.0,0.0
2014-06-27,18.126195932330656,18.314128450247907,18.088608353382558,18.27654266357422,2360400,0.0,0.0
2014-06-30,18.248347617852932,18.42688499063562,18.248347617852932,18.41748809814453,2244700,0.0,0.0
2014-07-01,18.42688626867382,18.718182787005112,18.42688626867382,18.58662986755371,2725600,0.0,0.0
2014-07-02,18.549043694297932,18.774563769916462,18.549043694297932,18.699390411376953,1614700,0.0,0.0
2014-07-03,18.736975086630938,19.00947779705521,18.7087844094392,18.802751541137695,1760300,0.0,0.0
2014-07-07,18.82154594055567,18.887322397210376,18.70878502038044,18.812149047851562,1429000,0.0,0.0
2014-07-08,18.727579797145257,18.76516557767728,18.44567837792156,18.708786010742188,1962300,0.0,0.0
2014-07-09,18.718185169283647,18.90611947151058,18.57723533875062,18.774564743041992,1790300,0.0,0.0
2014-07-10,18.511458198293987,18.924910780537175,18.37050658060616,18.793357849121094,1363500,0.0,0.0
2014-07-11,18.774562470878816,18.88732339702312,18.689992224339118,18.708786010742188,1235400,0.0,0.0
2014-07-14,18.830945425110986,18.877928102824082,18.633614235712596,18.793357849121094,1306000,0.0,0.0
2014-07-15,18.802754706234794,18.849737383855725,18.511458161981622,18.64301109313965,1287600,0.0,0.0
2014-07-16,18.718182787005112,18.79335613987364,18.55843918812522,18.58662986755371,1974700,0.0,0.0
2014-07-17,18.539645183285405,18.558438969349513,18.229554882323946,18.285934448242188,3016600,0.0,0.0
2014-07-18,18.34231475048982,18.51145523078142,18.30472718052547,18.41748809814453,2104300,0.0,0.0
2014-07-21,18.41748840170301,18.61481777044629,18.323521267517354,18.511455535888672,2532500,0.0,0.0
2014-07-22,18.652407987118686,18.708787558718658,18.586631521539676,18.64301109313965,1953200,0.0,0.0
2014-07-23,18.6430028210973,18.65239971090687,18.069805088627934,18.09799575805664,2843900,0.0,0.0
2014-07-24,18.079212049978196,18.079212049978196,16.932817738681287,17.026784896850586,9243900,0.0,0.0
2014-07-25,16.970404150133028,17.26170253038856,16.66971066676238,17.1865291595459,6485400,0.0,0.0
2014-07-28,17.177130767644417,17.65636163711762,17.064369825067153,17.552997589111328,6087000,0.0,0.0
2014-07-29,17.646965430002208,17.750327689760702,17.421445328336695,17.534204483032227,5229800,0.0,0.0
2014-07-30,17.675152946904372,17.675152946904372,17.40265018403667,17.57179069519043,2262700,0.0,0.0
2014-07-31,17.44963069988502,17.59058051095079,17.09255772570013,17.120746612548828,3266900,0.0,0.0
2014-08-01,17.101953875267977,17.261697465471077,16.932813392432458,17.1677303314209,2227800,0.0,0.0
2014-08-04,17.233505866456305,17.44023211649813,17.073762284791375,17.42144012451172,3632400,0.0,0.0
2014-08-05,17.261700139711838,17.63756694186909,17.214715669270753,17.44963264465332,3096900,0.0,0.0
2014-08-06,17.31807967821801,17.70334337371269,17.31807967821801,17.628170013427734,2069700,0.0,0.0
2014-08-07,17.703341725405494,17.703341725405494,17.355663846287435,17.393251419067383,2407200,0.0,0.0
2014-08-08,17.38386065935751,17.590587005763393,17.289893486527653,17.58119010925293,1422600,0.0,0.0
2014-08-11,17.65636459219418,17.853694034387672,17.59998321533203,17.59998321533203,1635500,0.0,0.0
2014-08-12,17.590577341357044,17.69394135390833,17.440230664340863,17.637561798095703,1519600,0.0,0.0
2014-08-13,17.684548650597954,17.797309581200903,17.581184613568098,17.70334243774414,1381000,0.0,0.0
2014-08-14,17.731530720696508,18.032224105277177,17.599976020737003,17.816099166870117,2514700,0.0,0.0
2014-08-15,18.013431000192902,18.0980012418307,17.787910953250112,17.97584342956543,3353800,0.0,0.0
2014-08-18,18.11679667336676,18.323522953780454,18.06041531230234,18.21076202392578,2668900,0.0,0.0
2014-08-19,18.238950180033626,18.52084977724176,18.2295532878235,18.379899978637695,1638900,0.0,0.0
2014-08-20,18.30472537344079,18.97189033625204,18.30472537344079,18.746370315551758,4074900,0.0,0.0
2014-08-21,18.736976492836106,19.122240148667306,18.680595134221225,18.915512084960938,3716700,0.0,0.0
2014-08-22,18.859129328660146,19.094046239664433,18.793352880342756,18.92490577697754,3533400,0.0,0.0
2014-08-25,19.018880830488467,19.02827772591989,18.746378032075338,18.868534088134766,1915100,0.0,0.0
2014-08-26,18.934304880845364,19.094048470684264,18.887322210064394,19.018875122070312,2055100,0.0,0.0
2014-08-27,18.990681925278665,19.075252155286062,18.96249304345871,19.009475708007812,1496900,0.0,0.0
2014-08-28,18.934306530757148,19.112843921375564,18.82154739414753,19.07525634765625,1751000,0.0,0.0
2014-08-29,19.122237315256424,19.357154231187646,19.075252856705877,19.34775733947754,1778000,0.0,0.0
2014-09-02,19.357154909516645,19.554484265522408,19.14103176943208,19.328964233398438,2177400,0.0,0.0
2014-09-03,19.423209083066865,19.44205605126513,19.178180521317056,19.187604904174805,1942300,0.06,0.0
2014-09-04,19.15932829689358,19.197025821519297,18.86717967111193,18.970844268798828,2784700,0.0,0.0
2014-09-05,18.989695356559263,19.065088617526317,18.76351557365809,19.046239852905273,1995300,0.0,0.0
2014-09-08,19.03681688859955,19.25357228486903,18.838908459058263,18.876605987548828,2273700,0.0,0.0
2014-09-09,18.876606231219807,19.26299691565042,18.829484319998322,18.961423873901367,3197800,0.0,0.0
2014-09-10,18.961422058254342,19.083935420664737,18.848331279668876,18.857755661010742,1853100,0.0,0.0
2014-09-11,18.791789663110784,19.394935781098642,18.75409213197793,19.38551139831543,4767100,0.0,0.0
2014-09-12,19.319542603493197,19.357240134796086,19.074514042576094,19.09336280822754,2296500,0.0,0.0
2014-09-15,19.14048024484422,19.206449117870278,18.923724862753748,19.036815643310547,1923100,0.0,0.0
2014-09-16,18.96143076323926,19.508032549387867,18.93315760623376,19.470335006713867,3431900,0.0,0.0
2014-09-17,19.508026576979976,19.67766007452615,19.347815664699798,19.38551139831543,2036900,0.0,0.0
2014-09-18,19.4703319419921,19.630542878103103,19.366665513473954,19.52687644958496,1159500,0.0,0.0
2014-09-19,19.56457294397012,19.592846095018967,19.1593334331903,19.291271209716797,2288200,0.0,0.0
2014-09-22,19.18760477311337,19.206451741182903,18.914303064657105,18.999120712280273,1792000,0.0,0.0
2014-09-23,18.86717884184723,18.97084343497778,18.509059563710913,18.527908325195312,2426500,0.0,0.0
2014-09-24,18.575037608933137,18.772946107268215,18.37713090811578,18.735248565673828,2478400,0.0,0.0
2014-09-25,18.41482787332842,18.565614439950917,17.849377349735228,18.386554718017578,4438500,0.0,0.0
2014-09-26,18.499641013883256,18.55618731615933,18.29230996475651,18.42424774169922,2076100,0.0,0.0
2014-09-29,18.19806501825243,18.631577612200907,18.13209614031871,18.480791091918945,2117800,0.0,0.0
2014-09-30,18.433667461027934,18.443091842355905,18.000156705042965,18.273456573486328,2959300,0.0,0.0
2014-10-01,18.21691216750541,18.23576093024875,17.670310630567208,17.689159393310547,3772800,0.0,0.0
2014-10-02,17.642038001233036,17.811673275839016,17.44413137920406,17.660886764526367,2701300,0.0,0.0
2014-10-03,17.538382694566266,17.689169285805008,17.246232101212996,17.293354034423828,4223500,0.0,0.0
2014-10-06,17.415858285292867,17.538373449541496,17.25564739186413,17.368738174438477,2918400,0.0,0.0
2014-10-07,17.312194258686603,17.453556393476433,17.038892573578142,17.048316955566406,2335200,0.0,0.0
2014-10-08,17.09543974737147,17.594921285931175,16.859835553289646,17.58549690246582,3992900,0.0,0.0
2014-10-09,17.51010116830054,17.519525550439727,16.90695509152922,16.935226440429688,2718800,0.0,0.0
2014-10-10,16.718471173088854,16.75616870193718,15.568723505971514,15.578147888183594,6192600,0.0,0.0
2014-10-13,15.606425255155274,15.804333762888486,15.220034423052791,15.229458808898926,4662300,0.0,0.0
2014-10-14,15.399089270996557,15.766631214738785,15.295422857113474,15.474482536315918,3731700,0.0,0.0
2014-10-15,15.21060417198084,15.719510026330603,15.097515180470078,15.578147888183594,4632700,0.0,0.0
2014-10-16,15.23887852363863,16.011659950966305,15.182334023411965,15.804328918457031,3642900,0.0,0.0
2014-10-17,16.039932748363423,16.12475039560348,15.757206658390828,15.823177337646484,2312400,0.0,0.0
2014-10-20,15.87972346338016,16.407476368868814,15.757208272586205,16.313234329223633,3326100,0.0,0.0
2014-10-21,16.473445084267272,16.859835824986778,16.398051812846816,16.80329132080078,3848100,0.0,0.0
2014-10-22,16.83156328313589,16.9163809321844,16.332081771796584,16.379201889038086,3845000,0.0,0.0
2014-10-23,15.95511310909586,17.12370946153626,15.889144235593763,16.79386329650879,5559400,0.0,0.0
2014-10-24,16.9163864230136,17.51010836154999,16.9163864230136,17.06717300415039,3793800,0.0,0.0
2014-10-27,16.812714316023822,16.8881075812183,16.464019341051088,16.77501678466797,2957500,0.0,0.0
2014-10-28,16.85983397905788,16.991773537736073,16.727896217896866,16.897531509399414,2922500,0.0,0.0
2014-10-29,16.859832170010886,17.038891824885855,16.643076786356282,16.79386329650879,2641400,0.0,0.0
2014-10-30,16.72790075654942,16.87868732379296,16.42632762206234,16.76559829711914,2969200,0.0,0.0
2014-10-31,17.114283888818875,17.359312400142112,17.067163781744615,17.340463638305664,1811900,0.0,0.0
2014-11-03,17.340465790731493,17.651463209568718,17.340465790731493,17.425283432006836,2157800,0.0,0.0
2014-11-04,17.434706421214514,17.51952405571367,17.274495533551324,17.397008895874023,1935700,0.0,0.0
2014-11-05,17.55722319602815,18.000160217285156,17.34989215890862,18.000160217285156,4467600,0.0,0.0
2014-11-06,17.924763203673148,18.22633621192355,17.877641297685948,18.18863868713379,3445200,0.0,0.0
2014-11-07,18.254616281863665,18.282887638666065,17.783407828302593,17.943618774414062,4760600,0.0,0.0
2014-11-10,17.971881615416347,18.150941246228832,17.88706399016395,18.084972381591797,2316300,0.0,0.0
2014-11-11,18.066128055900187,18.12267255411024,17.89649276375284,17.95303726196289,1184800,0.0,0.0
2014-11-12,17.89649700540096,18.132101234220116,17.8776482356912,18.122676849365234,1373300,0.0,0.0
2014-11-13,18.17922042066128,18.27346065998205,17.66089011681033,17.783405303955078,2369900,0.0,0.0
2014-11-14,17.736285104935646,18.028433829669364,17.708013749407634,17.981313705444336,1723100,0.0,0.0
2014-11-17,17.95303453334184,17.95303453334184,17.56664389218451,17.7080078125,1350500,0.0,0.0
2014-11-18,17.77397860096064,18.245186926139727,17.755129836549372,18.09440040588379,1848900,0.0,0.0
2014-11-19,18.09440452010893,18.13210025998545,17.698589365059124,17.981313705444336,2099800,0.0,0.0
2014-11-20,17.839946616763672,18.11324649745137,17.839946616763672,18.037853240966797,1471200,0.0,0.0
2014-11-21,18.25461255373428,18.348852787185784,18.05670410894821,18.320581436157227,1199100,0.0,0.0
2014-11-24,18.3205794719806,18.612728118896484,18.226337451115693,18.612728118896484,1671700,0.0,0.0
2014-11-25,18.612730882106682,18.69754853372526,18.367702310488266,18.377126693725586,1824900,0.0,0.0
2014-11-26,18.348854073066224,18.829486846923828,18.32058272005642,18.829486846923828,1551700,0.0,0.0
2014-11-28,18.848334269711774,18.848334269711774,18.6221544741773,18.706972122192383,3343700,0.0,0.0
2014-12-01,18.61244665380825,18.839312210725655,18.527371844593322,18.555728912353516,1636700,0.06,0.0
2014-12-02,18.565179858998867,18.697519438429488,18.451747994306313,18.688066482543945,1141600,0.0,0.0
2014-12-03,18.72588310820284,19.151257258257388,18.678620115071276,19.103992462158203,2408400,0.0,0.0
2014-12-04,19.094534946650672,19.103986099755275,18.810951673403178,18.905479431152344,1758400,0.0,0.0
2014-12-05,18.90547868400886,19.132344211860932,18.86766686121671,19.07562828063965,1164600,0.0,0.0
2014-12-08,18.981100903127853,19.09453457078739,18.499010970767046,18.688066482543945,1462300,0.0,0.0
2014-12-09,18.37612796637459,18.96219686546592,18.14926241160048,18.933839797973633,2086100,0.0,0.0
2014-12-10,18.839314104414562,18.96219895065093,18.413940015582213,18.442298889160156,1349000,0.0,0.0
2014-12-11,18.584086935396293,18.829858394921455,18.413937324727556,18.489559173583984,1058600,0.0,0.0
2014-12-12,18.281603275252497,18.56518481566347,18.243791441615052,18.253244400024414,999400,0.0,0.0
2014-12-15,18.357216917773698,18.59353536326359,17.979107765583198,18.045276641845703,1496300,0.0,0.0
2014-12-16,17.998017448091044,18.300504833274587,17.856224908690105,17.922393798828125,2067200,0.0,0.0
2014-12-17,17.988562587027587,18.546274320513287,17.856223017798662,18.536821365356445,1587300,0.0,0.0
2014-12-18,18.33831721922429,18.981103897094727,18.215432379263067,18.981103897094727,2427900,0.0,0.0
2014-12-19,18.943291879599844,18.952743033015853,18.64080268424242,18.744783401489258,3138300,0.0,0.0
2014-12-22,18.697515591384875,19.141793608792575,18.688062637444293,19.056718826293945,1466000,0.0,0.0
2014-12-23,19.122891392440895,19.264682122988035,18.981100661893755,19.06617546081543,1008700,0.0,0.0
2014-12-24,19.12289037921449,19.311945878571542,19.028362629535966,19.255229949951172,518800,0.0,0.0
2014-12-26,19.283588343952946,19.368663144239775,19.141797611130563,19.170156478881836,762700,0.0,0.0
2014-12-29,19.141799631788892,19.170158502533802,18.9716500132538,19.037818908691406,642900,0.0,0.0
2014-12-30,18.95274319809991,19.01891389335786,18.77314243415819,18.858217239379883,941600,0.0,0.0
2014-12-31,18.933837651244353,19.037816558538825,18.697519166444348,18.706972122192383,1021600,0.0,0.0
2015-01-02,18.82985442620815,18.905476259125987,18.40448048919113,18.62189483642578,1030300,0.0,0.0
2015-01-05,18.470656629253273,18.565182596110944,18.262695175045003,18.27214813232422,1877000,0.0,0.0
2015-01-06,18.291049389122875,18.34776531538839,17.657715836429798,17.714431762695312,2377700,0.0,0.0
2015-01-07,17.827866995899726,17.9507518141777,17.686074463237592,17.856224060058594,902400,0.0,0.0
2015-01-08,18.04527847223278,18.47065243844822,17.998015499527437,18.4139347076416,1626800,0.0,0.0
2015-01-09,18.40448458336859,18.489559389697344,18.120903097584144,18.357221603393555,745200,0.0,0.0
2015-01-12,17.837320191680867,18.120901654887966,17.37413437055992,17.47811508178711,3427800,0.0,0.0
2015-01-13,17.638810608172857,18.101994596998022,16.996024075773242,17.18507957458496,2993400,0.0,0.0
2015-01-14,16.967665978052736,17.374132210661077,16.967665978052736,17.25124740600586,2517800,0.0,0.0
2015-01-15,17.326876486271864,17.525385011226966,17.100010888442817,17.156726837158203,2262600,0.0,0.0
2015-01-16,17.07164941231038,17.58209828190166,17.052745300929658,17.56319236755371,2064300,0.0,0.0
2015-01-20,17.5915537052925,17.723891518346562,17.364688110213763,17.648269653320312,1153900,0.0,0.0
2015-01-21,17.591555340965613,18.083096607856266,17.497027550151685,17.90349578857422,1441100,0.0,0.0
2015-01-22,17.960208523507948,18.111452240521157,17.60100514634341,18.101999282836914,1865300,0.0,0.0
2015-01-23,18.073640527159682,18.149262378613606,17.95075389169258,17.96965980529785,701400,0.0,0.0
2015-01-26,17.903485811941366,18.319404975005423,17.73333624388487,18.300500869750977,1686200,0.0,0.0
2015-01-27,17.960202987162674,18.09254074801345,17.77114749769004,17.846769332885742,1559600,0.0,0.0
2015-01-28,17.998014999956464,18.22488050798531,17.676621746173897,17.714431762695312,2150100,0.0,0.0
2015-01-29,18.18706663703006,18.48010099314275,17.440301316039683,17.600997924804688,4947900,0.0,0.0
2015-01-30,17.052746792997997,17.440309056205464,16.920407183950225,17.10946273803711,2771800,0.0,0.0
2015-02-02,17.052742683889708,17.20398636952788,16.636821646901264,17.005477905273438,2485400,0.0,0.0
2015-02-03,17.137814455305538,17.58209432772869,17.0810985279842,17.572641372680664,2128800,0.0,0.0
2015-02-04,17.48757471639932,17.780609247356686,17.459215838061123,17.657724380493164,1601000,0.0,0.0
2015-02-05,17.752246641796237,17.960206275922978,17.5064751816644,17.884584426879883,1679200,0.0,0.0
2015-02-06,17.875136910439746,18.102002526612583,17.81842095713845,17.90349578857422,1323600,0.0,0.0
2015-02-09,17.799508704197553,17.960205350504964,17.70498094702255,17.941299438476562,1214300,0.0,0.0
2015-02-10,18.026376027889246,18.432844161987305,17.80896342689588,18.432844161987305,1901400,0.0,0.0
2015-02-11,18.432846863991035,18.432846863991035,18.17762239777743,18.262697219848633,1007600,0.0,0.0
2015-02-12,18.357225834920463,18.50846956926433,18.30996284405083,18.328866958618164,2010100,0.0,0.0
2015-02-13,18.36667251586914,18.584085084304828,18.262691807936022,18.36667251586914,1843200,0.0,0.0
2015-02-17,18.328860654834173,18.376125432415723,18.19652288353966,18.243785858154297,1292400,0.0,0.0
2015-02-18,18.23433753883174,18.35722237370362,18.13035681496286,18.18707275390625,1503100,0.0,0.0
2015-02-19,18.09254492358573,18.508466014635744,18.08309196663378,18.432844161987305,1221800,0.0,0.0
2015-02-20,18.404484183566577,18.773142270638505,18.205977508423064,18.744783401489258,1598600,0.0,0.0
2015-02-23,18.73532801474957,18.810949853037453,18.508462499885923,18.536821365356445,1616300,0.0,0.0
2015-02-24,18.555727268370536,18.971648320686654,18.489558378836225,18.905479431152344,1458000,0.0,0.0
2015-02-25,18.810668526105758,18.95288591932726,18.592601735939965,18.611562728881836,1561400,0.06,0.0
2015-02-26,18.58312036459969,18.75378196009173,18.526233768899765,18.621044158935547,1063500,0.0,0.0
2015-02-27,18.592603149025468,18.60208455041315,18.270242735413966,18.31764793395996,1693000,0.0,0.0
2015-03-02,18.41245376230087,18.96236219357899,18.365048580173635,18.933917999267578,2104000,0.0,0.0
2015-03-03,18.89599361245821,18.962361588675897,18.583114718580724,18.64000129699707,1614400,0.0,0.0
2015-03-04,18.535715015808748,18.56415922039396,18.308166804304342,18.44090461730957,1170900,0.0,0.0
2015-03-05,18.488305629999253,18.54519221789564,18.25127607064029,18.298681259155273,872900,0.0,0.0
2015-03-06,18.21335786342027,18.36505850668517,18.071140431776733,18.156471252441406,1247300,0.0,0.0
2015-03-09,18.137500762939453,18.270238543519426,18.109058373694594,18.137500762939453,1074300,0.0,0.0
2015-03-10,17.89099504278213,18.0142496393588,17.720333441066483,17.928918838500977,1372600,0.0,0.0
2015-03-11,18.042692214329726,18.09009740679868,17.786699834856154,18.052173614501953,1314500,0.0,0.0
2015-03-12,17.938404482746215,18.222839347292023,17.91944167620509,18.18491554260254,999800,0.0,0.0
2015-03-13,18.203878698517286,18.48831356852204,18.02373564970478,18.450387954711914,1448300,0.0,0.0
2015-03-16,18.488310451395908,18.848594679884258,18.488310451395908,18.820152282714844,1658800,0.0,0.0
2015-03-17,18.611557103593036,18.70636927321476,18.488302548959002,18.64000129699707,1321600,0.0,0.0
2015-03-18,18.63052949630814,18.772746919805076,18.365057454685225,18.696897506713867,1520500,0.0,0.0
2015-03-19,18.6305294584615,18.725341676731073,18.516756243252132,18.649492263793945,1331600,0.0,0.0
2015-03-20,18.81067128370677,19.076145116125762,18.725340473586115,19.05718231201172,2888800,0.0,0.0
2015-03-23,19.00976750376132,19.104579677046253,18.87703154619749,18.971843719482422,1066500,0.0,0.0
2015-03-24,18.943412702684224,19.009780727634073,18.801195248021255,18.877044677734375,1815300,0.0,0.0
2015-03-25,18.895997819016916,18.895997819016916,17.805662146619813,17.834104537963867,1803500,0.0,0.0
2015-03-26,17.50226212295108,17.777217284987067,17.341083755623572,17.473819732666016,2107800,0.0,0.0
2015-03-27,17.473822177567055,17.834106369260503,17.360047175331466,17.777219772338867,1972900,0.0,0.0
2015-03-30,17.89099730397727,18.146987930512367,17.796185090108587,18.118545532226562,1962600,0.0,0.0
2015-03-31,18.052175167512807,18.09958036405998,17.653965367982604,17.872032165527344,2315200,0.0,0.0
2015-04-01,17.815143403899707,17.89099279419679,17.52122543415541,17.758255004882812,1699300,0.0,0.0
2015-04-02,17.881511688232422,17.985803471359816,17.653963513601553,17.881511688232422,1151500,0.0,0.0
2015-04-06,17.644485863121886,18.023732901431263,17.57811785746681,17.909957885742188,1992300,0.0,0.0
2015-04-07,17.881515390535085,18.080619406413803,17.786703179376996,17.843589782714844,1112100,0.0,0.0
2015-04-08,17.786705286703782,18.11854716087667,17.786705286703782,17.985809326171875,1468200,0.0,0.0
2015-04-09,17.862547601024733,18.203870742570434,17.748772617712167,18.19438934326172,1059000,0.0,0.0
2015-04-10,18.241794884524065,18.374530860631456,18.137501298501373,18.36505126953125,756200,0.0,0.0
2015-04-13,18.336612398809088,18.412461808393292,18.14698797065229,18.165950775146484,927800,0.0,0.0
2015-04-14,18.14698561957055,18.14698561957055,17.805664224858727,17.890995025634766,1572000,0.0,0.0
2015-04-15,17.966844367014026,18.137504159619258,17.834106561575737,17.872032165527344,2837000,0.0,0.0
2015-04-16,17.729812583581193,17.985803145152957,17.68240558448116,17.7487735748291,2499800,0.0,0.0
2015-04-17,17.559152069591747,17.57811487038296,17.18938468773195,17.293678283691406,2696100,0.0,0.0
2015-04-20,17.454855274400078,17.729810410300573,17.41693148816077,17.57811164855957,3367200,0.0,0.0
2015-04-21,17.748771144519413,17.777215340084616,17.464336422434805,17.502260208129883,2510600,0.0,0.0
2015-04-22,17.511744064101457,17.824623025658056,17.40745228251067,17.767736434936523,1487300,0.0,0.0
2015-04-23,17.65396322346939,17.834104395179896,17.50226263448311,17.758255004882812,1489400,0.0,0.0
2015-04-24,17.805661359098668,17.805661359098668,17.35056322540883,17.435894012451172,3090800,0.0,0.0
2015-04-27,17.426416046910774,17.57811666029536,17.10405744259668,17.179906845092773,4210200,0.0,0.0
2015-04-28,17.113535859528838,17.663444441934075,17.09457486650211,17.606557846069336,3538800,0.0,0.0
2015-04-29,17.48330513338399,17.71085334970055,17.39797432621622,17.568635940551758,2224000,0.0,0.0
2015-04-30,17.454860427620986,17.50226562651359,17.255756422201145,17.30316162109375,2906800,0.0,0.0
2015-05-01,18.507272070348357,19.436427691846866,18.497790669101345,19.246803283691406,8231900,0.0,0.0
2015-05-04,19.294206503547706,19.436423877558752,19.16146872053097,19.22783851623535,3200600,0.0,0.0
2015-05-05,19.15198819606013,19.208874781213467,18.696890089657625,18.791702270507812,2498600,0.0,0.0
2015-05-06,18.943412702684224,18.990819726500582,18.69690160401832,18.877044677734375,1825000,0.0,0.0
2015-05-07,18.962371862791898,19.095107887145776,18.83911724137654,19.009777069091797,2272200,0.0,0.0
2015-05-08,19.104588155524866,19.63553402980193,19.104588155524866,19.445911407470703,2422600,0.0,0.0
2015-05-11,19.407984179838955,19.62605279950778,19.30369237918946,19.60708999633789,1672600,0.0,0.0
2015-05-12,19.483829391112074,19.663972365673484,19.31316962448722,19.389019012451172,1911100,0.0,0.0
2015-05-13,19.75878056615802,19.825148541186945,19.23731635516644,19.360570907592773,1963400,0.0,0.0
2015-05-14,19.417465596169976,19.711383620349114,19.21836158791228,19.6450138092041,2561500,0.0,0.0
2015-05-15,19.739822008257104,19.806189997532623,19.51227384143015,19.55967903137207,1663400,0.0,0.0
2015-05-18,19.58812720804368,19.75878881991739,19.493315000514684,19.6450138092041,1810200,0.0,0.0
2015-05-19,19.673454163398723,19.73982215316143,19.53123678413691,19.635528564453125,1336700,0.0,0.0
2015-05-20,19.645013822795267,19.768270235185973,19.4933150140009,19.6165714263916,1512200,0.0,0.0
2015-05-21,19.588119757870476,19.777744100806483,19.493307586402477,19.720855712890625,1145600,0.0,0.0
2015-05-22,19.663972763662326,19.758784952634233,19.569160574690418,19.635528564453125,1240100,0.0,0.0
2015-05-26,19.58812886594434,19.616573073128237,19.275249820491894,19.493316650390625,1363800,0.0,0.0
2015-05-27,19.559683714408624,20.100112774454832,19.531241316990542,20.052705764770508,2188100,0.0,0.0
2015-05-28,20.024263479448283,20.175962294502302,19.967375067508634,20.09063148498535,1981000,0.0,0.0
2015-05-29,20.052599611511567,20.280793982410916,19.90997835639043,20.109647750854492,3702700,0.06,0.0
2015-06-01,20.223742677705932,20.252265836149206,19.900466916148137,20.16669273376465,2098600,0.0,0.0
2015-06-02,20.033575797149616,20.062100763385235,19.76735003305854,19.909971237182617,1530900,0.0,0.0
2015-06-03,20.02407455444336,20.214237436190896,19.900469950776813,20.02407455444336,1551900,0.0,0.0
2015-06-04,19.890954559433965,19.948002678281853,19.59620382960504,19.72931671142578,1809800,0.0,0.0
2015-06-05,19.65325695779028,20.138170625412467,19.615223659846205,20.11915397644043,1807200,0.0,0.0
2015-06-08,20.043082459249522,20.08111574441374,19.710298468170016,19.80537986755371,1509500,0.0,0.0
2015-06-09,19.77686213896919,19.919485196986255,19.615224244940368,19.824403762817383,1234600,0.0,0.0
2015-06-10,19.967024982837923,20.119154551910675,19.786370439491208,20.09062957763672,1404600,0.0,0.0
2015-06-11,20.109644603350734,20.176201057754863,19.948006722571836,20.16669273376465,1765400,0.0,0.0
2015-06-12,20.16669283146359,20.176201155499864,19.96702346728389,19.986040115356445,2207500,0.0,0.0
2015-06-15,19.738823432043183,19.852919660482133,19.368007969326314,19.80537986755371,2260500,0.0,0.0
2015-06-16,19.767352013556824,19.957513033598897,19.71030207536974,19.814891815185547,1803700,0.0,0.0
2015-06-17,19.90046730142477,20.024071888635817,19.776860900686312,19.881450653076172,2234800,0.0,0.0
2015-06-18,19.900465970199793,20.17620009869978,19.900465970199793,20.033578872680664,2040200,0.0,0.0
2015-06-19,20.033579443025488,20.100135896160747,19.6817805297313,19.738828659057617,4522600,0.0,0.0
2015-06-22,19.44407881977181,19.824402722970696,19.44407881977181,19.605716705322266,1997000,0.0,0.0
2015-06-23,19.691282894302397,19.71980785972371,19.444073781425487,19.482105255126953,1876900,0.0,0.0
2015-06-24,19.28243932279682,19.482108675217177,19.054244999947585,19.139816284179688,2355200,0.0,0.0
2015-06-25,19.234895107240725,19.263420073816565,19.006700815215083,19.082765579223633,1864400,0.0,0.0
2015-06-26,18.968670824337526,19.082767072515257,18.673918253902865,18.740474700927734,3678400,0.0,0.0
2015-06-29,18.45523222282278,18.711951500899506,18.274577714525027,18.293594360351562,2642600,0.0,0.0
2015-06-30,18.48375815646293,18.48375815646293,18.169990738054285,18.341136932373047,2427100,0.0,0.0
2015-07-01,18.569333855629537,18.702446774962095,18.246058068512607,18.3981876373291,1710900,0.0,0.0
2015-07-02,18.483761025691265,18.531300836591733,18.369662940591596,18.474252700805664,1284500,0.0,0.0
2015-07-06,18.284086997303632,18.531297965445003,18.255563840593602,18.426708221435547,2387800,0.0,0.0
2015-07-07,18.426704878065294,18.47424648650141,17.856220085047298,18.407690048217773,2634600,0.0,0.0
2015-07-08,18.179500295269538,18.29359655687402,17.970320793115683,18.103435516357422,3181300,0.0,0.0
2015-07-09,18.474249149219855,18.540805597096366,18.084416971491287,18.18900489807129,2831400,0.0,0.0
2015-07-10,18.3506481084336,18.53130267209859,18.27458331534219,18.388681411743164,1974100,0.0,0.0
2015-07-13,18.559825705320037,18.645398815274504,18.293598050625302,18.569334030151367,1540900,0.0,0.0
2015-07-14,18.63589049044317,18.69293862590364,18.455235945702903,18.569334030151367,1500000,0.0,0.0
2015-07-15,18.569329898970917,18.569329898970917,18.217529212587984,18.312610626220703,1937100,0.0,0.0
2015-07-16,18.70244415430257,18.70244415430257,18.017861190554775,18.341136932373047,2733100,0.0,0.0
2015-07-17,18.341134631935578,18.398182751710817,18.150971814648738,18.26506805419922,1716200,0.0,0.0
2015-07-20,18.293592973232933,18.33162626200211,17.98933391718759,17.998842239379883,1173100,0.0,0.0
2015-07-21,17.96080962502117,18.20802057072229,17.96080962502117,18.055891036987305,2071700,0.0,0.0
2015-07-22,17.79917392459349,17.79917392459349,17.542456438776217,17.685077667236328,2296500,0.0,0.0
2015-07-23,17.837208459153224,18.13195926026076,17.799175161705833,17.894256591796875,1765800,0.0,0.0
2015-07-24,17.875237817823592,17.9608109133787,17.40934086064979,17.45688247680664,1755100,0.0,0.0
2015-07-27,17.333279410638784,17.551965446294727,17.19065816188611,17.390329360961914,1453800,0.0,0.0
2015-07-28,17.428359121501316,17.789666370125158,17.285737886874205,17.647045135498047,2131500,0.0,0.0
2015-07-29,17.58048583546684,17.808680136650597,17.44737294649142,17.694583892822266,3385500,0.0,0.0
2015-07-30,18.597856447429976,19.01621365564178,17.789667004359707,18.246057510375977,7581400,0.0,0.0
2015-07-31,18.293593980788735,18.46474016262221,18.198512567156012,18.312610626220703,2826600,0.0,0.0
2015-08-03,18.2460573390755,18.360153604362797,17.86573343223877,17.894256591796875,3234800,0.0,0.0
2015-08-04,17.89425525333511,18.008353323615495,17.599504474274465,17.78015899658203,2393700,0.0,0.0
2015-08-05,17.94180134002168,18.284092009056245,17.846719893362394,18.017866134643555,1707500,0.0,0.0
2015-08-06,18.02737170221632,18.055896678777273,17.60901626048829,17.97032356262207,2386400,0.0,0.0
2015-08-07,17.90376083098396,18.017858883764475,17.77064794734588,17.998842239379883,2250800,0.0,0.0
2015-08-10,18.160482414644658,18.39818505930355,18.141465767825405,18.341136932373047,1730200,0.0,0.0
2015-08-11,18.103432160426205,18.284084843399302,17.903761019341406,17.989334106445312,1906900,0.0,0.0
2015-08-12,17.580490073042665,18.046387110282872,17.542458587108534,17.94179916381836,1491400,0.0,0.0
2015-08-13,16.49656494222394,18.198515042263946,16.344435385131895,17.656553268432617,1316500,0.0,0.0
2015-08-14,17.589993312518516,17.82769592484985,17.456880429941616,17.732614517211914,1442000,0.0,0.0
2015-08-17,17.589998881022137,17.93229133146815,17.570982230769005,17.827701568603516,2201700,0.0,0.0
2015-08-18,17.85622502901183,17.89425651276381,17.513932607606847,17.542457580566406,1733900,0.0,0.0
2015-08-19,18.28408694389549,18.28408694389549,17.238194947437762,17.352293014526367,2595300,0.0,0.0
2015-08-20,17.19065181731368,17.247699933054424,16.857867817360003,16.87688446044922,2123800,0.0,0.0
2015-08-21,16.629675745286658,16.943443143743874,16.41098976135254,16.41098976135254,2207400,0.0,0.0
2015-08-24,15.393621829354034,16.582134902359474,15.270015454186332,15.96410846710205,3258300,0.0,0.0
2015-08-25,16.60115389947523,16.800825088883713,15.945095824271249,15.954604148864746,3187700,0.0,0.0
2015-08-26,16.296896114468037,16.715253363545777,16.12574988468498,16.648696899414062,2558900,0.0,0.0
2015-08-27,16.98147698481427,17.124098204453336,16.629676283745862,17.10508155822754,2962500,0.0,0.0
2015-08-28,17.00049314394052,17.23819579972761,16.895905208592794,17.133607864379883,1587800,0.0,0.0
2015-08-31,17.12410106349643,17.409343550398695,17.04803627942066,17.152626037597656,1429800,0.0,0.0
2015-09-01,16.71525230629528,17.02901976987568,16.572631061672826,16.69623565673828,2360800,0.0,0.0
2015-09-02,16.99199867248535,17.020621448619004,16.705778190130626,16.99199867248535,1688300,0.06,0.0
2015-09-03,17.15418325141688,17.344998035912692,17.04923675771437,17.18280601501465,1452200,0.0,0.0
2015-09-04,16.8775050773685,17.10648174403483,16.79163859990053,16.810720443725586,1062600,0.0,0.0
2015-09-08,17.19235082520179,17.345001959430956,17.077861564657383,17.278217315673828,1616300,0.0,0.0
2015-09-09,17.373626230535923,17.554900169485975,16.896590889953448,16.95383644104004,1561400,0.0,0.0
2015-09-10,16.953831888737565,17.30683692692518,16.88704725014774,17.06831932067871,1877500,0.0,0.0
2015-09-11,17.48811081720107,17.48811081720107,16.858424482289994,17.06831932067871,1296300,0.0,0.0
2015-09-14,17.096942536603365,17.163727176943443,16.896586795838168,17.106483459472656,1166000,0.0,0.0
2015-09-15,17.4690340331897,18.18458705924316,17.3068419411611,18.09872055053711,3623500,0.0,0.0
2015-09-16,18.108260097806706,18.499428910033387,18.03193452029285,18.42310333251953,2943400,0.0,0.0
2015-09-17,18.003315339659817,18.289535828597423,17.936528860478585,17.9937744140625,2075800,0.0,0.0
2015-09-18,17.68846923425905,17.926986876664408,17.488113468371047,17.583520889282227,2866800,0.0,0.0
2015-09-21,17.593059686101995,18.022390298672473,17.16372725378654,17.20189094543457,2466700,0.0,0.0
2015-09-22,16.915673833803563,17.00154034623875,16.667615222295858,16.73440170288086,2009400,0.0,0.0
2015-09-23,16.715320126751305,16.93475596448171,16.534046173095703,16.534046173095703,1337500,0.0,0.0
2015-09-24,16.32414865435184,16.696235608450248,16.07609007837115,16.553125381469727,2243000,0.0,0.0
2015-09-25,16.73440235143083,16.801187014858577,16.429098173303768,16.524505615234375,1102400,0.0,0.0
2015-09-28,16.35276898926132,16.467258258361667,16.16195596708767,16.1810359954834,2009300,0.0,0.0
2015-09-29,16.133330642024042,16.40047101449052,16.11424879690253,16.343225479125977,1585300,0.0,0.0
2015-09-30,16.524497010223225,17.230508801266275,16.524497010223225,17.18280601501465,2814600,0.0,0.0
2015-10-01,17.173271058040623,17.1923529070662,16.629451099028582,16.98245620727539,2136100,0.0,0.0
2015-10-02,16.696237027123818,17.383167266845703,16.696237027123818,17.383167266845703,1739100,0.0,0.0
2015-10-05,17.554897513345427,17.86974071770275,17.39270544929801,17.84111976623535,1898300,0.0,0.0
2015-10-06,18.308614170657453,18.308614170657453,17.812497053158484,17.984230041503906,2054000,0.0,0.0
2015-10-07,18.165501369969807,18.38493712620337,17.926983768912923,18.146419525146484,1694400,0.0,0.0
2015-10-08,18.031933327860592,18.346776541753176,17.96514867942053,18.213207244873047,1783800,0.0,0.0
2015-10-09,18.21320744108591,18.299073938503952,17.7457130772239,17.822038650512695,2323800,0.0,0.0
2015-10-12,17.888820946884355,17.89836186975876,17.65030333425923,17.688467025756836,1432400,0.0,0.0
2015-10-13,17.49765079174248,17.55489450461141,17.297295067083994,17.335458755493164,2278400,0.0,0.0
2015-10-14,17.345000719287167,18.089174490510686,17.27821608030505,17.745710372924805,2978500,0.0,0.0
2015-10-15,17.869740579339812,17.99377076722197,17.54535645375664,17.650304794311523,2401700,0.0,0.0
2015-10-16,17.640761352146377,17.707545988512138,17.345000039778785,17.373620986938477,2711300,0.0,0.0
2015-10-19,17.325926601565826,17.459495939104038,17.278223786658106,17.402252197265625,2428400,0.0,0.0
2015-10-20,17.35454565018027,17.63122519268613,17.35454565018027,17.449953079223633,2767300,0.0,0.0
2015-10-21,17.812495011906925,18.404019479560553,17.72662852757422,17.745710372924805,5398300,0.0,0.0
2015-10-22,17.974685862527195,18.05101141910873,17.259133087170998,17.774330139160156,6485400,0.0,0.0
2015-10-23,17.974691051961745,18.232290562199733,17.898365473344416,18.175045013427734,2841700,0.0,0.0
2015-10-26,18.108262203641935,18.136884980942707,17.793418932315546,17.888826370239258,2486500,0.0,0.0
2015-10-27,17.79341353788531,17.9937692787578,17.621680565636026,17.688467025756836,3568700,0.0,0.0
2015-10-28,17.51673326600288,19.42487408121906,17.51673326600288,19.405792236328125,7183700,0.0,0.0
2015-10-29,18.823810366275666,19.11003260565966,18.46126438008333,18.489885330200195,4289300,0.0,0.0
2015-10-30,18.6329959701832,18.78564709190581,18.528047641594565,18.623455047607422,2251200,0.0,0.0
2015-11-02,18.67116405178641,19.04325105729354,18.613920317034278,18.995548248291016,2635800,0.0,0.0
2015-11-03,18.919216316428912,19.148192998382896,18.919216316428912,19.110031127929688,1868200,0.0,0.0
2015-11-04,19.176818782451846,19.214980658907734,19.052788589543525,19.081411361694336,1963300,0.0,0.0
2015-11-05,19.052788458015044,19.234062374228394,18.766568017463594,18.890596389770508,1774400,0.0,0.0
2015-11-06,18.871516854166018,19.148196377955465,18.842894081465637,19.071870803833008,2696200,0.0,0.0
2015-11-09,19.033709790884707,19.243604674315595,18.995546092218014,19.19590187072754,1679400,0.0,0.0
2015-11-10,18.985999868233502,19.25314022510098,18.97645894622986,19.186355590820312,1873500,0.0,0.0
2015-11-11,19.262687376333027,19.720640862133312,19.22452367597697,19.606151580810547,2064100,0.0,0.0
2015-11-12,19.19589642668267,19.396250328625595,19.0909481048584,19.0909481048584,1989400,0.0,0.0
2015-11-13,19.10049432513236,19.253145479360075,18.82381297075381,19.00508689880371,3490700,0.0,0.0
2015-11-16,18.976460543621386,19.358090176912366,18.881054955043595,19.339008331298828,2627500,0.0,0.0
2015-11-17,19.453502610425396,19.463043536589247,19.052792810271544,19.167282104492188,2336000,0.0,0.0
2015-11-18,19.21497901928577,19.57752682327892,19.14819437637783,19.55844497680664,2118400,0.0,0.0
2015-11-19,19.587070465087894,19.692016995761325,19.520283993165336,19.58707046508789,1827800,0.0,0.0
2015-11-20,19.65385128509736,19.758797795308002,19.587066645941967,19.634769439697266,1488700,0.0,0.0
2015-11-23,19.587066204912123,19.68247179027453,19.45349510986394,19.50119972229004,2065400,0.0,0.0
2015-11-24,19.482112884521484,19.60614120555407,19.300839043248235,19.482112884521484,1898000,0.0,0.0
2015-11-25,19.42487307276861,19.730175296194123,19.310383829111647,19.625226974487305,1312800,0.0,0.0
2015-11-27,19.64431271431284,19.777882008615208,19.56798714331932,19.672935485839844,854300,0.0,0.0
2015-11-30,19.787759883480213,19.9217189872189,19.615525707212814,19.883445739746094,1565500,0.06,0.0
2015-12-01,19.96956035256341,20.141792682425933,19.912147750886888,20.103519439697266,1475700,0.0,0.0
2015-12-02,20.055677390293916,20.27575539953358,19.940855826830987,19.959993362426758,1622900,0.0,0.0
2015-12-03,20.132227812339057,20.180069826937224,19.25192123831937,19.500701904296875,2583000,0.0,0.0
2015-12-04,19.510271082814757,20.16093271535564,19.48156660347413,19.883445739746094,2704500,0.0,0.0
2015-12-07,19.739912818157396,19.93128449942716,19.644228802578123,19.71120834350586,1253000,0.0,0.0
2015-12-08,19.414579725299646,19.854731942948135,19.299756376099264,19.701635360717773,2327400,0.0,0.0
2015-12-09,19.672931801010186,19.85473470206876,19.34760106229715,19.443286895751953,1786000,0.0,0.0
2015-12-10,19.45286258807639,19.67293880584492,19.405020566841884,19.51984214782715,1344300,0.0,0.0
2015-12-11,19.34760284423828,19.5485432955058,19.242350060294,19.34760284423828,1886600,0.0,0.0
2015-12-14,19.38587651702481,19.38587651702481,18.869174100972014,19.079683303833008,1357300,0.0,0.0
2015-12-15,19.22320844475961,19.414580088656823,19.15622891691216,19.385873794555664,1578000,0.0,0.0
2015-12-16,19.52941091254961,19.58682170302891,19.204080058073373,19.472000122070312,1306000,0.0,0.0
2015-12-17,19.749484297747323,20.237480509472064,19.672935979734966,19.730348587036133,3159400,0.0,0.0
2015-12-18,19.653793391235393,19.845163206769044,19.146659821213532,19.74947738647461,4077000,0.0,0.0
2015-12-21,19.902576298830223,20.10351672747727,19.73034399220403,20.084379196166992,2072600,0.0,0.0
2015-12-22,20.13222058204615,20.304452867777503,19.998259704181475,20.256610870361328,1726700,0.0,0.0
2015-12-23,20.333167439284953,20.64892949592808,20.208777100328067,20.55324363708496,1748600,0.0,0.0
2015-12-24,20.572380372972887,20.62979115602135,20.457556981820076,20.53410530090332,470900,0.0,0.0
2015-12-28,20.438419646053188,20.438419646053188,20.113088859548167,20.400144577026367,1191200,0.0,0.0
2015-12-29,20.48626135255717,20.57237843153083,20.381006739354767,20.438419342041016,1049400,0.0,0.0
2015-12-30,20.54366927755277,20.54366927755277,20.25661360420412,20.323593139648438,1254400,0.0,0.0
2015-12-31,20.25661414993638,20.285320448066802,19.778186798095703,19.778186798095703,1959700,0.0,0.0
2016-01-04,19.577246776781124,19.596384309274228,19.26148479086709,19.462425231933594,2379800,0.0,0.0
2016-01-05,19.46242616882363,19.711208628043334,19.36674032680749,19.625091552734375,2087300,0.0,0.0
2016-01-06,19.261486423450858,19.405016104259026,19.0127057801763,19.175371170043945,2162400,0.0,0.0
2016-01-07,18.639533289062104,19.02227488969929,18.620395752766267,18.66823959350586,2072100,0.0,0.0
2016-01-08,18.735220764226963,18.80220032199358,18.237655727880554,18.285499572753906,2237800,0.0,0.0
2016-01-11,18.45772843379169,18.50557043979271,18.141964623985,18.3907470703125,1778900,0.0,0.0
2016-01-12,18.63953398830362,18.763926153837083,18.362047001828007,18.591691970825195,2619100,0.0,0.0
2016-01-13,18.601259179889656,18.658669961061907,18.046283428409023,18.132400512695312,2282600,0.0,0.0
2016-01-14,18.24722469357045,18.850044370080884,18.074990500281753,18.572555541992188,3192500,0.0,0.0
2016-01-15,17.749654469975045,18.228081833856372,17.749654469975045,18.161102294921875,2289800,0.0,0.0
2016-01-19,18.448160455260513,18.50557122992411,18.161102931831284,18.362043380737305,2175000,0.0,0.0
2016-01-20,18.438596425014797,18.763927273436536,18.008010941793057,18.572555541992188,2495000,0.0,0.0
2016-01-21,18.658664542527614,18.792623601379347,18.362040130046502,18.51513671875,2387400,0.0,0.0
2016-01-22,18.84047098293585,19.117957917952467,18.735216373935252,18.92658805847168,1649900,0.0,0.0
2016-01-25,18.897879855484987,18.974428156580935,18.55341158802549,18.601255416870117,1697100,0.0,0.0
2016-01-26,18.65866581057314,19.050976073919216,18.543842448714457,18.964859008789062,2827500,0.0,0.0
2016-01-27,18.92658669723711,19.672932198128244,18.92658669723711,19.079683303833008,4176500,0.0,0.0
2016-01-28,20.17050015153057,20.17050015153057,17.730521015681983,18.170673370361328,7791800,0.0,0.0
2016-01-29,18.304634390786724,18.907454031328328,18.22808606778766,18.591691970825195,6479700,0.0,0.0
2016-02-01,18.41945551513256,18.725648769349224,18.266358888024232,18.629962921142578,3446600,0.0,0.0
2016-02-02,18.37161402440516,18.696944822497656,17.94102860779574,17.98887062072754,2668800,0.0,0.0
2016-02-03,17.912317901049267,18.103689555837107,17.567851477508658,17.74008560180664,3537300,0.0,0.0
2016-02-04,17.74965269688318,18.151531715400232,17.711379460624848,17.88361358642578,2429300,0.0,0.0
2016-02-05,17.759225307104405,17.787931609304636,17.46260081792513,17.558286666870117,2223100,0.0,0.0
2016-02-08,17.29036437497018,17.42432345079619,17.012877457179805,17.1755428314209,2301700,0.0,0.0
2016-02-09,17.003311157226562,17.338210720421436,16.936331609598746,17.003311157226562,2413600,0.0,0.0
2016-02-10,17.070287429084754,17.462597697097298,17.00330789431024,17.156404495239258,2668800,0.0,0.0
2016-02-11,16.87891989790773,17.06072284041804,16.591864157149036,16.792802810668945,1892600,0.0,0.0
2016-02-12,16.93633151423218,16.99374229401049,16.697117802590796,16.955467224121094,1447900,0.0,0.0
2016-02-16,17.118129725667455,17.673105369804276,17.118129725667455,17.44346046447754,2279400,0.0,0.0
2016-02-17,17.577421501079396,18.06541578811756,17.567852735149465,17.91231918334961,2142400,0.0,0.0
2016-02-18,18.00800592682032,18.122829298721477,17.874046847148623,17.97930145263672,1954200,0.0,0.0
2016-02-19,17.97930297381651,18.228083621382435,17.931459137703264,18.017576217651367,1660200,0.0,0.0
2016-02-22,18.161100255754505,18.29506114363764,17.95059289630294,18.065414428710938,1420000,0.0,0.0
2016-02-23,18.027147495899463,18.151537837008924,17.826207006346042,17.84534454345703,1250900,0.0,0.0
2016-02-24,17.682151260803863,18.23891816307027,17.566957287841877,18.200519561767578,1510700,0.06,0.0
2016-02-25,18.219719612547184,18.478904689173053,18.075728513625975,18.46930503845215,1643500,0.0,0.0
2016-02-26,18.642094818781885,18.642094818781885,18.277317251416378,18.35411262512207,1525200,0.0,0.0
2016-02-29,18.402106989725855,18.555697719965785,18.286913026572947,18.315711975097656,1456700,0.0,0.0
2016-03-01,18.430903447551533,18.862876631370995,18.354108092809472,18.77648162841797,1460600,0.0,0.0
2016-03-02,18.709287967521956,18.91087694010224,18.651691902904393,18.814882278442383,1411300,0.0,0.0
2016-03-03,18.853279435668213,18.987672697158484,18.709288355664135,18.958873748779297,1003600,0.0,0.0
2016-03-04,19.04526470019049,19.093261106304503,18.75728260161535,18.8820743560791,1389600,0.0,0.0
2016-03-07,18.776484626681896,19.198860060681767,18.747687508396297,19.170061111450195,1482500,0.0,0.0
2016-03-08,19.01646734085512,19.074065230120926,18.55569521240275,18.77648162841797,1425700,0.0,0.0
2016-03-09,18.82448199682795,18.872478412361183,18.718887685519768,18.85327911376953,1859700,0.0,0.0
2016-03-10,18.958874033029513,19.19885978028305,18.843680068731597,19.054868698120117,1187900,0.0,0.0
2016-03-11,19.198856801826665,19.467641456192677,19.150860392200364,19.352447509765625,1216400,0.0,0.0
2016-03-14,19.256458247602172,19.41964864931686,19.170063221344623,19.246858596801758,886900,0.0,0.0
2016-03-15,19.17006003239104,19.48684113232323,19.08366502050536,19.448444366455078,1264800,0.0,0.0
2016-03-16,19.467650250425827,19.813228583925735,19.33325694705973,19.78443145751953,2053700,0.0,0.0
2016-03-17,19.832424499037128,20.05321097483115,19.67883374796771,19.966815948486328,1308600,0.0,0.0
2016-03-18,20.062809916798486,20.6099771770195,19.947617773039386,20.39879035949707,3425800,0.0,0.0
2016-03-21,20.32199322575762,20.49478325736998,20.034011060367654,20.456384658813477,1719800,0.0,0.0
2016-03-22,20.331592591902766,20.533179738675717,20.264396876311782,20.360389709472656,1211900,0.0,0.0
2016-03-23,20.33159411824964,20.35079341870153,20.139604775622885,20.216400146484375,1245000,0.0,0.0
2016-03-24,20.04361020957975,20.24519920349121,19.966814838314928,20.24519920349121,923900,0.0,0.0
2016-03-28,20.283593916944763,20.33159216345967,20.12040354068585,20.206798553466797,1065800,0.0,0.0
2016-03-29,20.1108068049643,20.63877472842945,19.976413538433583,20.60037612915039,1283500,0.0,0.0
2016-03-30,20.773166447150054,20.955556134319558,20.629175359782973,20.69637107849121,1016100,0.0,0.0
2016-03-31,20.696376899592078,20.83077020575427,20.542786119075167,20.725175857543945,1126700,0.0,0.0
2016-04-01,20.561980158939622,20.907560242081047,20.465985487961888,20.878761291503906,1246800,0.0,0.0
2016-04-04,20.87876296288208,20.965157990583496,20.677175785542914,20.792367935180664,2489400,0.0,0.0
2016-04-05,20.533181596884315,20.533181596884315,20.216400458326003,20.32199478149414,2222300,0.0,0.0
2016-04-06,20.25479723086456,20.437186909609434,20.16840221624572,20.3411922454834,2036100,0.0,0.0
2016-04-07,20.27399492602652,20.293192392576298,19.78442382556448,19.803621292114258,3259900,0.0,0.0
2016-04-08,20.062810835195314,20.31239626602656,19.93801903525279,20.0244140625,1326900,0.0,0.0
2016-04-11,20.149201842534872,20.254796150536027,19.93801505747839,19.95721435546875,1054400,0.0,0.0
2016-04-12,19.938016536341404,19.976413304224298,19.640432888255614,19.82282257080078,1524500,0.0,0.0
2016-04-13,19.99561162092667,20.206798411268448,19.93801555645998,20.149202346801758,1545000,0.0,0.0
2016-04-14,20.09160961313144,20.18760429045388,19.803625581164113,19.976415634155273,1608200,0.0,0.0
2016-04-15,19.928417026338384,20.062808461289592,19.851621659088263,19.88041877746582,1880300,0.0,0.0
2016-04-18,19.861223284181484,19.976415431040227,19.74602930637658,19.899620056152344,1514600,0.0,0.0
2016-04-19,19.995614668713745,20.062810392658022,19.746029243387753,19.861223220825195,1576700,0.0,0.0
2016-04-20,19.832422220507997,20.01481190305316,19.66923183737726,19.82282257080078,1382700,0.0,0.0
2016-04-21,19.84202350383328,19.92841852736526,19.698032408262012,19.726829528808594,1314500,0.0,0.0
2016-04-22,19.726829941990488,20.120406465903667,19.717232122238013,19.861223220825195,1612100,0.0,0.0
2016-04-25,19.774829467662904,19.918820575513507,19.582840103231252,19.621238708496094,1292700,0.0,0.0
2016-04-26,19.794027525251796,20.024413649510734,19.74602927168983,19.8900203704834,1777800,0.0,0.0
2016-04-27,19.861220193522435,20.216398060503874,19.765225532114034,20.149202346801758,2684400,0.0,0.0
2016-04-28,18.82448273724909,18.99727276947848,18.15252190767833,18.44050407409668,6058500,0.0,0.0
2016-04-29,18.28691448269606,18.315713433513928,17.854941206104463,18.152523040771484,4002600,0.0,0.0
2016-05-02,18.17171688162412,18.286908988393982,17.9893272431354,18.23891258239746,1943300,0.0,0.0
2016-05-03,18.056528263196068,18.200519354549606,17.97973289241111,18.12372398376465,1595400,0.0,0.0
2016-05-04,17.970132970150363,18.181321609821428,17.960533320079314,18.00853157043457,1925700,0.0,0.0
2016-05-05,18.04692840576172,18.104526306398636,17.85494089647679,18.04692840576172,2097700,0.0,0.0
2016-05-06,17.902940909172877,18.066131331837628,17.643755797126556,17.970136642456055,1729100,0.0,0.0
2016-05-09,18.02772910417502,18.152520880979207,17.94133409294679,18.066125869750977,1223000,0.0,0.0
2016-05-10,18.075727810225274,18.267717155279897,18.027731389434663,18.190921783447266,1122400,0.0,0.0
2016-05-11,18.104528323644487,18.23891977821273,18.075729370117188,18.075729370117188,914500,0.0,0.0
2016-05-12,18.152521947838487,18.190920546617065,17.672550448782058,17.75894546508789,2480400,0.0,0.0
2016-05-13,17.720542907714844,17.864535790021957,17.662946853359333,17.720542907714844,1468300,0.0,0.0
2016-05-16,17.73974830766341,18.02773234043714,17.64375363007217,17.8453426361084,1869900,0.0,0.0
2016-05-17,17.82614272077373,17.922137395060563,17.605356251576314,17.61495590209961,1081600,0.0,0.0
2016-05-18,17.58615543247622,18.018130514005396,17.52855936525432,17.75894546508789,1740800,0.0,0.0
2016-05-19,17.662954466369005,17.902940265724418,17.64375516299345,17.701353073120117,1423000,0.0,0.0
2016-05-20,17.826140242314423,18.210117055129356,17.826140242314423,18.094924926757812,1394500,0.0,0.0
2016-05-23,18.181319938509404,18.363707780255332,18.085325277569204,18.094924926757812,1284700,0.0,0.0
2016-05-24,18.152526077846804,18.66129664174112,18.152526077846804,18.60369873046875,1602900,0.0,0.0
2016-05-25,18.709291326422694,18.80528600531659,18.603696996544794,18.651695251464844,1443800,0.0,0.0
2016-05-26,18.651697351245026,18.78608881825834,18.58450161773837,18.728492736816406,1138500,0.0,0.0
2016-05-27,18.661086224101652,19.142538417914945,18.65145879642843,19.007732391357422,1415000,0.06,0.0
2016-05-31,19.05587758654096,19.11365133213785,18.940328258752924,19.07513427734375,1724800,0.0,0.0
2016-06-01,19.04624460902869,19.190679863154713,18.959583089234293,19.05587387084961,1824000,0.0,0.0
2016-06-02,19.04624944842778,19.132910990241722,18.882555629067486,19.007732391357422,1402700,0.0,0.0
2016-06-03,19.065501394509397,19.065501394509397,18.882550928749033,18.978839874267578,898900,0.0,0.0
2016-06-06,19.036620213624385,19.084764698442484,18.853667865445743,18.988473892211914,1228900,0.0,0.0
2016-06-07,19.046253763367048,19.219575049666595,18.988478164672415,19.190689086914062,1025500,0.0,0.0
2016-06-08,19.161794227736955,19.441037342094397,19.094391224021464,19.373634338378906,1612800,0.0,0.0
2016-06-09,19.209939317633097,19.518068364457687,19.152163743907995,19.479551315307617,1064900,0.0,0.0
2016-06-10,19.258085457079815,19.354376251684045,19.123279446590384,19.161794662475586,1213000,0.0,0.0
2016-06-13,19.05587309463349,19.19067908144745,18.94032379408308,18.96921157836914,1532900,0.0,0.0
2016-06-14,18.882556976811706,18.988475218126386,18.79589542881229,18.844039916992188,1529200,0.0,0.0
2016-06-15,18.95959141586994,18.998106643474767,18.728494540456854,18.747751235961914,1725400,0.0,0.0
2016-06-16,18.612941174623156,18.65145823052487,18.24703832652843,18.449247360229492,3386500,0.0,0.0
2016-06-17,18.40110115286712,18.439616368565865,18.17000434889224,18.37221336364746,2101700,0.0,0.0
2016-06-20,18.79589368361647,18.921070443218262,18.603312075589045,18.786264419555664,1369000,0.0,0.0
2016-06-21,18.853666904423935,19.046248507068672,18.7766346306849,18.99810218811035,1858300,0.0,0.0
2016-06-22,19.02698976729357,19.27734511330202,19.017360503609293,19.094392776489258,1575100,0.0,0.0
2016-06-23,19.344744308752684,19.537325871282977,19.25808278927344,19.52769660949707,1329900,0.0,0.0
2016-06-24,18.680342618135526,18.9884716931127,18.266293484912143,18.295181274414062,3331700,0.0,0.0
2016-06-27,18.044818983008884,18.150739000407903,17.39967329234781,17.49596405029297,2335100,0.0,0.0
2016-06-28,17.804096504076924,18.14111330479557,17.746322772597498,18.121854782104492,1536400,0.0,0.0
2016-06-29,18.39146966590172,18.65145422765899,18.304808145315963,18.507017135620117,1192500,0.0,0.0
2016-06-30,18.6418287362811,18.95958709716797,18.478134923909423,18.95958709716797,1441800,0.0,0.0
2016-07-01,18.82477788054295,19.017359470578878,18.661084079990655,18.72848892211914,1377900,0.0,0.0
2016-07-05,18.545541023374177,18.699605597551347,18.352959387355416,18.458879470825195,1031800,0.0,0.0
2016-07-06,18.295180594298234,18.59368039501149,18.17000385096496,18.58405113220215,1573800,0.0,0.0
2016-07-07,18.67071624045741,18.93070087637186,18.57442726709156,18.699604034423828,1201700,0.0,0.0
2016-07-08,18.901810068022414,19.181053188715264,18.901810068022414,19.161794662475586,1334400,0.0,0.0
2016-07-11,19.306233275756288,19.806944025037957,19.306233275756288,19.768428802490234,1891600,0.0,0.0
2016-07-12,19.941748233933748,20.153588366640903,19.903233014910633,20.10544204711914,1672300,0.0,0.0
2016-07-13,20.220989808523644,20.596521888686095,20.182472755894594,20.38468360900879,3703700,0.0,0.0
2016-07-14,20.471345872665648,20.577265934587945,20.076555252075195,20.076555252075195,1873100,0.0,0.0
2016-07-15,20.038043141823113,20.086189471209206,19.883978560976967,20.009157180786133,1036400,0.0,0.0
2016-07-18,20.192103585664018,20.240249905185777,20.047668300287327,20.10544204711914,919700,0.0,0.0
2016-07-19,20.028407083823847,20.1535856611819,19.951374819524293,20.038036346435547,1392500,0.0,0.0
2016-07-20,20.143959058582606,20.53874969482422,20.11507126693287,20.53874969482422,2149500,0.0,0.0
2016-07-21,20.192100049037897,20.230617097909086,19.86471248000871,19.989891052246094,2599300,0.0,0.0
2016-07-22,19.9513774978381,20.1343298388322,19.903233014910633,20.10544204711914,1114900,0.0,0.0
2016-07-25,20.153590380141154,20.317284209680835,20.066928832938117,20.0861873626709,1332500,0.0,0.0
2016-07-26,20.220991758141324,20.384685574409097,20.09581499821624,20.346168518066406,1735300,0.0,0.0
2016-07-27,20.423198852289776,20.480974431310425,20.07655456113666,20.36542510986328,1958400,0.0,0.0
2016-07-28,19.007728076173915,20.538745851852124,19.007728076173915,19.691390991210938,7153200,0.0,0.0
2016-07-29,19.209944216276245,19.450670325068707,18.72849199869132,19.017362594604492,4472600,0.0,0.0
2016-08-01,19.04625038883359,19.104024140697334,18.95958884274075,19.017362594604492,2735700,0.0,0.0
2016-08-02,18.998101797218858,19.161795605120552,18.747746453569547,18.757375717163086,1819900,0.0,0.0
2016-08-03,18.70923214366356,18.901811915096655,18.70923214366356,18.786264419555664,1570600,0.0,0.0
2016-08-04,18.767001741743933,19.007727780252594,18.767001741743933,18.940324783325195,1116200,0.0,0.0
2016-08-05,19.017361681923404,19.412152334468693,18.998103153361594,19.383264541625977,1811700,0.0,0.0
2016-08-08,19.3640060978285,19.373635361238264,19.19068302964119,19.325489044189453,1405400,0.0,0.0
2016-08-09,19.41215388971023,19.585476987463903,19.132912549569486,19.142539978027344,2081800,0.0,0.0
2016-08-10,19.209938122009042,19.238824070479744,19.007727299744737,19.152162551879883,1492800,0.0,0.0
2016-08-11,19.24845883257053,19.325491111494795,19.200314346965765,19.267717361450195,1218400,0.0,0.0
2016-08-12,19.248459607930187,19.412153436812407,19.181056590730652,19.335121154785156,995400,0.0,0.0
2016-08-15,19.441041907136857,19.855091126150125,19.421783376811927,19.835832595825195,2146500,0.0,0.0
2016-08-16,19.816567166371865,19.845454951801987,19.479550349396014,19.489179611206055,1016200,0.0,0.0
2016-08-17,19.412145113082325,19.67212964216851,19.402515852383537,19.662500381469727,1281800,0.0,0.0
2016-08-18,19.623992435440062,19.89360635020544,19.623992435440062,19.835832595825195,1027500,0.0,0.0
2016-08-19,19.864714197954687,20.124698790537337,19.73953745148571,20.066925048828125,1457400,0.0,0.0
2016-08-22,20.00915224415891,20.10544120598548,19.922490709239614,20.076555252075195,1227200,0.0,0.0
2016-08-23,20.192099484596934,20.31727805333513,20.163213535344983,20.259504318237305,1761800,0.0,0.0
2016-08-24,20.278763326157986,20.317280378360216,20.038037259676454,20.066925048828125,1428200,0.0,0.0
2016-08-25,20.066922008878844,20.24024504434381,20.05729274728703,20.153583526611328,1190600,0.0,0.0
2016-08-26,20.22099288095237,20.365428177068857,20.14396060058395,20.278766632080078,1137200,0.0,0.0
2016-08-29,20.346164799629953,20.529117110632967,20.317278849246424,20.326908111572266,1562600,0.0,0.0
2016-08-30,20.43282975627826,20.654299153787104,20.403943801042463,20.500234603881836,1819800,0.0,0.0
2016-08-31,20.52912200242606,20.55800979628713,20.095816114076598,20.278766632080078,2547900,0.0,0.0
2016-09-01,20.288396479281353,20.4328317795453,20.06692889643701,20.423202514648438,2011700,0.0,0.0
2016-09-02,20.606670396264988,20.654951454878123,20.345948259423675,20.54873275756836,1174600,0.06,0.0
2016-09-06,20.64529744988195,20.74186142095697,20.32663763459758,20.39423370361328,1217700,0.0,0.0
2016-09-07,20.461828530816586,20.66461121839612,20.345951393767844,20.529422760009766,1465200,0.0,0.0
2016-09-08,20.452168798537762,20.606670396264988,20.33629167934018,20.54873275756836,1277900,0.0,0.0
2016-09-09,20.355603487878053,20.403884543285287,19.583095550537106,19.58309555053711,2024300,0.0,0.0
2016-09-12,19.418937397765962,19.872785581058697,19.38031107996869,19.814847946166992,2628900,0.0,0.0
2016-09-13,19.73759810860698,19.853473384004218,19.515500454121067,19.67000389099121,1457400,0.0,0.0
2016-09-14,19.698974307434387,19.776225114843758,19.467221885206282,19.631380081176758,1196700,0.0,0.0
2016-09-15,19.6989745504603,20.201105725718246,19.66035006718137,20.162479400634766,1338700,0.0,0.0
2016-09-16,20.365263333102924,20.365263333102924,19.911415077361337,20.14316749572754,2163500,0.0,0.0
2016-09-19,20.27835559960113,20.423200628380247,20.239729276297652,20.365262985229492,1177300,0.0,0.0
2016-09-20,20.481133461862424,20.539072933211482,20.162473736658757,20.220413208007812,1250100,0.0,0.0
2016-09-21,20.297669982372806,20.59701663876578,20.278356819559175,20.57770347595215,1207300,0.0,0.0
2016-09-22,20.75151474640684,20.886703179618554,20.69357710957386,20.819108963012695,1193800,0.0,0.0
2016-09-23,20.73219873559375,20.8094495213483,20.558385848999027,20.558385848999023,1034700,0.0,0.0
2016-09-26,20.394227923454903,20.49079002535761,20.259037665543854,20.336288452148438,1410200,0.0,0.0
2016-09-27,20.230077368369468,20.47148639738674,20.123856806224353,20.452173233032227,1066600,0.0,0.0
2016-09-28,20.442510621996153,20.7997966899658,20.442510621996153,20.67426300048828,1260200,0.0,0.0
2016-09-29,20.49079387967032,20.693578383778586,20.297667797733908,20.510107040405273,1164500,0.0,0.0
2016-09-30,20.68392307087877,20.915675488486396,20.59701568405035,20.838424682617188,1586300,0.0,0.0
2016-10-03,20.857734311962837,20.9832661595629,20.72254404323487,20.732200622558594,1495000,0.0,0.0
2016-10-04,20.770828574075704,20.925330171802926,20.490793277067407,20.54873275756836,1159800,0.0,0.0
2016-10-05,20.616324479813848,21.021891585186726,20.616324479813848,20.877046585083008,1816400,0.0,0.0
2016-10-06,20.86739127271294,21.118456814306366,20.790140478515287,21.089487075805664,1008600,0.0,0.0
2016-10-07,21.07983365919621,21.099146821094493,20.828768079932043,21.07017707824707,1229900,0.0,0.0
2016-10-10,21.07017710022481,21.36952374274243,20.80945493973955,20.838424682617188,1042900,0.0,0.0
2016-10-11,20.751517318208048,20.751517318208048,20.239729577643818,20.432857513427734,1877800,0.0,0.0
2016-10-12,20.4618269095626,20.490794810176112,20.2590423962457,20.481138229370117,1226700,0.0,0.0
2016-10-13,20.20110037799213,20.278351165904365,19.824503017145492,20.230070114135742,1449100,0.0,0.0
2016-10-14,20.384575846244193,20.577701934499917,20.37491926556074,20.47148323059082,1829800,0.0,0.0
2016-10-17,20.471483837306312,20.616328868242004,20.394233031353647,20.432857513427734,1474800,0.0,0.0
2016-10-18,20.674267799967232,20.674267799967232,20.384577720052295,20.529422760009766,924800,0.0,0.0
2016-10-19,20.490794212688833,20.838423744350212,20.413543410297905,20.693578720092773,1641200,0.0,0.0
2016-10-20,20.606666899419114,20.703230842063302,20.365257963710647,20.558385848999023,1757100,0.0,0.0
2016-10-21,19.525155845552806,20.71288931780573,19.525155845552806,20.67426300048828,1368600,0.0,0.0
2016-10-24,20.94464268563972,21.36952114537611,20.88670320692672,21.22467613220215,1698100,0.0,0.0
2016-10-25,21.166742649276422,21.38883850251653,20.954303377716926,21.17639923095703,1511300,0.0,0.0
2016-10-26,21.031555126167447,21.350214968603105,21.031555126167447,21.263307571411133,1610400,0.0,0.0
2016-10-27,22.528283040056966,22.547596198003998,21.543334086407874,22.035808563232422,4376200,0.0,0.0
2016-10-28,22.296535166736426,22.86626054844377,22.199971199330953,22.28687858581543,3295400,0.0,0.0
2016-10-31,22.460688619063184,22.63450335535323,22.34481151426845,22.48965835571289,2381600,0.0,0.0
2016-11-01,22.49931877579171,22.81797859221092,22.21928528466189,22.431724548339844,3381300,0.0,0.0
2016-11-02,22.451035153922707,22.634506494541704,22.142031954019778,22.18065643310547,2106400,0.0,0.0
2016-11-03,22.170999852882957,22.286876973748733,22.06478115404405,22.18065643310547,1719300,0.0,0.0
2016-11-04,22.113065420964357,22.383444181001405,21.900626150666792,22.04547119140625,2490300,0.0,0.0
2016-11-07,22.27722451225145,22.653822001534834,22.27722451225145,22.537946701049805,1828900,0.0,0.0
2016-11-08,22.499317841838064,22.885573711480102,22.36412939254604,22.63450813293457,3373000,0.0,0.0
2016-11-09,22.23859529856453,22.837288521345144,22.209625558699287,22.740724563598633,2260800,0.0,0.0
2016-11-10,22.85660072352379,23.126979425523814,22.315845161327964,22.59587860107422,2267600,0.0,0.0
2016-11-11,22.682787892726154,23.049730579446194,22.460692069703402,23.001447677612305,2112500,0.0,0.0
2016-11-14,23.146291782302292,23.416670496444812,23.078697564217737,23.20423126220703,1879200,0.0,0.0
2016-11-15,23.29113896566889,23.542202681546563,23.184918426163797,23.445640563964844,1132500,0.0,0.0
2016-11-16,23.387701355926172,23.65808007699858,23.36839003726728,23.62911033630371,1384400,0.0,0.0
2016-11-17,23.677392326743853,23.91880129783593,23.542202050505377,23.831893920898438,1493500,0.0,0.0
2016-11-18,23.74498999744203,23.98639900364473,23.677395770394003,23.880178451538086,2287000,0.0,0.0
2016-11-21,24.07330639322207,24.092619555751376,23.677395770394003,23.880178451538086,1557700,0.0,0.0
2016-11-22,24.044335994705666,24.13124338191653,23.77395909387586,23.860864639282227,1506500,0.0,0.0
2016-11-23,23.967081709277533,24.09261540227193,23.754642483492546,24.04433250427246,950300,0.0,0.0
2016-11-25,24.044331273476697,24.314709963020746,23.986393640647307,24.29539680480957,489800,0.0,0.0
2016-11-28,24.12116853010991,24.31475810050491,24.063092397474197,24.15020751953125,1091500,0.06,0.0
2016-11-29,24.150208782204,24.169566263290015,23.73399247643812,23.801748275756836,1721900,0.0,0.0
2016-11-30,23.85982561765701,24.014696551416975,23.588802406680642,23.598480224609375,1990900,0.0,0.0
2016-12-01,23.66623568605879,23.66623568605879,22.64021353697665,22.678932189941406,2309900,0.0,0.0
2016-12-02,22.785409100605584,23.19194392340637,22.698293968231933,23.17258644104004,1856000,0.0,0.0
2016-12-05,23.453293360109857,23.61784398891251,23.33714106107711,23.49201202392578,1340400,0.0,0.0
2016-12-06,23.87918457343584,24.421232833140287,23.724313642091712,24.169567108154297,3817700,0.0,0.0
2016-12-07,24.430913564355254,24.87616889607532,24.372837424116014,24.70193862915039,13299300,0.0,0.0
2016-12-08,24.818088456600286,25.737636176168014,24.779371649003313,25.40853500366211,6737500,0.0,0.0
2016-12-09,25.660199437612743,25.660199437612743,24.93424133078321,25.011676788330078,2266700,0.0,0.0
2016-12-12,25.16654829622243,25.16654829622243,24.556744284452726,24.760011672973633,1622200,0.0,0.0
2016-12-13,24.86648724169494,25.137510438593885,24.837448250795596,24.84712791442871,2000600,0.0,0.0
2016-12-14,24.760014639129395,25.011680373785055,24.672899506125233,24.692258834838867,1929200,0.0,0.0
2016-12-15,25.04071650330789,25.27302288268437,24.71161533763947,25.069753646850586,1727000,0.0,0.0
2016-12-16,25.137510774975983,25.19558875755185,24.682577655374224,24.721296310424805,2915300,0.0,0.0
2016-12-19,24.798734705760147,25.060078273416433,24.760016046132662,24.95360565185547,1068600,0.0,0.0
2016-12-20,24.96328196244408,25.07943423330453,24.827768518164145,24.992319107055664,1149500,0.0,0.0
2016-12-21,24.992319176511298,25.11815295753472,24.682577325079897,24.84712791442871,1605400,0.0,0.0
2016-12-22,25.108472296153593,25.108472296153593,24.556744414439816,24.769691467285156,1133600,0.0,0.0
2016-12-23,24.78905426774597,24.905206550591316,24.643861144878414,24.895526885986328,754800,0.0,0.0
2016-12-27,24.885845889411655,25.21494708353767,24.8568087433581,25.089115142822266,799000,0.0,0.0
2016-12-28,25.16655083411715,25.176230498290515,24.77937349821832,24.80841064453125,1296000,0.0,0.0
2016-12-29,24.750335693359375,24.934245629064048,24.55674793922411,24.750335693359375,1205400,0.0,0.0
2016-12-30,24.876165450805416,24.924561919934156,24.479308496087487,24.58578109741211,1259200,0.0,0.0
2017-01-03,24.692255281110402,25.08911223158797,24.43090991971095,24.566421508789062,1650700,0.0,0.0
2017-01-04,24.585780836434516,25.11815122223434,24.566421510505737,24.71161460876465,2448400,0.0,0.0
2017-01-05,24.76001239681991,25.108472897279363,24.634180463991235,24.81808853149414,1590500,0.0,0.0
2017-01-06,24.818090568879455,24.895526036870997,24.63418248627903,24.827770233154297,2354000,0.0,0.0
2017-01-09,24.895526885986328,25.10847581488154,24.876169402983603,24.895526885986328,1966000,0.0,0.0
2017-01-10,24.856807817088953,25.5053305170874,24.856807817088953,25.466611862182617,2659600,0.0,0.0
2017-01-11,25.534364622146203,25.650518726825112,24.895521661929372,25.379493713378906,2723100,0.0,0.0
2017-01-12,25.195589579441172,25.476292452886135,24.895525531632263,25.389177322387695,2064800,0.0,0.0
2017-01-13,25.544044500974948,25.834428842027165,25.485968371247253,25.689237594604492,1705000,0.0,0.0
2017-01-17,25.68924065361564,25.698918471216935,24.972960301451405,25.031038284301758,1780600,0.0,0.0
2017-01-18,25.243985465855605,25.485971523559822,25.108473864327518,25.34078025817871,1305500,0.0,0.0
2017-01-19,25.32142363943366,25.56340972302627,25.22462883675516,25.2536678314209,1791700,0.0,0.0
2017-01-20,25.447254180908203,25.650521578939273,25.350459390614187,25.447254180908203,1314300,0.0,0.0
2017-01-23,25.282702148662597,25.611801462952833,25.09879224221841,25.1859073638916,1912600,0.0,0.0
2017-01-24,25.166550497898502,25.747317417091434,25.147191169810405,25.679561614990234,3229900,0.0,0.0
2017-01-25,25.94090575978361,26.415200077884386,25.9215482774546,26.32808494567871,3765000,0.0,0.0
2017-01-26,27.59608819549365,27.76063877637705,26.434554466174713,26.686220169067383,8138600,0.0,0.0
2017-01-27,26.87981052565798,27.69288379072427,26.87981052565798,27.644485473632812,3413300,0.0,0.0
2017-01-30,27.470254380326384,27.92518931597034,27.20891086089197,27.87679100036621,3400400,0.0,0.0
2017-01-31,27.799354135355017,27.799354135355017,27.073396053878966,27.470252990722656,3098200,0.0,0.0
2017-02-01,27.683204781543377,27.779999571806826,27.50897452831058,27.69288444519043,2376700,0.0,0.0
2017-02-02,27.54769244220765,28.06070355884662,27.32506570801244,27.780000686645508,3470900,0.0,0.0
2017-02-03,27.905831829580915,28.09942141234699,27.760640565609904,27.867115020751953,1994100,0.0,0.0
2017-02-06,27.867114698423222,27.944550161392566,27.499294864663533,27.69288444519043,1700200,0.0,0.0
2017-02-07,27.8864716494753,28.07038156285959,27.69288391883497,27.954227447509766,1915300,0.0,0.0
2017-02-08,27.973586573602645,28.012305227176952,27.625127922468955,27.93486976623535,2426200,0.0,0.0
2017-02-09,27.934870165369855,28.099420752997737,27.750960250678215,27.818716049194336,2173300,0.0,0.0
2017-02-10,27.98326669968644,28.0607021619084,27.634806196584105,27.973587036132812,1683300,0.0,0.0
2017-02-13,28.089741152569275,28.0994208161229,27.925190564571732,27.973587036132812,1493600,0.0,0.0
2017-02-14,27.925191216102867,28.05102315282173,27.702564487796447,28.02198600769043,1231500,0.0,0.0
2017-02-15,28.138138280629825,28.157497608188756,27.876792897205544,28.02198600769043,2685100,0.0,0.0
2017-02-16,28.205893817919844,28.205893817919844,27.85743515614319,28.002626419067383,1167000,0.0,0.0
2017-02-17,27.91551232442076,28.283330327178216,27.838076858250393,28.234933853149414,2024500,0.0,0.0
2017-02-21,28.30268937577797,28.70922603070955,28.263972566178694,28.515636444091797,2144200,0.0,0.0
2017-02-22,28.5156328601272,28.622360899743285,28.40890667111522,28.467121124267578,1600100,0.07,0.0
2017-02-23,28.59325193931135,28.59325193931135,28.09842447499863,28.20515251159668,1786700,0.0,0.0
2017-02-24,27.87527188061566,28.14694244766625,27.671520343280967,28.079025268554688,2182600,0.0,0.0
2017-02-27,28.098427287280153,28.12753544124861,27.855864889355686,28.00140380859375,2472400,0.0,0.0
2017-02-28,27.98200017205787,28.049917351747602,27.535684368861347,27.593900680541992,2604900,0.0,0.0
2017-03-01,27.981995571986253,28.282772397139617,27.84616123493713,28.20515251159668,2342900,0.0,0.0
2017-03-02,28.156649822382633,28.282781482932954,27.875276490271286,27.894681930541992,1530600,0.0,0.0
2017-03-03,27.933488371355683,28.059620011858737,27.758843137886572,28.0305118560791,1931500,0.0,0.0
2017-03-06,27.817054895642812,28.273071521582995,27.652112396795655,28.224559783935547,1762800,0.0,0.0
2017-03-07,28.12753849828573,28.321589177957367,27.952893256702147,28.17605209350586,1518700,0.0,0.0
2017-03-08,28.24397059222156,28.408913122446524,28.146945247864902,28.30218505859375,1135600,0.0,0.0
2017-03-09,28.079025825849016,28.45742260304038,27.97229777049581,28.379802703857422,1128400,0.0,0.0
2017-03-10,28.56415045219125,28.971655382611118,28.56415045219125,28.855224609375,2042900,0.0,0.0
2017-03-13,28.855221214447425,29.38885957397218,28.7970067599807,29.204511642456055,3226500,0.0,0.0
2017-03-14,29.107490264812455,29.25302734601564,28.991059489487274,29.16570472717285,930000,0.0,0.0
2017-03-15,29.34034719239244,29.893389159068416,29.253024581801053,29.796363830566406,2496900,0.0,0.0
2017-03-16,29.84487693948281,30.058331178266286,29.767257048052073,29.91279411315918,1375800,0.0,0.0
2017-03-17,30.029224875607376,30.155356505205752,29.883685959896084,29.91279411315918,1923600,0.0,0.0
2017-03-20,29.883685517311672,30.262084101711,29.84487649747317,30.019521713256836,1835800,0.0,0.0
2017-03-21,30.077741793044623,30.252387041488053,29.08808661893485,29.194814682006836,1806300,0.0,0.0
2017-03-22,29.107484762963253,29.612014942999586,29.078376611982836,29.563501358032227,1405600,0.0,0.0
2017-03-23,29.437375090593765,29.757557407177366,29.379160628652485,29.64112663269043,987000,0.0,0.0
2017-03-24,30.03892450141829,30.242677864631613,29.718742231172307,29.757553100585938,1357100,0.0,0.0
2017-03-27,29.359753957090785,29.99041584499246,29.272431342547016,29.932201385498047,1122600,0.0,0.0
2017-03-28,29.844880636383753,30.06803762056417,29.670235396380154,29.941905975341797,1291600,0.0,0.0
2017-03-29,29.893395144074482,29.961312332442436,29.592618231043,29.74785804748535,1435000,0.0,0.0
2017-03-30,29.73815041467106,30.058332714512513,29.73815041467106,30.000118255615234,1002800,0.0,0.0
2017-03-31,29.90308839309919,30.281485094507023,29.90308839309919,30.174758911132812,1838400,0.0,0.0
2017-04-03,30.242676953900663,30.397916725672047,29.56350156444783,29.9613037109375,2456400,0.0,0.0
2017-04-04,30.01952260071492,30.504647391964852,30.01952260071492,30.252382278442383,2051400,0.0,0.0
2017-04-05,30.504650738797718,31.30025333703665,30.446434425025462,30.786022186279297,5047100,0.0,0.0
2017-04-06,30.78602366754609,30.980074354914848,30.407626862841973,30.88304901123047,2331300,0.0,0.0
2017-04-07,30.795723688204184,31.174122310351997,30.737509227336957,31.067394256591797,2060400,0.0,0.0
2017-04-10,31.16442464904118,31.203235531958338,30.689002436934544,30.815135955810547,1767400,0.0,0.0
2017-04-11,30.630776393679326,30.853933334350586,30.300891415902658,30.853933334350586,2063500,0.0,0.0
2017-04-12,30.80542351991421,30.844234390591506,30.300893304734394,30.41732406616211,1845900,0.0,0.0
2017-04-13,30.330001040035178,30.58226614415087,30.05833050084809,30.06803321838379,1524700,0.0,0.0
2017-04-17,30.23297799188779,30.446432241934236,30.000118305308675,30.42702865600586,1227500,0.0,0.0
2017-04-18,30.252381904156845,30.407621687387845,30.09714212092585,30.339704513549805,1526200,0.0,0.0
2017-04-19,30.62107901127086,31.096501126632607,30.611376292516002,30.93155860900879,1942000,0.0,0.0
2017-04-20,31.067390930742864,31.474893963793463,30.83453126159789,31.397275924682617,1978800,0.0,0.0
2017-04-21,31.348767594728976,31.542814564200235,31.077095175293557,31.474897384643555,2074300,0.0,0.0
2017-04-24,31.969722586578282,32.066746058587675,31.717455637420727,31.998828887939453,2629500,0.0,0.0
2017-04-25,32.29961279969321,32.67800958345195,32.15407386692039,32.561580657958984,2589800,0.0,0.0
2017-04-26,32.59068603444809,32.90116562771275,32.3287181836544,32.76533126831055,2797800,0.0,0.0
2017-04-27,33.95873452371483,35.307380816891886,33.512420615407436,35.26856994628906,9593900,0.0,0.0
2017-04-28,35.0648153143262,35.50142831682385,34.17218757696033,34.220699310302734,5362400,0.0,0.0
2017-05-01,34.38564537498422,35.152143466966756,34.21100014640064,34.71553039550781,2761600,0.0,0.0
2017-05-02,34.70582922094554,34.82225813856901,34.33713333039456,34.783447265625,1745700,0.0,0.0
2017-05-03,34.60879234714927,34.60879234714927,34.23039569492828,34.36623001098633,2156700,0.0,0.0
2017-05-04,34.47297274079699,34.57970080644303,34.33713836677807,34.521488189697266,1366300,0.0,0.0
2017-05-05,34.67672398478041,34.80285377392002,34.269217208735434,34.54088592529297,2178600,0.0,0.0
2017-05-08,34.77375234673014,34.77375234673014,34.24011570669087,34.31773376464844,2669200,0.0,0.0
2017-05-09,34.45356005922619,34.57969353767684,34.327430281983865,34.43415832519531,1944800,0.0,0.0
2017-05-10,34.531185057362485,35.026010748407806,34.424457004083834,34.54088592529297,2806900,0.0,0.0
2017-05-11,34.540881970880164,34.68642088163606,34.26921328542462,34.57969284057617,1526000,0.0,0.0
2017-05-12,34.55058827322229,34.65731631963954,34.04605804547337,34.18189239501953,1751100,0.0,0.0
2017-05-15,34.33713757283367,34.80285700207692,34.308031265133785,34.68642807006836,4356200,0.0,0.0
2017-05-16,34.8028530097996,34.91928562966105,34.51177886256316,34.71553039550781,1564900,0.0,0.0
2017-05-17,34.715535072360915,34.715535072360915,32.84295274788176,32.852657318115234,2609400,0.0,0.0
2017-05-18,32.67800862789744,33.706474593103025,32.15407292668656,33.62885284423828,2727800,0.0,0.0
2017-05-19,33.94903614667256,34.25951573185067,33.72587547494273,33.81319808959961,1589700,0.0,0.0
2017-05-22,34.05576411592973,34.05576411592973,33.57063924988396,33.87141799926758,2280700,0.0,0.0
2017-05-23,34.075169554716645,34.230409363802934,33.52212750352118,33.87141799926758,1154200,0.0,0.0
2017-05-24,34.036357574192536,34.21099909620646,33.86171235097014,34.10427474975586,1453300,0.0,0.0
2017-05-25,34.22070282122815,34.356537169006224,34.05575846949165,34.28861999511719,1321500,0.0,0.0
2017-05-26,34.42446850530177,34.618519239621804,34.09458336732068,34.53119659423828,1683800,0.0,0.0
2017-05-30,34.45341278261165,34.76450426126029,34.433969101633245,34.68673324584961,1595900,0.07,0.0
2017-05-31,34.92004730986928,34.978378348309896,34.41452647739466,34.56034851074219,1720300,0.0,0.0
2017-06-01,34.5311784754665,34.667280498217174,34.190919710087826,34.42424011230469,1573800,0.0,0.0
2017-06-02,34.52145604550756,34.67700174983883,34.10342997827525,34.28813934326172,2047700,0.0,0.0
2017-06-05,34.190925871773516,34.36591527784622,34.02566015965077,34.171485900878906,1500000,0.0,0.0
2017-06-06,33.95759996425807,34.43395700107039,33.782610605448994,33.9187126159668,2110200,0.0,0.0
2017-06-07,33.99649128509145,34.77421979928742,33.99649128509145,34.3270263671875,2492200,0.0,0.0
2017-06-08,34.53118277518843,34.85199419611838,34.37563705717642,34.78394317626953,2564500,0.0,0.0
2017-06-09,34.968656669585926,34.99782033314275,32.48964142918633,33.092384338378906,4979000,0.0,0.0
2017-06-12,32.73268383539081,32.73268383539081,31.4980416954978,32.460479736328125,3609000,0.0,0.0
2017-06-13,32.78129584612196,33.354871434825256,32.22716393770555,32.36326599121094,2771300,0.0,0.0
2017-06-14,32.470204987374395,32.48964495952298,31.381381121909502,31.68275260925293,2952200,0.0,0.0
2017-06-15,31.070285714005944,31.517479186852142,30.827245299393567,31.080007553100586,2599100,0.0,0.0
2017-06-16,31.06056825586146,31.877184263728807,31.011959056434026,31.634143829345703,4454400,0.0,0.0
2017-06-19,32.06189172402938,32.30493214374625,31.789687640667285,31.838294982910156,3485700,0.0,0.0
2017-06-20,31.74108144468205,31.964678193875965,31.39110263429066,31.507761001586914,1928300,0.0,0.0
2017-06-21,31.721638733411723,31.877184464054295,31.43971093771495,31.604976654052734,2210100,0.0,0.0
2017-06-22,31.585537705859466,31.799410774607097,31.07028944325626,31.089733123779297,2297400,0.0,0.0
2017-06-23,31.099452707663122,31.634142757744232,31.060567203689775,31.536924362182617,6876500,0.0,0.0
2017-06-26,31.56609239786154,31.90634751821468,30.759196386020268,31.06056785583496,2605900,0.0,0.0
2017-06-27,30.94390652700913,31.00223570923476,30.117568719432445,30.1467342376709,3301200,0.0,0.0
2017-06-28,30.341165762754606,30.51615516541056,29.757870226236474,30.32172393798828,4555500,0.0,0.0
2017-06-29,30.21478198889635,30.331442194971707,29.048187345147024,29.45649528503418,3308200,0.0,0.0
2017-06-30,29.52455061777114,29.777311019236983,29.184293663757735,29.194015502929688,1881600,0.0,0.0
2017-07-03,29.33011869467841,29.51482993769697,28.8537596820527,28.863481521606445,973900,0.0,0.0
2017-07-05,29.534270577240758,30.40921755945017,29.456497718183392,30.02035140991211,5637400,0.0,0.0
2017-07-06,29.75786798803973,29.971742878393325,29.232899819556618,29.942577362060547,4496000,0.0,0.0
2017-07-07,30.098127212476037,30.61337361302766,30.098127212476037,30.52587890625,4754200,0.0,0.0
2017-07-10,30.584205073916767,31.614697773306787,30.331444672897863,31.478595733642578,4063800,0.0,0.0
2017-07-11,31.439709638001116,31.945234168816842,31.37165861543963,31.75080108642578,3179700,0.0,0.0
2017-07-12,32.12994398444601,32.567417498514644,31.857739890582256,32.12022399902344,3215100,0.0,0.0
2017-07-13,32.12021529075272,32.36325565395423,31.99383326350747,32.236873626708984,2341300,0.0,0.0
2017-07-14,32.39243468428272,33.06322507001575,32.30493996366507,33.043785095214844,3499700,0.0,0.0
2017-07-17,33.05349270837797,33.24792576012766,32.76184498500445,33.140987396240234,2329400,0.0,0.0
2017-07-18,33.053496651027515,33.568741147396274,32.956281967807826,33.53957748413086,2335900,0.0,0.0
2017-07-19,33.74373542113074,33.98677587281016,33.4812512882966,33.8409538269043,2854600,0.0,0.0
2017-07-20,34.12286566580593,34.47284438377344,33.772890656340074,34.346466064453125,3295900,0.0,0.0
2017-07-21,34.18119841799401,34.24924942676447,33.77289236537125,34.152034759521484,2057200,0.0,0.0
2017-07-24,34.22009996020121,34.77423195200234,34.045110519789965,34.667293548583984,2007800,0.0,0.0
2017-07-25,34.65756575893925,35.104759246647525,34.40480164258064,35.095035552978516,3354400,0.0,0.0
2017-07-26,35.201971520990185,35.83387806009864,34.93948743744524,35.77554702758789,5085600,0.0,0.0
2017-07-27,33.10209753035724,34.02565167465538,32.081328721817925,33.42291259765625,11251100,0.0,0.0
2017-07-28,33.36458065915158,34.083981763716174,33.36458065915158,33.52012634277344,4731700,0.0,0.0
2017-07-31,33.734009754708495,34.02565750591587,33.52985669971356,33.627071380615234,3498400,0.0,0.0
2017-08-01,33.860392614060245,33.89927626224665,33.286817082658196,33.53957748413086,2427800,0.0,0.0
2017-08-02,33.82150433414437,33.84094801195805,32.29521085654336,32.392425537109375,4230700,0.0,0.0
2017-08-03,32.47993184789852,32.693808671829295,31.77997403030959,32.38271713256836,3951600,0.0,0.0
2017-08-04,32.46048290414012,32.596584966953635,31.984125684292817,32.528533935546875,2864300,0.0,0.0
2017-08-07,32.53825753348136,33.15071681431401,32.53825753348136,32.946563720703125,3390500,0.0,0.0
2017-08-08,32.91739019742166,33.384027289611986,32.645186154102795,32.77156448364258,2108300,0.0,0.0
2017-08-09,32.43130688344044,32.82989293350963,32.168822844345854,32.635459899902344,1572300,0.0,0.0
2017-08-10,32.40214390223371,32.43130755990753,31.663299100815184,31.71190643310547,2490300,0.0,0.0
2017-08-11,31.69246657449092,32.567413495072856,31.673026606035485,32.547969818115234,2342400,0.0,0.0
2017-08-14,32.89794842744092,33.48124389934326,32.89794842744092,33.403472900390625,2592600,0.0,0.0
2017-08-15,33.393747032340144,33.86038782966626,33.277088687259585,33.63678741455078,2159800,0.0,0.0
2017-08-16,33.73400925623649,33.90899864607565,33.50068883361684,33.685401916503906,1662700,0.0,0.0
2017-08-17,33.56875206535331,33.69513416144559,32.76185954838796,32.80074691772461,1636700,0.0,0.0
2017-08-18,32.92710876464844,33.14098548005712,32.69379208284059,32.92710876464844,1312900,0.0,0.0
2017-08-21,33.053497952565536,33.09238531078565,32.372984017723965,32.98544692993164,2544100,0.0,0.0
2017-08-22,33.189599449210036,33.93816439431175,33.14099210648967,33.870113372802734,1751800,0.0,0.0
2017-08-23,33.53958253083565,33.93816872561561,33.47153150064174,33.81178665161133,1936600,0.0,0.0
2017-08-24,33.91872365950435,33.91872365950435,33.209046010383354,33.54930114746094,1382300,0.0,0.0
2017-08-25,33.77289761125107,33.87011229359423,33.42291882121182,33.56874084472656,1323000,0.0,0.0
2017-08-28,33.64652025119767,33.90900438034446,33.45208715088491,33.88956069946289,1437500,0.0,0.0
2017-08-29,33.45208571872956,34.093712326340224,33.286820001066005,34.04510498046875,1522700,0.0,0.0
2017-08-30,34.054821144838876,34.890880750621214,34.0256574822891,34.871437072753906,2326300,0.0,0.0
2017-08-31,34.97837784053629,35.026985184279845,34.35619494021254,34.61867904663086,2195400,0.0,0.0
2017-09-01,34.67701237362803,34.86172550370608,34.41453193031242,34.79367446899414,1044400,0.0,0.0
2017-09-05,34.851989524889866,34.88115689270324,33.996490044738024,34.46312713623047,1460800,0.0,0.0
2017-09-06,34.580021684444844,34.77483945118715,34.11246127376722,34.6969108581543,1473000,0.07,0.0
2017-09-07,34.84302825284911,35.047585254238946,34.43391053422926,34.726139068603516,2184300,0.0,0.0
2017-09-08,34.570284656566386,34.72613813665793,34.01505268566019,34.1709098815918,1704700,0.0,0.0
2017-09-11,34.51183689460009,35.21317938623956,34.51183689460009,34.813804626464844,1753800,0.0,0.0
2017-09-12,34.833281589512865,35.51514190362986,34.735874565713196,35.16447067260742,1829500,0.0,0.0
2017-09-13,35.12551185495968,35.2229188836466,34.70665494309402,35.09628677368164,2618500,0.0,0.0
2017-09-14,35.09628393230287,35.60280861531473,34.85276266446098,34.91120910644531,1601800,0.0,0.0
2017-09-15,34.95017428480783,35.98270210842722,34.90147077317593,35.91451644897461,3999600,0.0,0.0
2017-09-18,35.03784287891329,35.28136415838121,34.50209309141199,34.6969108581543,5443000,0.0,0.0
2017-09-19,34.911207953089175,35.4664361281585,34.804058004244304,35.25213623046875,2945700,0.0,0.0
2017-09-20,35.13525719639038,35.21318580559666,34.57028964300727,34.86251449584961,1768200,0.0,0.0
2017-09-21,34.83329188114533,35.115777535801534,34.609252687541016,34.765106201171875,1609000,0.0,0.0
2017-09-22,34.706663336334756,35.59308088877517,34.696920401605915,35.50541305541992,2789300,0.0,0.0
2017-09-25,35.31057948718385,35.398247281440774,34.502087193943446,34.930686950683594,2036200,0.0,0.0
2017-09-26,34.97939643413864,35.13524990436452,34.4631325107354,34.6969108581543,1782400,0.0,0.0
2017-09-27,34.99888725386474,36.343126090016945,34.99888725386474,35.83660125732422,3783200,0.0,0.0
2017-09-28,35.77815560094473,36.29441966384485,35.54437719035786,36.099605560302734,2736200,0.0,0.0
2017-09-29,36.24571031444671,36.49897455370544,35.93400333985154,36.323638916015625,2142900,0.0,0.0
2017-10-02,36.498971675242174,36.92756780254957,36.33337526788799,36.87886428833008,3398300,0.0,0.0
2017-10-03,37.09316026601906,37.11263869696388,36.56715345035978,36.73274612426758,1785200,0.0,0.0
2017-10-04,36.791199301531954,37.01523845681712,36.684049332517255,36.91783142089844,1509800,0.0,0.0
2017-10-05,36.995757018243836,37.0249783864136,36.635346519402304,36.742496490478516,1399600,0.0,0.0
2017-10-06,36.70353148286904,37.0249776740729,36.635345814557915,36.91783142089844,1355500,0.0,0.0
2017-10-09,36.917830144613056,36.98601581056694,36.732751580589564,36.96653366088867,1274000,0.0,0.0
2017-10-10,37.13212447733058,37.34642439708951,36.723010502343456,37.33668518066406,1461700,0.0,0.0
2017-10-11,37.30745688612769,37.628906738077106,37.18082478846523,37.60942459106445,1134400,0.0,0.0
2017-10-12,37.50227746794124,37.95035573549689,37.404870441373454,37.64839172363281,1166100,0.0,0.0
2017-10-13,37.96009580561305,38.03802067782408,37.58994244405179,37.60942459106445,2448900,0.0,0.0
2017-10-16,37.589945767227285,37.882170566572334,37.34642448179975,37.628910064697266,1861600,0.0,0.0
2017-10-17,37.784763908003754,38.184138671374356,37.47305695687743,38.0575065612793,1711400,0.0,0.0
2017-10-18,38.1743942638972,38.310769301105275,37.54124116956747,38.262062072753906,1608000,0.0,0.0
2017-10-19,37.89191416239096,38.07698900485439,37.268496539474185,38.047767639160156,2344800,0.0,0.0
2017-10-20,38.388694673834244,38.44714111910696,37.96983777231277,38.09646987915039,1593600,0.0,0.0
2017-10-23,38.330240918385314,38.38868735251138,37.85294137845948,37.93086624145508,2582300,0.0,0.0
2017-10-24,38.11594977946845,38.47636021445994,37.999056895817446,38.18413543701172,3401700,0.0,0.0
2017-10-25,38.14517691641508,38.44714467112892,37.58020942327588,38.1062126159668,3223200,0.0,0.0
2017-10-26,39.93749314752196,41.15509964592202,38.82703661551553,40.940799713134766,8440000,0.0,0.0
2017-10-27,40.580390496343846,41.70058999616348,40.55116912853924,41.63240432739258,3981000,0.0,0.0
2017-10-30,41.78824750027185,41.78824750027185,41.23301935399719,41.58368682861328,2274200,0.0,0.0
2017-10-31,41.62265757364426,42.50907490214116,41.59343620852192,41.77851104736328,3209800,0.0,0.0
2017-11-01,42.15840486652534,42.15840486652534,40.81417001058265,41.437583923339844,3185900,0.0,0.0
2017-11-02,41.34017668808089,41.72007305703181,40.76546624172785,41.44732666015625,2368400,0.0,0.0
2017-11-03,41.70058265378168,41.88565747702442,41.45706138938038,41.768768310546875,1351500,0.0,0.0
2017-11-06,41.80772610987566,42.37269718933637,41.466797848710996,42.32399368286133,2139500,0.0,0.0
2017-11-07,42.31425251695614,42.51881319802636,42.09021340515496,42.401920318603516,2605700,0.0,0.0
2017-11-08,42.21685170484585,42.898712071672115,42.09996252408251,42.75259780883789,2457800,0.0,0.0
2017-11-09,42.32400032481003,42.655189422989274,41.749289940200164,42.50907516479492,2850500,0.0,0.0
2017-11-10,42.538295061467714,42.762337907187984,42.36296315986373,42.56752014160156,1498900,0.0,0.0
2017-11-13,42.21684513377235,43.18119094352916,42.09995597120287,42.713626861572266,2294200,0.0,0.0
2017-11-14,42.54804292543269,42.75259993088183,41.99281464444775,42.226593017578125,1687900,0.0,0.0
2017-11-15,41.80773625006044,41.88566485199305,40.95054392384324,41.63240432739258,2046100,0.0,0.0
2017-11-16,41.807731800666424,42.77207770983044,41.68110340976276,42.69415283203125,2048700,0.0,0.0
2017-11-17,42.82077619627032,43.14222603353712,42.314251544596225,42.44088363647461,1618800,0.0,0.0
2017-11-20,42.82078517451656,43.47342420103084,42.82078517451656,43.27860641479492,1680500,0.0,0.0
2017-11-21,42.80129809271884,43.07404444835921,42.567519748843985,42.87922668457031,1985500,0.0,0.0
2017-11-22,42.87923385038076,43.02534441076002,42.090223447307274,42.158409118652344,1391800,0.0,0.0
2017-11-24,42.30451817599479,42.596742976543545,42.20711114775852,42.50907516479492,1006000,0.0,0.0
2017-11-27,42.11944464656043,42.31425870909464,41.7395483066026,41.866180419921875,1891300,0.0,0.0
2017-11-28,41.96373933174024,42.129605855940596,41.612499799476986,41.94422912597656,1825800,0.07,0.0
2017-11-29,41.80763207844502,41.95398467654226,38.65620530402126,39.8270149230957,4806100,0.0,0.0
2017-11-30,40.19777636214068,40.46120883344837,39.26113005653662,39.48553466796875,4259900,0.0,0.0
2017-12-01,38.96841845674883,39.30014776763927,37.95372031923185,39.13428497314453,2995300,0.0,0.0
2017-12-04,39.66116204910913,39.866052760223425,37.807379377945786,38.28546142578125,2983900,0.0,0.0
2017-12-05,38.29520527053292,39.30990714420583,38.06104186818493,38.704986572265625,2130100,0.0,0.0
2017-12-06,38.30496528160574,39.16355957103651,38.15861639304805,38.987937927246094,1201200,0.0,0.0
2017-12-07,39.29039878243571,39.67091110848509,39.15380499584378,39.31966781616211,1498300,0.0,0.0
2017-12-08,39.787983813492424,39.98311935436353,39.24160876533438,39.52455139160156,1779400,0.0,0.0
2017-12-11,39.66115331710932,39.92458204660012,39.144043517605745,39.475772857666016,1388200,0.0,0.0
2017-12-12,40.71487818498454,40.831958030362244,39.62212427702327,39.953853607177734,1837700,0.0,0.0
2017-12-13,40.178265039412224,40.363641802998075,39.631886131403974,39.8367805480957,1556300,0.0,0.0
2017-12-14,39.846530311627475,40.490475067438396,39.70993653341021,40.022151947021484,1899600,0.0,0.0
2017-12-15,40.08068673050923,41.06611575970441,40.06117280533003,40.86122512817383,3708600,0.0,0.0
2017-12-18,41.2612538939429,41.524686317638526,40.8026859280393,41.33930587768555,2056900,0.0,0.0
2017-12-19,41.28077133106374,41.71006658290983,41.27101250607791,41.427120208740234,1656300,0.0,0.0
2017-12-20,41.85641739260592,42.25644359619087,41.583226133203254,41.953983306884766,1599900,0.0,0.0
2017-12-21,41.94422995534703,42.21741750425395,41.60274179731218,41.934471130371094,2013900,0.0,0.0
2017-12-22,41.94423148245803,42.01252837217132,41.38809381751911,41.74909591674805,982400,0.0,0.0
2017-12-26,41.3002885345602,41.39785446074892,41.02709724180908,41.095394134521484,1537600,0.0,0.0
2017-12-27,41.17346065953189,41.30029937438899,41.00759407519531,41.271026611328125,1161500,0.0,0.0
2017-12-28,41.553952184032156,41.827139689193096,41.34906155516145,41.54419708251953,1313400,0.0,0.0
2017-12-29,41.592985300743095,41.67103728842957,40.822201917120836,40.851470947265625,1061700,0.0,0.0
2018-01-02,42.64671758813146,43.41750108491785,42.03204553344,43.10528564453125,2890400,0.0,0.0
2018-01-03,43.12479423960335,43.31992979617916,42.43206654956532,43.29065704345703,2170800,0.0,0.0
2018-01-04,43.446773002539786,43.64190859620625,42.95893587932456,43.49555969238281,1354300,0.0,0.0
2018-01-05,43.749226413530565,44.64684479123476,43.573604779301256,44.50049591064453,2210500,0.0,0.0
2018-01-08,44.50050187762746,45.193229682251044,44.19804152880929,45.06639099121094,2507400,0.0,0.0
2018-01-09,45.18347091920685,45.34933373706651,44.26633484242498,44.305362701416016,1777500,0.0,0.0
2018-01-10,43.72971443800366,43.72971443800366,42.64671555252421,43.212608337402344,4062500,0.0,0.0
2018-01-11,43.27114806553742,43.45652854034625,42.9784465581412,43.44676971435547,1564100,0.0,0.0
2018-01-12,43.378474261003625,43.76874543176395,43.154069640482035,43.51506805419922,2131000,0.0,0.0
2018-01-16,43.963883255180896,45.15420331498137,43.77850276477694,44.207801818847656,4956900,0.0,0.0
2018-01-17,44.72489829865807,45.85668004013428,44.58830452808525,45.62251663208008,3695100,0.0,0.0
2018-01-18,45.81765624879243,46.14938560184857,45.037117689219585,46.04206085205078,2756100,0.0,0.0
2018-01-19,46.14938438302998,46.55916944217158,45.94449371440985,46.26646423339844,1823000,0.0,0.0
2018-01-22,46.32500573618392,46.6274660465122,45.76887179795871,46.60795211791992,2117100,0.0,0.0
2018-01-23,46.79333249680108,47.349466478288576,46.71528049826154,47.24214172363281,2003500,0.0,0.0
2018-01-24,46.92992126830926,47.066518764477365,45.49568291660556,45.651790618896484,4939500,0.0,0.0
2018-01-25,45.61276660413004,45.61276660413004,43.036987438459875,43.710201263427734,7469700,0.0,0.0
2018-01-26,44.34439439506078,46.559175338653674,44.34439439506078,46.5396614074707,5054900,0.0,0.0
2018-01-29,46.50063137481788,46.588442200092025,45.26152471679456,45.7200927734375,2646200,0.0,0.0
2018-01-30,44.97856794136198,45.83716206589132,44.67611139662494,45.20297622680664,2701500,0.0,0.0
2018-01-31,45.63228425444503,45.93474460609841,44.637096091674564,44.72490692138672,2598800,0.0,0.0
2018-02-01,44.51024806441671,45.41762520717297,44.40292332595506,44.74441146850586,1939500,0.0,0.0
2018-02-02,44.38341795337748,44.48098387792915,43.25163610783148,43.33944320678711,2127500,0.0,0.0
2018-02-05,42.6271997652325,43.96387595184534,41.86617516402322,41.92471694946289,2798800,0.0,0.0
2018-02-06,40.97831130297855,42.67598583745277,40.73439278331796,42.100337982177734,5311200,0.0,0.0
2018-02-07,41.84666461664626,42.25644970403096,40.95880126953125,40.95880126953125,2639600,0.0,0.0
2018-02-08,41.095388664742785,41.212472226867284,38.64644851310439,38.704986572265625,3627500,0.0,0.0
2018-02-09,39.309914854133176,40.57829058404272,38.28545767697169,40.266075134277344,4432700,0.0,0.0
2018-02-12,40.65634032622151,41.397854769633916,40.43193571679189,41.00758361816406,2195100,0.0,0.0
2018-02-13,39.06598601951767,39.98311819658359,39.03671326999908,39.49528121948242,4196100,0.0,0.0
2018-02-14,39.27087861295425,41.88568523822725,39.19282290621729,41.67103576660156,3088000,0.0,0.0
2018-02-15,42.090578481872726,42.43206663705984,41.134418346770936,42.402793884277344,2339700,0.0,0.0
2018-02-16,42.314981082695425,42.69549335388904,41.944227635938105,42.25644302368164,2213800,0.0,0.0
2018-02-20,42.18814720036209,44.11022253160092,42.022280677886016,43.80776596069336,3265200,0.0,0.0
2018-02-21,43.90533038353166,44.13949378321359,42.97843933105469,42.97843933105469,3502400,0.0,0.0
2018-02-22,43.33040019107118,43.57481806386807,42.50915598929279,43.00777053833008,2207800,0.09,0.0
2018-02-23,43.31084970662093,43.69214102133062,42.880675559426585,43.42816925048828,1283600,0.0,0.0
2018-02-26,43.672593148400196,44.56227797776932,43.40862507077734,44.50361633300781,1501200,0.0,0.0
2018-02-27,44.30807944381383,44.728478557028495,43.760581970214844,43.760581970214844,1817800,0.0,0.0
2018-02-28,43.9952175965425,45.197753096638834,43.789907476176964,44.386287689208984,2217800,0.0,0.0
2018-03-01,44.347192879378795,45.01200999326536,43.48684066208055,43.897464752197266,1946100,0.0,0.0
2018-03-02,43.40862479644106,44.6991511368657,42.822019541097966,44.630714416503906,1378700,0.0,0.0
2018-03-05,44.62092429865169,45.31507013178138,44.32762361009891,45.090206146240234,1894500,0.0,0.0
2018-03-06,45.412853305559004,46.361192362226205,45.31508389333648,46.33186340332031,2116100,0.0,0.0
2018-03-07,45.81369558173372,47.133550859659735,45.81369558173372,46.85002517700195,2731900,0.0,0.0
2018-03-08,47.17265974978986,47.407302599897484,46.66427001582466,47.38774871826172,1886600,0.0,0.0
2018-03-09,47.954794490573725,48.84447555780867,47.954794490573725,48.29698181152344,2435500,0.0,0.0
2018-03-12,48.57073120722255,49.17688662760009,48.169885952364915,48.80537033081055,2057300,0.0,0.0
2018-03-13,49.15733291548962,49.548403095515745,47.73971190431858,47.905914306640625,1993200,0.0,0.0
2018-03-14,47.93523803329897,48.688045623501,47.60282953541134,48.24809265136719,1472600,0.0,0.0
2018-03-15,48.33608256394536,48.72715269577465,48.0134528752792,48.042781829833984,1640300,0.0,0.0
2018-03-16,48.1600967740169,48.62938237916215,47.91567889736746,48.130767822265625,2300300,0.0,0.0
2018-03-19,47.9939012081549,48.091666880858426,46.80114060766084,47.61260986328125,1823200,0.0,0.0
2018-03-20,47.51484214960365,48.072114708764666,47.348639754197,47.89613723754883,1666100,0.0,0.0
2018-03-21,48.05256130009645,49.167106342873524,47.954791901024024,48.394744873046875,1907100,0.0,0.0
2018-03-22,47.54417634702766,48.023233396853634,46.21454222343281,46.65449523925781,3019400,0.0,0.0
2018-03-23,46.683823486400875,46.781589164197285,44.62093561101134,44.630714416503906,2952700,0.0,0.0
2018-03-26,46.24387470975001,46.634944915771484,45.481291910482206,46.634944915771484,1902500,0.0,0.0
2018-03-27,46.93801583259214,47.00645628152219,44.38629587424152,44.73825454711914,2077900,0.0,0.0
2018-03-28,44.523167423845194,44.884904886729885,43.47705906639282,43.82902145385742,1837100,0.0,0.0
2018-03-29,44.09299643969226,45.266203338984695,43.7801417638172,44.68937683105469,1798600,0.0,0.0
2018-04-02,44.34718077500272,44.660035363260306,42.206077757808835,42.81223678588867,2506900,0.0,0.0
2018-04-03,43.28152110263344,43.72147405759099,42.44072295083037,43.30107498168945,2300700,0.0,0.0
2018-04-04,42.166974078687126,43.633481371792435,42.03987573568548,43.584598541259766,2197500,0.0,0.0
2018-04-05,43.91701170961488,44.26897412423511,42.70470086983592,42.89045715332031,3036700,0.0,0.0
2018-04-06,42.23541761777034,42.988225264186454,41.50216385263377,41.727027893066406,2139400,0.0,0.0
2018-04-09,41.98121742071593,43.05665842507229,41.28707147551285,41.453277587890625,3455000,0.0,0.0
2018-04-10,42.558045223095476,43.06643492257008,41.551044629061515,42.470054626464844,2370300,0.0,0.0
2018-04-11,42.32340701083947,43.15442642913465,42.039881334660116,42.235416412353516,1882300,0.0,0.0
2018-04-12,42.52871011389634,42.91000140095277,42.46027340747702,42.7340202331543,2390700,0.0,0.0
2018-04-13,43.144652816033584,43.144652816033584,42.19631008126301,42.4993896484375,1771100,0.0,0.0
2018-04-16,42.71446979857236,43.43794840556045,42.42116907177436,43.30107498168945,2134600,0.0,0.0
2018-04-17,43.858343289940464,44.0538783322923,43.565042591173075,43.72146987915039,2280000,0.0,0.0
2018-04-18,43.27174410557048,43.27174410557048,42.000771750016796,42.391841888427734,3693600,0.0,0.0
2018-04-19,41.296847962254475,41.560815999090906,39.937881373335664,40.52448654174805,6008900,0.0,0.0
2018-04-20,40.368065814887935,40.72980330344647,39.71302382961111,39.98677444458008,5931200,0.0,0.0
2018-04-23,40.192080899635826,40.768907304684305,39.42949822939322,39.546817779541016,2839600,0.0,0.0
2018-04-24,40.20185563047991,40.788460835236606,39.439272966769565,40.57337188720703,5928300,0.0,0.0
2018-04-25,36.212960993462595,36.61380624493872,33.583021709575384,33.925209045410156,20189000,0.0,0.0
2018-04-26,33.95454342388557,34.65846836013222,32.986650366068616,33.28972625732422,7442600,0.0,0.0
2018-04-27,33.38748705024971,33.38748705024971,32.302270963925444,32.45869827270508,6685700,0.0,0.0
2018-04-30,32.4195958632357,32.4195958632357,31.510360815430428,31.82321548461914,5860300,0.0,0.0
2018-05-01,31.774329226263017,32.82043761319673,31.344155034750557,32.761775970458984,4886000,0.0,0.0
2018-05-02,32.99642134634694,33.85677352497703,32.8008862517235,33.563472747802734,7632600,0.0,0.0
2018-05-03,33.211496449737126,34.15006003643147,32.8595341723467,34.10117721557617,5253000,0.0,0.0
2018-05-04,33.759003755080826,34.94198938672897,33.59280135060167,34.90288162231445,5250900,0.0,0.0
2018-05-07,35.137514715200446,35.42104036423013,34.7757772802956,35.33304977416992,4589000,0.0,0.0
2018-05-08,35.26461817642105,35.362383855321546,34.93220964682915,35.28417205810547,3435900,0.0,0.0
2018-05-09,35.49926050071039,36.017425304338246,35.40149109373809,35.851219177246094,3210500,0.0,0.0
2018-05-10,36.04675251630877,36.25206639624868,35.5481416182178,35.86099624633789,2740500,0.0,0.0
2018-05-11,35.71434160449338,36.036975015887705,35.284167452155366,35.5188102722168,1542900,0.0,0.0
2018-05-14,35.83165914333727,36.379152753302435,35.75344363933053,35.82188034057617,1703300,0.0,0.0
2018-05-15,35.46015821138768,35.56770271089652,34.65846759807719,35.069087982177734,2354700,0.0,0.0
2018-05-16,35.21573260177291,36.90710407612982,35.21573260177291,36.72134780883789,4451500,0.0,0.0
2018-05-17,36.80934418773572,37.288401273732134,36.5160396686925,36.87778091430664,3260800,0.0,0.0
2018-05-18,36.340056290356344,36.721351396557964,35.89032819117083,36.555145263671875,3953300,0.0,0.0
2018-05-21,36.99509470031848,37.435047680578236,36.83866738839516,37.3275032043457,2716400,0.0,0.0
2018-05-22,37.70880011572006,38.03143359208829,37.40572052242159,37.46438217163086,2334100,0.0,0.0
2018-05-23,37.00486394765038,37.64035190010987,36.926652168767156,37.61102294921875,1655900,0.0,0.0
2018-05-24,37.747898882753745,37.943433937313884,37.161293719073335,37.659908294677734,1732100,0.0,0.0
2018-05-25,37.68924932774494,38.03143671528384,37.45461017068264,37.865230560302734,1564600,0.0,0.0
2018-05-29,37.435050315454035,38.05098080164882,37.15152462716157,37.68924331665039,3093600,0.0,0.0
2018-05-30,38.1400156759061,38.522202958208375,37.61084047396489,37.79703140258789,2499700,0.09,0.0
2018-05-31,37.767644153854604,38.35561842279998,37.120870962715,37.1502685546875,3651400,0.0,0.0
2018-06-01,37.58145265249674,38.561412343443195,37.34626442008934,38.522216796875,5614300,0.0,0.0
2018-06-04,38.38500989712517,38.86519167289221,38.24781617211991,38.532005310058594,3010000,0.0,0.0
2018-06-05,38.86519737851521,38.93379425108824,38.29682275744598,38.66920471191406,3077700,0.0,0.0
2018-06-06,38.610404046005236,38.83579427220378,38.27721768157072,38.825992584228516,1748600,0.0,0.0
2018-06-07,38.835792990513525,39.23757620452029,37.777435019033156,38.0322265625,2309600,0.0,0.0
2018-06-08,37.5324472912714,38.022427030682906,36.93467141106957,37.91463088989258,3090800,0.0,0.0
2018-06-11,38.071430582315166,38.4634159342699,37.87544164458717,38.2380256652832,1601000,0.0,0.0
2018-06-12,38.267418458887335,38.44381147131925,37.797038338485194,38.306617736816406,2981900,0.0,0.0
2018-06-13,38.42420968880602,38.93378905870962,38.13022259723628,38.14982223510742,2805300,0.0,0.0
2018-06-14,38.1792214027692,38.52220947233509,37.91463188793226,38.267417907714844,2524000,0.0,0.0
2018-06-15,38.091023083141344,38.57120486235787,38.091023083141344,38.551605224609375,3188900,0.0,0.0
2018-06-18,38.09102489782355,38.336014773978256,37.91463188793226,38.267417907714844,1418900,0.0,0.0
2018-06-19,37.512851648321885,38.28702061622278,37.17966524050689,38.20862579345703,2164700,0.0,0.0
2018-06-20,38.33601870407956,38.70840440072032,38.198824957488014,38.4144172668457,1530500,0.0,0.0
2018-06-21,38.600610709579826,38.75740410686965,38.14002846955683,38.31642150878906,2277800,0.0,0.0
2018-06-22,38.45361887947504,38.59081263438393,37.669648157282296,38.02243423461914,3567900,0.0,0.0
2018-06-25,37.552048579295494,37.718643641904144,36.317301226559046,36.91507339477539,2795800,0.0,0.0
2018-06-26,37.13067074650526,37.748046376142355,36.93467806776736,37.2874641418457,2367200,0.0,0.0
2018-06-27,37.444252987712986,37.71864419990731,36.52309236929001,36.53289031982422,2321900,0.0,0.0
2018-06-28,36.317301226559046,37.14046737446631,36.06250965745144,36.91507339477539,2244400,0.0,0.0
2018-06-29,37.85584281322632,37.96363897423302,37.277666462758084,37.307064056396484,2830900,0.0,0.0
2018-07-02,36.71907795589171,37.64023839699379,36.66027904925821,37.54224395751953,2074100,0.0,0.0
2018-07-03,37.83623007243586,38.071418216619485,36.99346445624022,37.06206130981445,1614300,0.0,0.0
2018-07-05,37.493252845589566,38.42421521806686,37.28746222570226,38.4144172668457,3324000,0.0,0.0
2018-07-06,38.2674222400129,38.77700168869461,37.953835462093274,38.728004455566406,1777400,0.0,0.0
2018-07-09,38.95339202821319,39.3943745724088,38.639805271951644,39.37477493286133,1895500,0.0,0.0
2018-07-10,39.43357101069001,39.943146649218185,39.13958017690617,39.306175231933594,1910100,0.0,0.0
2018-07-11,38.639804994798304,38.87499319118301,37.99303184736688,38.091026306152344,2905900,0.0,0.0
2018-07-12,38.639801488554475,39.03178676462486,38.38500993763413,38.95338821411133,2227600,0.0,0.0
2018-07-13,38.80639246903632,39.14938051722582,38.54180670893826,38.78679656982422,1660500,0.0,0.0
2018-07-16,38.806390109647054,39.19837535853172,38.67899808127066,39.03178405761719,1605600,0.0,0.0
2018-07-17,38.737805283750106,39.5707732617869,38.581011883146054,39.5119743347168,1734600,0.0,0.0
2018-07-18,40.02154125215442,40.62911502140049,39.78634935598748,40.55072021484375,3820500,0.0,0.0
2018-07-19,40.33513864332176,40.33513864332176,38.9533957000937,39.227783203125,2928700,0.0,0.0
2018-07-20,39.217978306274134,39.53156503656104,38.95338880167293,39.413970947265625,2348400,0.0,0.0
2018-07-23,39.11997742101942,40.07053923446627,38.443806781352706,39.91374588012695,3071000,0.0,0.0
2018-07-24,40.43312423687063,40.78591022804449,39.26697386671129,39.570762634277344,2748300,0.0,0.0
2018-07-25,43.715990799781935,44.8821411764957,41.10929886376107,42.099056243896484,9627000,0.0,0.0
2018-07-26,42.334250896636995,43.55920026437389,42.148056200261756,43.1378173828125,4885400,0.0,0.0
2018-07-27,43.343609131757226,43.64739792880216,43.03002238433938,43.36320877075195,3946800,0.0,0.0
2018-07-30,43.38280805863708,43.59840034758533,42.32444999098079,42.353851318359375,2385400,0.0,0.0
2018-07-31,42.50083764072412,43.01041697143211,42.383243560791016,42.383243560791016,2745400,0.0,0.0
2018-08-01,42.304849374291436,42.89282731103711,42.10886046695833,42.422447204589844,2132600,0.0,0.0
2018-08-02,41.952066998662396,42.83402829431635,41.41308629002808,42.696834564208984,1352400,0.0,0.0
2018-08-03,42.72623075218937,42.94182302857682,42.53024185174477,42.873226165771484,2880700,0.0,0.0
2018-08-06,43.08882341755408,43.167218239134314,42.65763881499101,43.0986213684082,1609100,0.0,0.0
2018-08-07,43.11821947503141,43.52000273424606,42.90262718141659,43.12801742553711,1375300,0.0,0.0
2018-08-08,43.22601842325443,43.61800001911819,42.74583657587851,43.049625396728516,1271300,0.0,0.0
2018-08-09,42.628241532595524,42.755637324115334,41.76587605947924,41.85407257080078,2558300,0.0,0.0
2018-08-10,41.295486365236684,41.59927510917028,40.56051685354904,40.87410354614258,3244400,0.0,0.0
2018-08-13,41.12890345978872,41.23669960827764,40.75651778453125,40.78591537475586,2207500,0.0,0.0
2018-08-14,41.070100407089754,41.5600801321747,40.90350909492022,41.04070281982422,2371400,0.0,0.0
2018-08-15,40.61932853031664,40.77612192590673,39.39437895906614,39.560970306396484,2693500,0.0,0.0
2018-08-16,39.894148992533644,40.14894054729719,39.32577444573189,39.413970947265625,2303700,0.0,0.0
2018-08-17,39.05138565150206,39.11018456888542,38.189023959372896,38.473209381103516,3744200,0.0,0.0
2018-08-20,38.50261121792806,38.718199774686,38.05183072677633,38.36541748046875,2128500,0.0,0.0
2018-08-21,38.59081165359581,39.45317344489172,38.44381621235821,39.08079147338867,2065800,0.0,0.0
2018-08-22,38.923993029940625,39.198380497181255,38.669201463289575,39.129783630371094,1255700,0.0,0.0
2018-08-23,39.13958229428514,39.81575676266926,39.1101847046159,39.46297073364258,1876200,0.0,0.0
2018-08-24,39.854946970406544,40.031339961319325,39.629556757184304,39.91374588012695,1526500,0.0,0.0
2018-08-27,40.22733954347894,40.942709579968806,40.17834231269864,40.8447151184082,1916000,0.0,0.0
2018-08-28,40.94270603306898,41.07989976266826,40.511525206007136,40.86431121826172,1434700,0.0,0.0
2018-08-29,41.060305280072726,41.060305280072726,40.45272768766098,40.68791961669922,1563000,0.0,0.0
2018-08-30,40.58011807454661,40.678112517967556,40.25673342065878,40.295928955078125,1127400,0.0,0.0
2018-08-31,40.37432652836374,40.45272133356339,40.02154055934457,40.364524841308594,1460700,0.0,0.0
2018-09-04,40.266327621565,40.777022958044896,40.07972891545009,40.46274948120117,1598300,0.09,0.0
2018-09-05,40.3252500514071,40.560953255124126,39.922586977491896,40.17793273925781,2305800,0.0,0.0
2018-09-06,40.1386513241609,40.20739841045346,38.64585049271425,38.88155746459961,2584800,0.0,0.0
2018-09-07,38.88156128922004,39.559212812091005,38.73424394899629,38.989593505859375,2205600,0.0,0.0
2018-09-10,39.52974023024139,39.52974023024139,38.58691999594391,38.744056701660156,1431600,0.0,0.0
2018-09-11,38.50835766121493,38.577104749901665,37.82088302791227,37.869991302490234,2553700,0.0,0.0
2018-09-12,36.98609144241209,37.241437213364385,35.78792158336784,36.0138053894043,5786800,0.0,0.0
2018-09-13,36.4459315716614,37.3592898828064,36.37718449417175,36.740562438964844,2704800,0.0,0.0
2018-09-14,37.00572686539186,37.41820928041509,36.51467423049699,36.86823272705078,1875200,0.0,0.0
2018-09-17,36.81912776199056,37.11375859003281,36.45574611918535,36.553958892822266,1446100,0.0,0.0
2018-09-18,36.69145550849612,36.99590576125477,36.54413821130454,36.80930709838867,2304300,0.0,0.0
2018-09-19,36.81913087933669,36.98608698900366,36.112013835018786,36.465572357177734,1747300,0.0,0.0
2018-09-20,36.77984282667986,37.408389595195146,36.55395906589682,37.0941162109375,2238600,0.0,0.0
2018-09-21,37.12358961471352,37.7030320480302,36.986095435017255,37.52625274658203,4410700,0.0,0.0
2018-09-24,37.378930959566745,37.899445596066336,37.172685988832455,37.7619514465332,1466700,0.0,0.0
2018-09-25,37.61464134517816,37.909272257205444,36.642358960844575,36.799495697021484,2130200,0.0,0.0
2018-09-26,36.69145925764898,37.01555209957812,36.33790070541001,36.3771858215332,1690300,0.0,0.0
2018-09-27,36.55396543560952,36.79949179399715,36.347720447273375,36.47539520263672,1306200,0.0,0.0
2018-09-28,36.29861763370319,36.5441440036494,35.98434417988685,36.318260192871094,3793900,0.0,0.0
2018-10-01,36.779846065903676,36.98608729003013,36.04326705422243,36.239688873291016,2321900,0.0,0.0
2018-10-02,36.04326979710425,36.671816668808276,36.04326979710425,36.2691535949707,1767200,0.0,0.0
2018-10-03,36.07273549728048,36.31826187862307,35.169200212228695,35.94506072998047,2739400,0.0,0.0
2018-10-04,35.650429773386996,35.660252926631145,34.97277831051567,35.296871185302734,2525100,0.0,0.0
2018-10-05,35.34597973564791,35.60132552546802,34.17727175516224,34.31476593017578,3306100,0.0,0.0
2018-10-08,33.67639131815426,34.30493810478969,33.057663935994974,33.90227508544922,2022200,0.0,0.0
2018-10-09,33.82371523004729,33.951390005972556,33.22463396610521,33.3915901184082,2855400,0.0,0.0
2018-10-10,32.63536871613054,33.41123304112236,31.830042421927953,31.869327545166016,4942500,0.0,0.0
2018-10-11,31.89878262817451,33.08712925132307,31.89878262817451,32.06574249267578,3868000,0.0,0.0
2018-10-12,32.93981789004695,33.2344487775301,31.977354992836666,32.655006408691406,2475100,0.0,0.0
2018-10-15,32.47822712691452,33.16570169533186,32.45858456822431,32.655006408691406,2609400,0.0,0.0
2018-10-16,33.09695041414165,34.01030867196665,32.851424081316324,33.97102355957031,2316500,0.0,0.0
2018-10-17,34.65849431605373,35.08079986284331,33.47014789203384,33.52907180786133,2627300,0.0,0.0
2018-10-18,32.0068100136707,32.6549993240808,31.427367770543928,32.20323181152344,3404800,0.0,0.0
2018-10-19,32.25234464972638,32.635365193870115,31.928248037644675,32.183597564697266,3068600,0.0,0.0
2018-10-22,32.4094788549529,32.52733045633279,31.50594366698234,31.71218490600586,2510100,0.0,0.0
2018-10-23,30.759542611896652,32.00681699179282,30.258668604067072,31.623796463012695,4169900,0.0,0.0
2018-10-24,30.40598142453508,31.731825924881907,29.67922367388438,29.689044952392578,7696500,0.0,0.0
2018-10-25,30.887210636274542,32.6549993240808,30.720252670064845,32.20323181152344,7263100,0.0,0.0
2018-10-26,31.358622386777586,32.271980611358245,31.309515998069532,31.77110481262207,5828500,0.0,0.0
2018-10-29,32.32109011190164,33.234448477354384,31.388089187936096,31.849679946899414,4901600,0.0,0.0
2018-10-30,32.0166338353524,33.41122542074309,31.869320276462027,33.38176345825195,3441300,0.0,0.0
2018-10-31,34.108526419571234,34.304948285294515,33.6764013121284,33.83353805541992,2502000,0.0,0.0
2018-11-01,34.17726316927277,35.58167402656051,33.64692541621984,35.542388916015625,3791200,0.0,0.0
2018-11-02,35.57184976245789,35.79773349758013,34.81562834673532,35.46381759643555,2154500,0.0,0.0
2018-11-05,35.60132668111541,35.68971633169835,34.393337287438776,35.149559020996094,1525700,0.0,0.0
2018-11-06,35.06115942436098,35.65042109679689,34.93348468830727,35.542388916015625,1573400,0.0,0.0
2018-11-07,36.06290986993901,36.12183379357883,35.08080451397278,35.9057731628418,1499500,0.0,0.0
2018-11-08,35.67988665982587,36.2691483298985,35.67006350901187,36.092369079589844,1388500,0.0,0.0
2018-11-09,35.74863938155097,35.97452318233825,34.51118443375206,34.95313262939453,1386100,0.0,0.0
2018-11-12,34.38350586138965,34.38350586138965,33.05766516806805,33.43086624145508,2475300,0.0,0.0
2018-11-13,33.74514418600075,34.471900127987325,33.33265794488714,33.41122817993164,2435000,0.0,0.0
2018-11-14,33.94155891729887,34.60939078954359,33.76477967191443,34.26565170288086,3088400,0.0,0.0
2018-11-15,34.029954020747255,35.98434169241546,33.99066890512708,35.84684753417969,2248300,0.0,0.0
2018-11-16,34.97277735016456,35.9548828472366,34.72725097589656,35.758460998535156,1644800,0.0,0.0
2018-11-19,35.48346936215325,35.787919640246685,34.45225943530379,34.65850067138672,1761300,0.0,0.0
2018-11-20,33.26390567905196,34.84509582179904,32.4978647389124,34.64867401123047,2970700,0.0,0.0
2018-11-21,35.041518525732535,35.53257119145587,34.589750972411345,35.169193267822266,1306400,0.0,0.0
2018-11-23,34.67814640699238,35.679894462326175,34.67814640699238,35.21830368041992,315000,0.0,0.0
2018-11-26,35.83702018429761,36.09236588635515,35.287039926836904,35.964691162109375,1202400,0.0,0.0
2018-11-27,35.728415927795886,35.974547196922614,35.41336820376688,35.70872497558594,1806200,0.09,0.0
2018-11-28,35.91547575451818,36.004083165119454,35.40352224389583,35.83671569824219,5100900,0.0,0.0
2018-11-29,35.82686693828374,35.96469984810793,34.80295995721107,34.82265090942383,2763700,0.0,0.0
2018-11-30,34.68481472140541,35.157386262851695,34.25162508066251,35.1376953125,3284500,0.0,0.0
2018-12-03,36.07299598814314,36.55541489851327,34.84233971804729,35.40351867675781,4077800,0.0,0.0
2018-12-04,35.236146078621196,35.31490611545447,33.887344299582026,33.95626449584961,2914400,0.0,0.0
2018-12-06,32.91266841875819,33.29663253715007,32.32195496825753,33.28678894042969,3373200,0.0,0.0
2018-12-07,33.395091296480516,33.395091296480516,31.7903180055214,32.10536575317383,2759000,0.0,0.0
2018-12-10,32.00690615287504,32.6074670048203,31.859229656018478,32.36133575439453,1865200,0.0,0.0
2018-12-11,32.81421664402127,33.651061304825014,32.390870637544715,32.4499397277832,1697200,0.0,0.0
2018-12-12,33.0800453901506,33.51323888403443,32.57793918802643,32.8437614440918,2052100,0.0,0.0
2018-12-13,32.80438189429697,33.020978656819686,32.35150116871845,32.48933410644531,1818900,0.0,0.0
2018-12-14,31.96752645819591,32.617312777609385,31.701704269936123,32.00690460205078,1651800,0.0,0.0
2018-12-17,31.81000359827227,32.33180063819596,31.248822779780323,31.307893753051758,2786900,0.0,0.0
2018-12-18,31.563872614596733,32.745299601177464,31.37681234021084,31.465417861938477,2799000,0.0,0.0
2018-12-19,31.278365089359152,31.91830419620984,30.08708865765157,30.1264705657959,3957700,0.0,0.0
2018-12-20,30.20522715654296,30.855013503220516,29.427451508889046,30.215072631835938,4532700,0.0,0.0
2018-12-21,29.712970297200556,30.087089040164347,29.053338350058727,29.102563858032227,6730500,0.0,0.0
2018-12-24,28.885964714009578,29.417607257115517,28.442927696560897,28.492155075073242,1564500,0.0,0.0
2018-12-26,28.90565689117523,30.037860355316116,28.285405040444946,30.018169403076172,2139300,0.0,0.0
2018-12-27,29.378226137111408,30.490738560368495,29.21085681207283,30.441513061523438,2333700,0.0,0.0
2018-12-28,31.327588318638018,31.4654212314548,30.510432562392246,30.707338333129883,2745900,0.0,0.0
2018-12-31,31.12083609986253,31.268514475477424,30.431667843216452,30.894393920898438,2307400,0.0,0.0
2019-01-02,30.067394296705153,31.672167337040808,30.067394296705153,31.248823165893555,2411000,0.0,0.0
2019-01-03,30.45135927667094,30.727025081432398,29.122250119407262,29.14194107055664,4214200,0.0,0.0
2019-01-04,29.752347417922646,30.75656345615446,29.555443527455136,30.618730545043945,3446100,0.0,0.0
2019-01-07,30.727022554620326,31.24882145017438,30.17568911260342,30.667951583862305,2407500,0.0,0.0
2019-01-08,30.766406497626505,31.101145150547275,29.929559865324578,30.303680419921875,1889000,0.0,0.0
2019-01-09,30.53012247562626,31.89861359221372,30.53012247562626,31.406349182128906,2651100,0.0,0.0
2019-01-10,31.14052618660249,31.819848989944294,30.983002330440982,31.672168731689453,1589600,0.0,0.0
2019-01-11,31.416196064078893,32.15458989550255,31.40635058765333,31.82969856262207,1403900,0.0,0.0
2019-01-14,30.628574488618984,31.357122790341357,30.362752278065116,31.00269317626953,2764700,0.0,0.0
2019-01-15,31.04207320734421,31.485108320387766,30.963311284280977,31.298049926757812,2224400,0.0,0.0
2019-01-16,31.307893362684347,31.810003201644225,31.199596892675764,31.21928596496582,1639700,0.0,0.0
2019-01-17,30.963311798999747,31.810003894378784,30.864858924075982,31.61309814453125,2838300,0.0,0.0
2019-01-18,31.8395338713372,32.853593267321294,31.80999932758287,32.390869140625,2448500,0.0,0.0
2019-01-22,31.96752744555101,32.075825794742286,31.140524430589046,31.307893753051758,2152500,0.0,0.0
2019-01-23,31.711550282008954,31.94783794145615,31.022383888424116,31.435884475708008,4397800,0.0,0.0
2019-01-24,34.16302079734547,36.89015570128201,33.52307799738381,35.48228454589844,10477600,0.0,0.0
2019-01-25,35.26568494373727,36.36835188415261,34.95063724647574,36.18129348754883,3998100,0.0,0.0
2019-01-28,35.452747582259526,36.70309492347352,34.73404470215988,36.20098876953125,3644000,0.0,0.0
2019-01-29,36.1911400242505,36.378202191711345,35.7284157938789,35.77764129638672,2010700,0.0,0.0
2019-01-30,36.250211871139115,36.62433243997694,35.59058189344096,36.328975677490234,2711600,0.0,0.0
2019-01-31,35.994238694033996,36.50619219224766,35.354295882350634,35.43305969238281,3874500,0.0,0.0
2019-02-01,35.67918949967184,36.555416194129386,35.452745432963354,36.191139221191406,2990100,0.0,0.0
2019-02-04,36.19114165554909,36.35851287841797,35.87609391850032,36.35851287841797,1650300,0.0,0.0
2019-02-05,36.4372683406584,36.91968723975031,36.269900894557296,36.77200698852539,1694900,0.0,0.0
2019-02-06,36.978757071112625,38.31770779755626,36.978757071112625,37.90420913696289,2701400,0.0,0.0
2019-02-07,37.4316423860002,37.75653369551249,36.73263051055607,37.05752182006836,2275700,0.0,0.0
2019-02-08,36.663711558287545,37.283959585697964,36.4668058130311,36.959068298339844,1767300,0.0,0.0
2019-02-11,36.88030713318684,37.40210795875044,36.69324872744289,37.28396224975586,1421300,0.0,0.0
2019-02-12,37.628548035481685,38.357094458131265,37.47102418012516,38.30786895751953,1707600,0.0,0.0
2019-02-13,38.396478669168616,38.849359311086346,38.37678771660717,38.544158935546875,2877200,0.0,0.0
2019-02-14,38.50477143438442,39.27269969434911,38.396473088868454,38.918270111083984,1820800,0.0,0.0
2019-02-15,38.947806943865466,39.47944754303836,38.888734096995364,39.15455627441406,1742100,0.0,0.0
2019-02-19,39.38099878369921,40.178465361108415,39.292391386209296,39.75511932373047,2569900,0.0,0.0
2019-02-20,40.040630904858475,40.651039123535156,39.8141906001229,40.651039123535156,2340100,0.0,0.0
2019-02-21,40.70037101876924,40.70037101876924,40.27610018340346,40.5523681640625,1812200,0.09,0.0
2019-02-22,40.039300194688565,40.710236182492494,39.96036433502402,40.69050598144531,1578000,0.0,0.0
2019-02-25,41.13450738145284,41.92385092958705,41.0161073547803,41.50944519042969,2211600,0.0,0.0
2019-02-26,41.252908363033875,41.59824331892658,40.81876868834736,40.91743850708008,1689200,0.0,0.0
2019-02-27,40.7595735138486,40.86810467651416,40.197168679868604,40.670772552490234,1204300,0.0,0.0
2019-02-28,40.20703292149927,40.47343579988267,40.01956590213417,40.28596878051758,1473600,0.0,0.0
2019-03-01,40.82864651443095,41.08518057171023,40.177440623324024,40.45370864868164,1521000,0.0,0.0
2019-03-04,40.59183714135745,40.89770795917259,39.555828423281596,40.0984992980957,1849300,0.0,0.0
2019-03-05,40.04916900359055,40.12810110669491,39.792634963664725,39.86170196533203,1182500,0.0,0.0
2019-03-06,39.81236234991757,39.9505001073486,39.378226403884284,39.4078254699707,1392000,0.0,0.0
2019-03-07,39.230214217298354,39.24008307955983,38.08567084639572,38.352073669433594,2503500,0.0,0.0
2019-03-08,37.769945742228934,38.31262040485688,37.4936777422505,38.23368453979492,2199600,0.0,0.0
2019-03-11,38.401411748613995,39.17102126007733,38.35207872241127,39.0032844543457,1230800,0.0,0.0
2019-03-12,39.052627269390406,39.25982826972966,38.61848753854335,39.06249237060547,1261900,0.0,0.0
2019-03-13,39.269692831022965,39.269692831022965,38.32248504489315,39.08222579956055,2189400,0.0,0.0
2019-03-14,39.10195753311302,39.299293418257385,38.67768669740676,38.74675369262695,1690500,0.0,0.0
2019-03-15,38.98355203241591,40.0491635070962,38.746751991732815,39.920894622802734,3890300,0.0,0.0
2019-03-18,39.90115873989211,40.38463142582846,39.545958695949295,39.85182571411133,2611400,0.0,0.0
2019-03-19,40.02943503619757,40.236636041196135,39.743298164226616,39.99983596801758,1535300,0.0,0.0
2019-03-20,40.019569336210516,40.019569336210516,38.67768972870406,39.05262756347656,3597000,0.0,0.0
2019-03-21,39.00328838872646,40.33530281377623,38.91448742705648,39.97023010253906,4585400,0.0,0.0
2019-03-22,39.79263352109249,40.177436448965906,39.06249183353253,39.08222579956055,3130500,0.0,0.0
2019-03-25,38.884888776675275,39.25982659260752,38.56915285711203,38.98355484008789,1204800,0.0,0.0
2019-03-26,38.91448383866212,39.664359393365125,38.91448383866212,39.26968765258789,1219300,0.0,0.0
2019-03-27,39.25982851104067,39.5262314119154,38.34221977376194,38.7763557434082,1510600,0.0,0.0
2019-03-28,38.84541729447934,39.18088714882995,38.49021347647649,38.697418212890625,1060400,0.0,0.0
2019-03-29,39.12168750885446,39.40782056107498,38.9736846691205,39.30915451049805,1160700,0.0,0.0
2019-04-01,39.59529595519058,41.34171235440816,39.59529595519058,41.22330856323242,2904800,0.0,0.0
2019-04-02,41.17397287958954,41.627842758249464,40.62143318130654,41.46010971069336,2232900,0.0,0.0
2019-04-03,42.13105610805781,43.14733094614754,41.726519193140305,43.01906204223633,2964600,0.0,0.0
2019-04-04,42.89079232261997,43.16706030412833,42.417188455518954,43.04866027832031,1693500,0.0,0.0
2019-04-05,43.3051954585251,43.808402168501374,43.05852653587333,43.56173324584961,1576000,0.0,0.0
2019-04-08,43.53212988966406,43.778798809335115,43.04866091487545,43.719600677490234,1270400,0.0,0.0
2019-04-09,43.4630603339715,43.611063182606685,42.94998855960333,43.11772537231445,2599800,0.0,0.0
2019-04-10,43.0881279693144,43.482799772787196,42.55532592765617,43.33479690551758,2886000,0.0,0.0
2019-04-11,43.413725912124626,43.62092688246765,42.80198810088246,43.02892303466797,1536500,0.0,0.0
2019-04-12,43.660399552814454,43.7590656168777,43.236128702378146,43.55186462402344,1273600,0.0,0.0
2019-04-15,43.41372077370119,43.66038964173359,42.82171699597074,43.35451889038086,1364100,0.0,0.0
2019-04-16,43.887330613588034,44.6076033561152,43.41372677318122,44.52867126464844,1836400,0.0,0.0
2019-04-17,44.854276033325675,44.9628109616123,43.97613527008889,44.252403259277344,2130200,0.0,0.0
2019-04-18,44.40040724722651,44.587874278388576,43.99587035397322,44.21294021606445,1430600,0.0,0.0
2019-04-22,44.11426926468312,44.28200608945401,43.93666733909938,44.252403259277344,1701100,0.0,0.0
2019-04-23,44.04519789506919,44.2918667934635,43.768929933305536,43.99586486816406,3200600,0.0,0.0
2019-04-24,46.087623165144834,48.79111636369255,45.34761635608135,47.35057067871094,10154900,0.0,0.0
2019-04-25,47.81430517909705,48.228710944699856,46.89669644512214,47.50843811035156,3959400,0.0,0.0
2019-04-26,47.242033874519585,48.870046531696225,46.74869602133833,48.11030578613281,2745800,0.0,0.0
2019-04-29,48.120173063224755,48.61351090012818,47.86363528026833,48.44577407836914,2018300,0.0,0.0
2019-04-30,48.189231375393305,48.68256912339534,47.774825709860075,48.34709930419922,1665400,0.0,0.0
2019-05-01,48.67271499629735,49.16605285550716,48.09057617187501,48.090576171875,1748100,0.0,0.0
2019-05-02,48.03136829863493,48.78124009524674,47.70576354540476,48.30763626098633,1744700,0.0,0.0
2019-05-03,48.59377564579359,48.800976628467424,48.28790484003539,48.77137756347656,1907500,0.0,0.0
2019-05-06,47.29136048327266,48.24843699287853,46.74868967126045,47.932701110839844,1913700,0.0,0.0
2019-05-07,47.39002747634661,47.48869729386163,46.36388772127124,47.47882843017578,2142300,0.0,0.0
2019-05-08,47.113761415891545,48.11030214785314,47.044694422778804,47.54789733886719,2212400,0.0,0.0
2019-05-09,46.70923423379645,47.53804208671548,46.018560395719,47.330841064453125,2156400,0.0,0.0
2019-05-10,47.05456547644755,47.97217423117923,46.580961564952055,47.60710525512695,1570800,0.0,0.0
2019-05-13,45.791620732379286,46.255359532486025,44.82467896328782,45.1502799987793,2008200,0.0,0.0
2019-05-14,45.75215148334419,46.245489336883416,45.26868249464246,45.614017486572266,1351600,0.0,0.0
2019-05-15,45.051612707330925,46.66976026733115,44.88387964351416,46.16655731201172,1103300,0.0,0.0
2019-05-16,46.12709211409429,46.79803193686339,45.52521929391589,46.34416198730469,1850100,0.0,0.0
2019-05-17,45.880417888020766,46.29481985583613,45.209478142527296,45.288414001464844,1363900,0.0,0.0
2019-05-20,43.52226637825013,44.400407162126456,43.22626441660979,43.24599838256836,2847300,0.0,0.0
2019-05-21,43.838003643138855,44.351075482105784,43.12759590243553,43.33479690551758,3962700,0.0,0.0
2019-05-22,42.91052979611572,43.324931802261545,42.57505989233942,42.92039489746094,2182700,0.0,0.0
2019-05-23,42.229719137017405,42.42705502946315,41.13450850961919,41.74625015258789,2309800,0.0,0.0
2019-05-24,41.97318116430515,42.3185161207074,41.2923725875854,41.33184051513672,2065600,0.0,0.0
2019-05-28,41.41094666066353,41.687809464359624,40.86710739398643,41.11430740356445,1804500,0.09,0.0
2019-05-29,40.65945516920468,41.89545517605527,40.46169441371405,41.84601593017578,2195800,0.0,0.0
2019-05-30,41.905353955999416,42.82493845305832,41.905353955999416,42.073448181152344,1508300,0.0,0.0
2019-05-31,41.549382453565926,42.449190432645246,41.50982954257991,41.66803741455078,2178500,0.0,0.0
2019-06-03,41.974573537602446,42.41953442750824,41.42084401105592,41.82625198364258,1700300,0.0,0.0
2019-06-04,42.40963909866933,43.88295302591176,42.0536704305048,43.82362365722656,2226900,0.0,0.0
2019-06-05,44.07082338163631,44.28836062659343,43.12157612141611,44.041160583496094,1901600,0.0,0.0
2019-06-06,44.238915989503326,44.654210200827855,43.98182586365903,44.38723373413086,1994900,0.0,0.0
2019-06-07,44.5948866195789,45.0101846567016,44.397129601111594,44.70365524291992,1743000,0.0,0.0
2019-06-10,45.14861661191414,46.701032611461244,45.14861661191414,46.38461685180664,2702900,0.0,0.0
2019-06-11,47.12621386845553,47.3931903551926,46.39450011532726,46.82957458496094,1614700,0.0,0.0
2019-06-12,46.137422668228446,46.22641484769119,44.901422271231354,44.940975189208984,1546400,0.0,0.0
2019-06-13,45.21783444821361,45.53425022273546,44.26858712464807,44.58500289916992,1617700,0.0,0.0
2019-06-14,43.902723970711484,43.922496652484334,42.97324950452707,43.536865234375,1733300,0.0,0.0
2019-06-17,43.50721067762226,44.248810859627184,43.210571359215,43.5962028503418,1694000,0.0,0.0
2019-06-18,43.6060825504217,45.35625916597917,43.6060825504217,45.306819915771484,1725400,0.0,0.0
2019-06-19,45.64301367968443,45.67267647644238,44.931076381708365,44.96074295043945,1357600,0.0,0.0
2019-06-20,45.860551924850704,45.97920688646974,45.0793989025812,45.68256759643555,1048000,0.0,0.0
2019-06-21,45.405703270190564,45.69245623281205,45.25738550371192,45.53424835205078,2304200,0.0,0.0
2019-06-24,45.41559518040916,45.88033249876155,45.41559518040916,45.71223449707031,987900,0.0,0.0
2019-06-25,45.919885391325316,46.34506982965023,44.92119873022017,44.940975189208984,1422900,0.0,0.0
2019-06-26,45.712225175005116,46.27584089331556,45.16838591003556,45.425472259521484,1296400,0.0,0.0
2019-06-27,45.74188634638452,46.45382355350997,45.74188634638452,46.12752151489258,1241200,0.0,0.0
2019-06-28,46.50326793359639,47.58106020361808,46.36483652180934,47.3734130859375,5009100,0.0,0.0
2019-07-01,48.84673119699197,49.21258621340288,47.83815454431535,48.28311538696289,2527700,0.0,0.0
2019-07-02,48.02602507484421,48.134793699595825,46.869130659519,47.01744842529297,1474800,0.0,0.0
2019-07-03,47.12620939891341,47.17564864614474,46.42416228109933,46.770240783691406,1039900,0.0,0.0
2019-07-05,46.43405610700766,46.631816899785136,45.76167167474827,46.38461685180664,1370300,0.0,0.0
2019-07-08,46.107745062253244,46.463713665815966,45.79132936396918,46.12752151489258,1501800,0.0,0.0
2019-07-09,45.68256907698294,46.05831420158966,45.198055329044784,45.83088684082031,2416300,0.0,0.0
2019-07-10,46.32528122492005,46.958116430721425,45.22771632860849,45.405696868896484,2452600,0.0,0.0
2019-07-11,45.37603642660222,45.48480504217529,44.080710697072604,44.76298141479492,2171100,0.0,0.0
2019-07-12,44.7629799885911,45.83088211152193,44.72342708019327,45.74188995361328,1401800,0.0,0.0
2019-07-15,45.95943069458008,46.21652084686523,45.58368557999508,45.95943069458008,1513500,0.0,0.0
2019-07-16,44.673997039330125,45.34638153280004,43.299565250963994,44.65422058105469,2547400,0.0,0.0
2019-07-17,44.95085793121576,45.23761090561792,44.29824992476775,44.58500289916992,1770900,0.0,0.0
2019-07-18,44.644330400952654,45.80122482083357,44.34768732428979,45.78144836425781,2360100,0.0,0.0
2019-07-19,45.77156114885646,46.05831410577489,45.26727094572774,45.445255279541016,1436400,0.0,0.0
2019-07-22,45.880328461897584,46.72080708048205,45.87043834809406,46.315399169921875,1815600,0.0,0.0
2019-07-23,46.621928450475345,47.6898306480529,46.48349326140627,47.55139923095703,2831200,0.0,0.0
2019-07-24,52.70304829093354,57.95357854998263,52.53495407263071,57.291080474853516,16165100,0.0,0.0
2019-07-25,56.50004356235193,57.05377303949384,55.12561186991815,55.27393341064453,5353700,0.0,0.0
2019-07-26,55.61012248030678,56.62858543481975,55.40247158067086,55.71888732910156,2406300,0.0,0.0
2019-07-29,55.68922307582505,57.3701840529095,55.57056811625825,56.94499969482422,3573900,0.0,0.0
2019-07-30,56.18361832827639,57.10320267308124,54.97728106477479,56.71757125854492,2914200,0.0,0.0
2019-07-31,56.7076863109774,56.7076863109774,54.433446751763256,55.105831146240234,3704000,0.0,0.0
2019-08-01,55.76832739476137,56.47037456358429,53.444644886328696,54.18624496459961,2621700,0.0,0.0
2019-08-02,53.69184547485535,54.14669262235261,52.57450028907024,52.87114334106445,2282500,0.0,0.0
2019-08-05,51.26928208840327,51.89222718826314,50.537572149369204,51.15062713623047,2792500,0.0,0.0
2019-08-06,52.06032938895094,52.366855021285986,50.16183114015715,50.68589401245117,4784800,0.0,0.0
2019-08-07,50.35959141839042,50.517799289868876,49.33123836779391,49.88496780395508,6208200,0.0,0.0
2019-08-08,50.71555691995165,52.04054917571786,50.38925108357419,51.81312561035156,3713700,0.0,0.0
2019-08-09,51.3483910697953,51.92189318396066,50.43869298846565,51.58570098876953,1865700,0.0,0.0
2019-08-12,51.1802888676757,52.51517119677737,50.73533186328132,51.66480255126953,2036200,0.0,0.0
2019-08-13,51.140750357161465,53.741292310034225,50.517805140827456,52.97991943359375,2051500,0.0,0.0
2019-08-14,51.66480815769537,52.2778631983423,50.685894343460276,50.71556091308594,2135700,0.0,0.0
2019-08-15,50.95286937582326,51.73402238201774,50.73533591266044,51.447269439697266,1596100,0.0,0.0
2019-08-16,51.71425009706807,52.82170527329864,51.71425009706807,52.356971740722656,1200100,0.0,0.0
2019-08-19,53.296329237825695,53.662184234729665,52.40640759998015,52.525062561035156,1344800,0.0,0.0
2019-08-20,52.8118110868911,53.029348307259056,52.089987495274485,52.46573257446289,1135500,0.0,0.0
2019-08-21,53.1578984876505,53.28644357317718,52.564619860867154,52.83159637451172,2005900,0.0,0.0
2019-08-22,53.345768776296765,53.41498448494731,52.08010202102996,53.049129486083984,881200,0.0,0.0
2019-08-23,52.49539336001361,53.197440470910536,51.1605148380562,51.40771484375,1389800,0.0,0.0
2019-08-26,52.29763860365856,52.29763860365856,51.496712907344936,51.86256790161133,791100,0.0,0.0
2019-08-27,52.267974768099215,52.376743384443216,51.2000688316015,51.387943267822266,830100,0.0,0.0
2019-08-28,51.19018829498546,51.585706123301044,50.74522743765359,51.209964752197266,1363000,0.0,0.0
2019-08-29,51.98122742356247,52.54484324893856,51.93178816680508,52.060333251953125,1210300,0.0,0.0
2019-08-30,52.56461398065489,52.782151213061326,51.69446882300224,52.37674331665039,1475700,0.0,0.0
2019-09-03,52.218264129920726,52.455977930200625,51.39616143950365,51.71311569213867,1042600,0.09,0.0
2019-09-04,52.673887686489955,53.38703667512885,51.79235839686294,53.12950897216797,1407800,0.0,0.0
2019-09-05,53.763414470412094,55.59581023426183,53.73370119036022,55.3878059387207,2407800,0.0,0.0
2019-09-06,55.467047084300724,56.00190880228502,55.001518872900384,55.546287536621094,1631300,0.0,0.0
2019-09-09,55.99200250712051,57.41830043831748,54.674662088326386,56.85372543334961,2836400,0.0,0.0
2019-09-10,56.84382171550976,57.35887335564679,55.1996200013155,56.3089599609375,3042900,0.0,0.0
2019-09-11,56.76458251372774,57.527254882824984,56.03162342576649,57.20039367675781,1340600,0.0,0.0
2019-09-12,57.44801389802109,57.64611125334799,56.318863884568344,56.84381866455078,2251900,0.0,0.0
2019-09-13,57.05181414669577,57.57677265868958,56.259428573790196,57.28953170776367,1734000,0.0,0.0
2019-09-16,56.53677192373004,57.517347985983534,56.11086392791721,57.38858413696289,1093700,0.0,0.0
2019-09-17,57.240012784992295,57.64611065894835,56.75467445836543,57.44801330566406,1935600,0.0,0.0
2019-09-18,57.23011116602689,58.032403821226616,56.99239734267422,57.943260192871094,2096700,0.0,0.0
2019-09-19,58.02249592419462,58.82478473561625,57.626301213038495,58.180973052978516,2016700,0.0,0.0
2019-09-20,58.448402985998555,58.74555092304182,57.061728986166216,57.6560173034668,2750400,0.0,0.0
2019-09-23,57.972973120359825,58.75545565574519,57.66592578554783,58.15126037597656,1487900,0.0,0.0
2019-09-24,58.34935741909308,58.74555215788353,57.54706477331929,57.59659194946289,3045500,0.0,0.0
2019-09-25,57.14096092512007,59.151643914590764,56.85372373667511,58.854496002197266,1584900,0.0,0.0
2019-09-26,59.16154723919708,59.18135735196888,58.35925467470635,58.656402587890625,1765900,0.0,0.0
2019-09-27,58.527640334942966,58.75545097042187,56.09105307367184,56.85372543334961,2119400,0.0,0.0
2019-09-30,57.34896829226711,57.54706187328654,56.93296345966203,57.35887145996094,1531700,0.0,0.0
2019-10-01,58.180977903316624,58.40878855878568,56.95277721905619,57.55697250366211,1773200,0.0,0.0
2019-10-02,57.03201385088115,57.46782501751611,56.42781860683284,56.79429626464844,1877400,0.0,0.0
2019-10-03,56.94286780585672,57.923443833667555,56.348575754753995,57.87392044067383,1750500,0.0,0.0
2019-10-04,58.31964635980933,59.428986380970684,58.04230852072409,59.389366149902344,1993100,0.0,0.0
2019-10-07,59.121931689623594,59.52802958758214,58.50783325869938,58.80497741699219,1941300,0.0,0.0
2019-10-08,58.46821266016479,58.48802277437805,56.903251421245976,57.48763656616211,2063600,0.0,0.0
2019-10-09,58.58706809385605,59.84497811730291,57.992776055907555,59.28040313720703,2844900,0.0,0.0
2019-10-10,59.54784107907542,60.13222624120324,58.97336286354249,59.31012725830078,2266100,0.0,0.0
2019-10-11,60.40955740053193,61.16232278773436,60.13221960238986,60.597747802734375,2428400,0.0,0.0
2019-10-14,60.40956465059032,60.89489924339928,59.95393956267242,60.04308319091797,1314600,0.0,0.0
2019-10-15,60.22136457947592,61.49908853369723,60.22136457947592,61.1028938293457,1779200,0.0,0.0
2019-10-16,61.06327891816307,61.23165921579416,59.63698096932175,59.68650436401367,2058100,0.0,0.0
2019-10-17,60.1223260194927,60.89490164246246,59.38936684966487,59.73603820800781,2747100,0.0,0.0
2019-10-18,59.76574829851859,59.76574829851859,58.04230610277331,58.36916732788086,2926100,0.0,0.0
2019-10-21,59.47851544589152,60.53833216836075,59.16156112394148,59.48842239379883,2642300,0.0,0.0
2019-10-22,59.47850676324107,59.89451161156824,58.31964340123048,58.587074279785156,3589500,0.0,0.0
2019-10-23,62.94519727266969,64.81721341699311,59.46860341856934,60.12232208251953,8601300,0.0,0.0
2019-10-24,60.81565909359225,62.67776445547189,60.63737184726866,62.50938415527344,2652600,0.0,0.0
2019-10-25,62.43015259361031,63.49987622394408,62.43015259361031,63.0145378112793,2219300,0.0,0.0
2019-10-28,63.737585087514276,64.42102083518427,63.23244037603018,63.45034408569336,2128800,0.0,0.0
2019-10-29,63.40082941893988,63.99511780575192,62.64806009869165,63.0145378112793,1290300,0.0,0.0
2019-10-30,63.01453177776899,63.113582351682716,61.86557156912109,62.17262268066406,1449800,0.0,0.0
2019-10-31,61.60804783509859,61.6377611181733,59.97374925491431,60.63737487792969,2186000,0.0,0.0
2019-11-01,60.92460802775545,61.89528469848073,60.92460802775545,61.796234130859375,1499700,0.0,0.0
2019-11-04,62.58862175004865,63.00462659036787,61.96462015715923,62.27166748046875,1705800,0.0,0.0
2019-11-05,62.65795701432213,62.86596132950076,61.93490483045337,61.99433517456055,1394600,0.0,0.0
2019-11-06,61.85566349273895,62.48957200191458,61.38023211085723,62.42023849487305,1489900,0.0,0.0
2019-11-07,63.08386155027617,63.67815362334576,61.697187603232784,61.97452163696289,1871000,0.0,0.0
2019-11-08,61.98442906814265,62.96500513987399,61.835855104114096,62.905574798583984,2121300,0.0,0.0
2019-11-11,62.440054487622525,63.71777857208983,62.4004342574701,63.46025085449219,1071500,0.0,0.0
2019-11-12,63.74748896409781,64.92616619811562,63.74748896409781,64.55968475341797,3378800,0.0,0.0
2019-11-13,64.04465763202799,65.17380805695349,63.48007486277692,65.03514099121094,2534000,0.0,0.0
2019-11-14,64.75777444375656,65.22330265295194,64.3813936321957,64.94596862792969,2057400,0.0,0.0
2019-11-15,65.68883763815985,66.56046002910975,65.42141053124112,66.13455200195312,2873500,0.0,0.0
2019-11-18,65.91666235214848,66.10484902829778,64.40121665397325,64.49036407470703,2261900,0.0,0.0
2019-11-19,64.6686318842233,64.94596589758638,63.23243086943554,63.54938888549805,2523600,0.0,0.0
2019-11-20,63.35129764723313,64.0644466824433,62.69757895775486,63.24234390258789,2010400,0.0,0.0
2019-11-21,62.95510182667901,62.95510182667901,60.835464999616,61.192039489746094,2243600,0.0,0.0
2019-11-22,61.6377616959051,62.17262346662156,60.894899384929936,61.370330810546875,1723700,0.0,0.0
2019-11-25,61.816047199821284,63.21262815371439,61.717000405857284,62.98481750488281,1829600,0.0,0.0
2019-11-26,62.97489859911942,63.50059364198196,62.588059544186265,63.15343475341797,10827500,0.09,0.0
2019-11-27,63.61962680417459,64.04613848489312,63.32206148323682,63.45100784301758,1186500,0.0,0.0
2019-11-29,63.183198005730674,63.540274121096864,62.012771129187826,62.08220291137695,712000,0.0,0.0
2019-12-02,62.06236342861809,62.607900470369714,61.44739460612072,62.03260803222656,1525700,0.0,0.0
2019-12-03,60.673715998066044,61.695362013040075,60.52493524277717,61.1399040222168,1602500,0.0,0.0
2019-12-04,61.70528084014394,62.65749132054004,61.70528084014394,62.191307067871094,1482200,0.0,0.0
2019-12-05,62.09211582795264,62.736843799470144,61.72511874976093,62.15163040161133,1196300,0.0,0.0
2019-12-06,61.82430716213877,63.470839128136205,61.82430716213877,63.421241760253906,1596400,0.0,0.0
2019-12-09,63.48076685743956,63.54027765476933,62.984823366365816,63.004661560058594,1593900,0.0,0.0
2019-12-10,63.39149203295633,63.74856814089084,63.06417132141262,63.550193786621094,1250900,0.0,0.0
2019-12-11,63.470848248379326,65.08762505296336,63.38157827061092,65.02810668945312,1337000,0.0,0.0
2019-12-12,65.05784618813179,66.46633107870467,64.7206083364773,65.87120056152344,1751100,0.0,0.0
2019-12-13,65.80178215379604,66.8234321547475,65.65300515280566,66.1489486694336,1132400,0.0,0.0
2019-12-16,67.17058589244482,68.55922914478506,66.86310335758621,67.76571655273438,2022000,0.0,0.0
2019-12-17,68.10294428089392,68.44018212563716,67.38878464791416,67.96407318115234,1537900,0.0,0.0
2019-12-18,68.17238673353475,68.24181851054199,67.53757218554487,67.84506225585938,1227500,0.0,0.0
2019-12-19,67.93432951339983,68.22197761340136,67.49790443710117,68.0037612915039,2557400,0.0,0.0
2019-12-20,68.26164710969222,68.87661963049864,67.99384101187867,68.78734588623047,3613800,0.0,0.0
2019-12-23,69.16427728626805,69.23370906698938,68.43027552721792,68.50962829589844,1235300,0.0,0.0
2019-12-24,68.63857030382663,68.67824668783997,68.04343967861935,68.4302749633789,373500,0.0,0.0
2019-12-26,68.41044490563556,69.17419453584735,68.23190494996959,69.0650863647461,1663100,0.0,0.0
2019-12-27,69.27338125654491,69.33289961970135,68.45012083576606,68.57906341552734,624800,0.0,0.0
2019-12-30,68.5988970551079,68.73776060643435,67.47806008976383,68.20214080810547,755100,0.0,0.0
2019-12-31,67.87482289998331,68.12279463240068,67.3292820616664,67.63677215576172,1124800,0.0,0.0
2020-01-02,68.28148098558009,69.22377794889952,67.98391949781771,69.11466979980469,1100800,0.0,0.0
2020-01-03,67.57725026553935,68.35092838698121,66.92260886123786,67.67644500732422,1363400,0.0,0.0
2020-01-06,66.76390455762267,66.80358094156787,65.69267246108816,66.20845031738281,1717600,0.0,0.0
2020-01-07,66.53577631268377,68.31125480499188,66.30763899171824,67.6665267944336,2096500,0.0,0.0
2020-01-08,67.83513867851858,68.31124767945933,67.44830342603363,67.7458724975586,1188100,0.0,0.0
2020-01-09,68.35094302699886,68.93615277789421,66.92262319532516,67.70621490478516,1783000,0.0,0.0
2020-01-10,67.97400634401953,68.3211652368268,67.27968855840498,67.37887573242188,1200900,0.0,0.0
2020-01-13,69.25354098882552,69.25354098882552,68.19222234019435,68.70800018310547,1482300,0.0,0.0
2020-01-14,68.70800322243929,70.16607819722954,68.70800322243929,69.69989013671875,2231300,0.0,0.0
2020-01-15,69.69989012909157,69.69989012909157,68.08311718329176,68.58898162841797,1580300,0.0,0.0
2020-01-16,68.8667131580457,70.2454354515215,68.8667131580457,69.92803192138672,1609700,0.0,0.0
2020-01-17,69.97762691619678,70.14624588045345,69.47176245592998,69.71973419189453,1300500,0.0,0.0
2020-01-21,69.88834473640676,71.39601694723385,69.68004941139037,70.9695053100586,2956300,0.0,0.0
2020-01-22,71.94155278881162,73.19133235207165,71.87212101126919,72.99295043945312,4299300,0.0,0.0
2020-01-23,78.40866034764844,80.90821193822885,74.34191811383275,75.5916976928711,16146800,0.0,0.0
2020-01-24,75.25444702236268,75.58176388367174,70.82071224081946,71.51502990722656,5662200,0.0,0.0
2020-01-27,69.93793722413857,69.93793722413857,68.47986248327686,68.92620849609375,3699400,0.0,0.0
2020-01-28,69.39240608272038,71.04885537679381,68.46002998228546,70.57275390625,2624800,0.0,0.0
2020-01-29,70.98933669168255,71.3662509445794,69.14442667159028,69.46183013916016,2232700,0.0,0.0
2020-01-30,69.15435669094879,70.08673280949749,67.77563448915679,68.29141235351562,2411900,0.0,0.0
2020-01-31,67.80539525229082,68.21206498315522,65.04795063046373,65.45462036132812,2952700,0.0,0.0
2020-02-03,65.84145372930212,67.32928417040489,65.77202194475053,67.24993896484375,2032900,0.0,0.0
2020-02-04,68.45011571643504,70.08673058214319,68.36084196212555,69.89826965332031,2006500,0.0,0.0
2020-02-05,71.16788636547541,71.24723913511346,69.6304586155989,70.70169830322266,1377200,0.0,0.0
2020-02-06,70.70169609370576,71.13812874557934,70.1561628463602,70.79096984863281,1119800,0.0,0.0
2020-02-07,70.11649626370532,70.42397882005285,68.64850013606731,68.88655090332031,1604700,0.0,0.0
2020-02-10,68.44018782043726,70.05696054754918,68.27156888403512,69.97761535644531,1182600,0.0,0.0
2020-02-11,70.8107990109809,72.44741376676929,70.62233809481559,71.81260681152344,1565700,0.0,0.0
2020-02-12,72.17961060727463,72.96320221223023,71.87212807187953,72.5069351196289,1502800,0.0,0.0
2020-02-13,72.13001345693387,73.0028711668569,71.52496186872145,71.99114990234375,2073800,0.0,0.0
2020-02-14,72.20937856935365,72.28872378019003,69.09485391097606,69.5907974243164,2040200,0.0,0.0
2020-02-18,67.36895290805928,67.7557881734261,66.17869171731465,66.84325408935547,4028300,0.0,0.0
2020-02-19,67.7756333258888,68.14262663370214,67.29952428677063,67.42847442626953,2210200,0.0,0.0
2020-02-20,67.40860103885991,68.11387726333245,65.80931003032204,67.43840026855469,1793300,0.1,0.0
2020-02-21,67.1106025303333,67.1106025303333,65.20337578919398,65.56098175048828,2329800,0.0,0.0
2020-02-24,62.769665506124376,64.08088849331008,62.26305963894537,63.455078125,4037200,0.0,0.0
2020-02-25,64.26962169778241,64.34909136794528,60.78297138981947,61.22004699707031,2879500,0.0,0.0
2020-02-26,61.56771829174557,62.54119903050114,60.71343827077248,61.02137756347656,1956200,0.0,0.0
2020-02-27,59.1340102808823,59.799555468205746,57.196984546805766,58.021461486816406,4047300,0.0,0.0
2020-02-28,55.39902428300899,58.57773897758725,54.95201687779415,58.36913299560547,3646000,0.0,0.0
2020-03-02,59.0148134053399,60.276366009819235,57.196988262352974,60.08763122558594,2780300,0.0,0.0
2020-03-03,60.10748948066963,61.03130348018977,57.514854225488264,58.08106231689453,2071400,0.0,0.0
2020-03-04,59.19361495545582,62.084257849348596,59.17374753822534,62.05445861816406,2588600,0.0,0.0
2020-03-05,60.23662996003114,61.13064479221278,59.39228556577701,60.21676254272461,1637700,0.0,0.0
2020-03-06,58.26979970241717,59.312814455065656,56.86917902558695,58.52806854248047,1917000,0.0,0.0
2020-03-09,53.04479399703576,56.13410363454533,52.657385026219984,54.713619232177734,2483900,0.0,0.0
2020-03-10,56.501644737246004,58.76647734290853,54.71361879649545,58.61747360229492,2713900,0.0,0.0
2020-03-11,56.90891480578562,57.70359254533917,54.306339998429486,54.51494598388672,2534500,0.0,0.0
2020-03-12,50.46208796603469,52.70705702734697,49.27006936429852,49.49854278564453,3130200,0.0,0.0
2020-03-13,52.87591516498745,54.514940929683284,48.356182387821555,54.167266845703125,2910500,0.0,0.0
2020-03-16,47.78004909971659,53.56133558621514,46.46882971861318,47.82971954345703,2791800,0.0,0.0
2020-03-17,49.22040141831254,51.80310895241184,47.07476950731142,51.37596893310547,2535400,0.0,0.0
2020-03-18,47.25357131907527,50.76008908539559,42.58483424369051,45.87281799316406,2665200,0.0,0.0
2020-03-19,45.46554862590416,49.74688083161179,45.26687822342006,46.6873664855957,2558500,0.0,0.0
2020-03-20,48.068113704223244,49.58793507678349,43.77685023755245,43.99538803100586,2663700,0.0,0.0
2020-03-23,44.31325731292249,47.06483187831964,43.03183741331361,45.66421127319336,2652500,0.0,0.0
2020-03-24,48.008519590149874,52.627586375865825,47.511845497751004,52.468650817871094,3422600,0.0,0.0
2020-03-25,52.89578374338397,56.61090712336656,50.71041727217787,53.87919998168945,3288100,0.0,0.0
2020-03-26,54.60434403030256,57.15724823946422,54.35600701548666,57.127445220947266,2442300,0.0,0.0
2020-03-27,55.25995971761925,56.23344046878724,54.197077479643866,54.485145568847656,2156700,0.0,0.0
2020-03-30,54.61428213188627,55.71689921091581,53.382532518596065,54.872554779052734,1872100,0.0,0.0
2020-03-31,55.597695322019966,55.69702861799272,53.054722778300615,53.80966567993164,2192700,0.0,0.0
2020-04-01,52.0415079616327,53.58119680636953,51.08789466558798,51.79317092895508,1839600,0.0,0.0
2020-04-02,50.869358458460916,53.183861494426196,50.80975999391684,53.07459259033203,1387300,0.0,0.0
2020-04-03,52.35937335609278,53.66066062971264,51.544828280795464,52.50837707519531,1426500,0.0,0.0
2020-04-06,54.693745398617104,59.06447457710573,54.693745398617104,58.80620574951172,2591800,0.0,0.0
2020-04-07,61.16043783279423,61.73658150839845,58.53799964293695,58.796268463134766,2910600,0.0,0.0
2020-04-08,59.551222919323784,62.56106662999699,58.72674212807181,62.362396240234375,1912000,0.0,0.0
2020-04-09,63.18687984277329,64.45836433090842,60.03796406664012,60.74324417114258,2686600,0.0,0.0
2020-04-13,60.40550063519592,61.02137540954242,59.422084327566346,60.554500579833984,908200,0.0,0.0
2020-04-14,62.2928590993706,64.18022202502993,62.14385915639055,62.88887023925781,1557300,0.0,0.0
2020-04-15,60.51477002039239,61.408784908664785,58.83601294055048,60.693572998046875,1727400,0.0,0.0
2020-04-16,62.01472307513203,64.16035106099461,61.54784824885621,63.435211181640625,3100200,0.0,0.0
2020-04-17,64.94509576773032,65.99804990263723,62.82926705222818,63.40541076660156,2944400,0.0,0.0
2020-04-20,62.69020081224982,63.385545258027,62.044523014887645,62.05445861816406,1362800,0.0,0.0
2020-04-21,61.06111674638358,62.054464973710736,59.82936327719589,60.52470779418945,3005200,0.0,0.0
2020-04-22,65.83911479845135,65.83911479845135,57.1075873564144,62.362396240234375,6689200,0.0,0.0
2020-04-23,60.028029182398356,62.13392620551871,60.028029182398356,60.79290771484375,2608600,0.0,0.0
2020-04-24,60.81277510292468,61.75645281625311,59.87902541449594,61.58758544921875,1564800,0.0,0.0
2020-04-27,62.22332221942078,64.67689315389897,62.04451926447698,63.3259391784668,1626700,0.0,0.0
2020-04-28,64.1504217996062,64.40868684770481,61.388911518524644,62.7696647644043,1755300,0.0,0.0
2020-04-29,62.67032331287121,67.09072251847336,62.67032331287121,66.87218475341797,2598200,0.0,0.0
2020-04-30,66.25632126562569,66.42519621775746,62.11406113069486,62.12399673461914,2207400,0.0,0.0
2020-05-01,60.32603071172148,60.65383740932048,56.332770825270714,57.465187072753906,3333200,0.0,0.0
2020-05-04,56.958577257815776,58.78633781879722,56.67050541428691,58.190330505371094,2171100,0.0,0.0
2020-05-05,60.067764059446134,61.239915183814,58.696942546498164,59.044612884521484,1709700,0.0,0.0
2020-05-06,60.01809502424565,61.26971584905232,59.432023237674876,60.097564697265625,1596600,0.0,0.0
2020-05-07,60.95184252396672,62.22332693156972,60.95184252396672,62.01472473144531,2482200,0.0,0.0
2020-05-08,62.680267478756825,65.27290678672209,62.680267478756825,64.65702819824219,2052600,0.0,0.0
2020-05-11,63.753086876161085,64.12062843326763,62.650469783486685,62.69020462036133,2790400,0.0,0.0
2020-05-12,62.98819979731142,63.49480563630099,60.8823029890323,60.892234802246094,1735800,0.0,0.0
2020-05-13,60.792906532158945,61.80612208311587,58.24993394607161,59.33268356323242,1718100,0.0,0.0
2020-05-14,58.53800808291616,61.14057923271525,56.94865252334173,60.98164367675781,2041000,0.0,0.0
2020-05-15,57.05791449819889,58.96514485401771,56.04469896375176,56.511573791503906,3275500,0.0,0.0
2020-05-18,58.12079854986853,60.56443787710003,57.11751858634933,60.24656677246094,2534100,0.0,0.0
2020-05-19,60.58429979263889,62.55112849496512,60.32602717524897,60.71343231201172,1562800,0.0,0.0
2020-05-20,62.31272508918644,63.41534207286896,62.084255483725,63.10740280151367,2042400,0.0,0.0
2020-05-21,62.44186014573144,62.998132638511265,60.5346298851833,61.32931137084961,1530900,0.0,0.0
2020-05-22,61.53791430448362,62.38225865662603,60.693566163019014,62.33259201049805,850000,0.0,0.0
2020-05-26,64.47171172306574,65.5263390966204,62.79027121253685,64.52145385742188,1924500,0.1,0.0
2020-05-27,65.63577846124514,67.34706566734137,64.59109502311328,67.24756622314453,2647600,0.0,0.0
2020-05-28,67.3072748863609,67.8246371362563,63.88470009388421,64.23292541503906,2279900,0.0,0.0
2020-05-29,64.4418570815343,66.9092961763663,64.4418570815343,66.68045806884766,2464600,0.0,0.0
2020-06-01,66.50136946108002,67.60574655167493,66.16309562325425,66.81975555419922,1964000,0.0,0.0
2020-06-02,67.03863941520774,69.13795042513883,66.77996208210908,69.09815216064453,1344900,0.0,0.0
2020-06-03,70.90892973798222,73.10774015155508,70.26222883007063,71.95361328125,2479200,0.0,0.0
2020-06-04,72.08294221844737,73.31666544935597,71.47603206521988,72.81919860839844,1996400,0.0,0.0
2020-06-05,75.52542447035157,77.63467915848669,74.81901482926779,76.3711166381836,2529900,0.0,0.0
2020-06-08,77.60483139293082,77.79387123177155,73.53555605703714,74.52053833007812,2851300,0.0,0.0
2020-06-09,73.28681840092062,75.32642788737436,72.13269169031956,74.4807357788086,2979700,0.0,0.0
2020-06-10,74.96825834475449,77.08747214122349,74.58023478019525,75.89354705810547,2280400,0.0,0.0
2020-06-11,73.62508888929113,74.0927089116201,70.40150604170809,70.45124816894531,2753200,0.0,0.0
2020-06-12,73.12762376738758,73.81413041954724,69.96373443545461,71.38648986816406,2548500,0.0,0.0
2020-06-15,70.07318233513169,74.29169919046468,69.70505412537167,74.19220733642578,2743200,0.0,0.0
2020-06-16,77.26654537356119,78.460462631831,75.42591218017907,76.63973236083984,2604500,0.0,0.0
2020-06-17,77.0775134879985,78.37092271896113,76.68948995963557,78.02269744873047,2155700,0.0,0.0
2020-06-18,78.46046483401474,79.52504348958658,77.61477278644215,79.2066650390625,2025000,0.0,0.0
2020-06-19,80.02251885942356,82.37056302992639,79.62454385597968,82.33076477050781,4815200,0.0,0.0
2020-06-22,82.51980047072588,84.07189455657931,81.3756252396774,83.42518615722656,2598600,0.0,0.0
2020-06-23,84.56936877281633,84.98723912615095,83.07696814741368,83.31575012207031,1988100,0.0,0.0
2020-06-24,83.23615788298063,84.43007529955636,80.4901387159663,80.94780731201172,3000700,0.0,0.0
2020-06-25,81.06719659159509,84.40022277832031,80.2214969222431,84.40022277832031,2551800,0.0,0.0
2020-06-26,84.19128846323805,84.53951372369649,81.22638283688899,81.43531799316406,2395600,0.0,0.0
2020-06-29,81.36568632903726,82.91778065431544,80.17176878509137,82.41036987304688,1606900,0.0,0.0
2020-06-30,83.18640630669044,84.43007341737444,81.74375549459367,84.08184814453125,2337800,0.0,0.0
2020-07-01,84.27088442484767,84.36043240829683,82.39046027057736,82.48995971679688,1422400,0.0,0.0
2020-07-02,83.57442592370425,85.2857130023749,83.24609600008323,84.1514892578125,1609700,0.0,0.0
2020-07-06,86.47963335931517,89.1261605829644,85.76327989755323,87.68350219726562,1793600,0.0,0.0
2020-07-07,87.33527184253063,88.42969730504718,85.86277433754213,85.9025650024414,1994800,0.0,0.0
2020-07-08,87.01690348684178,88.00188575834407,86.18116279362576,87.30543518066406,1724300,0.0,0.0
2020-07-09,87.83274482332351,88.8177270497222,86.68856956317792,88.01183319091797,1440700,0.0,0.0
2020-07-10,88.05163780963201,88.39986310767986,85.4449086242955,86.93730926513672,2076700,0.0,0.0
2020-07-13,88.00188853968305,90.24048951250333,86.37019777119785,86.40999603271484,2280500,0.0,0.0
2020-07-14,83.09686205979618,86.20105804015408,82.48995946600593,86.17121124267578,2584600,0.0,0.0
2020-07-15,86.72837074449531,86.72837074449531,84.26093936419504,86.09161376953125,1590700,0.0,0.0
2020-07-16,84.72856289573026,86.09161729288633,84.44003119358791,85.6637954711914,1096600,0.0,0.0
2020-07-17,85.83292852910225,86.19110527491324,85.17627622227667,85.98217010498047,1031700,0.0,0.0
2020-07-20,86.50948847823315,89.40474939961904,85.9821747933534,89.28535461425781,1575300,0.0,0.0
2020-07-21,89.285352488369,89.92210948031642,87.9620963714814,89.26545715332031,3341400,0.0,0.0
2020-07-22,88.78788004277271,89.77286985757439,86.05181240536241,89.03661346435547,3475300,0.0,0.0
2020-07-23,89.31520055941186,90.19074712887617,83.95250818441174,85.6637954711914,2763800,0.0,0.0
2020-07-24,83.75351226386802,84.53951073294878,82.3208054249622,83.10680389404297,2253100,0.0,0.0
2020-07-27,84.5594123202877,88.4496066978438,83.93260682727181,87.87254333496094,3006300,0.0,0.0
2020-07-28,86.89749312579053,87.60390263030723,85.80306773248594,86.55921936035156,2203300,0.0,0.0
2020-07-29,87.3054300844648,89.36494249051997,87.1860353106567,88.32025909423828,2317700,0.0,0.0
2020-07-30,87.26562996969004,88.30036188178528,85.7931324110963,88.16107177734375,1451100,0.0,0.0
2020-07-31,88.02178484879829,88.5789452866672,85.74338578573905,88.5093002319336,2330700,0.0,0.0
2020-08-03,89.00676910902297,90.84739496106057,89.00676910902297,89.80271911621094,1746900,0.0,0.0
2020-08-04,89.79276951882576,89.9320596343657,88.03174014907555,89.076416015625,1126400,0.0,0.0
2020-08-05,89.30525209643451,90.40962912379013,88.8973256310411,90.19074249267578,3476500,0.0,0.0
2020-08-06,90.53897120898613,91.77268693301947,89.07641738262993,90.3996810913086,1675000,0.0,0.0
2020-08-07,89.84252294943492,90.50912675713408,85.20612791279751,87.12635040283203,2315100,0.0,0.0
2020-08-10,87.30543801966492,87.9819932845866,85.64390045121125,86.65872955322266,1418400,0.0,0.0
2020-08-11,86.40998723629883,87.55416246852444,85.61404485921167,85.83292388916016,1525300,0.0,0.0
2020-08-12,86.82784647461564,89.4743733278271,85.92246090270785,89.19579315185547,1310000,0.0,0.0
2020-08-13,89.54402710766679,90.40962210237441,88.44960162783245,89.52413177490234,996800,0.0,0.0
2020-08-14,89.81265677316439,92.96660219603825,89.19580277148347,89.60372161865234,1314600,0.0,0.0
2020-08-17,90.53896917577079,92.01147443196251,89.82261567766356,91.51400756835938,929400,0.0,0.0
2020-08-18,92.01146642826782,92.18060332540232,89.58382591601745,90.7677993774414,1133100,0.0,0.0
2020-08-19,91.1558351216967,91.81248746545982,89.63358007100018,89.78282165527344,840800,0.0,0.0
2020-08-20,88.54910821727806,88.77794633124941,87.57406975316111,88.28047943115234,1181400,0.0,0.0
2020-08-21,88.1312320893895,88.1312320893895,87.07659716832991,87.55416870117188,1258300,0.0,0.0
2020-08-24,88.51925416924999,89.40474457165358,87.8227960116992,88.63864135742188,829900,0.0,0.0
2020-08-25,89.05652033863409,89.8823095659497,88.70829505112245,89.85246276855469,1157900,0.0,0.0
2020-08-26,89.76292868111081,89.90221880589887,88.58890649308098,89.41470336914062,830200,0.0,0.0
2020-08-27,89.5241389973664,89.8325660199161,84.35047912597656,84.35047912597656,2163000,0.0,0.0
2020-08-28,85.00713026780052,85.46479881859034,83.93260014468999,85.29566192626953,2035200,0.0,0.0
2020-08-31,85.64389731137562,85.82298568642872,83.85301356084469,84.53952026367188,1611400,0.0,0.0
2020-09-01,85.56429568440855,86.66867266619919,84.50966842245195,84.91758728027344,1373600,0.0,0.0
2020-09-02,86.2025625184315,88.18480094515145,85.28615162362735,88.02542877197266,1642400,0.1,0.0
2020-09-03,86.35197636101732,87.08908878736221,81.22205598383796,81.61053466796875,2570600,0.0,0.0
2020-09-04,78.95095590803795,81.30175453419189,75.16576961856393,78.29352569580078,4216300,0.0,0.0
2020-09-08,75.85308178827226,77.85524663894896,74.90678141423719,75.2354965209961,4308000,0.0,0.0
2020-09-09,77.1977997628903,77.87514850350533,76.05228250454427,76.57025909423828,2957400,0.0,0.0
2020-09-10,77.65601406851597,77.92496552858547,74.65774866340604,75.14584350585938,3245600,0.0,0.0
2020-09-11,75.70365157984071,76.30131046712097,73.79114010068587,74.62786102294922,1653300,0.0,0.0
2020-09-14,76.19174695301136,76.74956856063604,75.13588255229551,76.52046203613281,1921000,0.0,0.0
2020-09-15,77.15796752448497,77.53648309491047,75.97260513340167,76.89897918701172,1447500,0.0,0.0
2020-09-16,77.21773398549378,78.11422626389059,75.80327261271565,76.03237915039062,1868700,0.0,0.0
2020-09-17,74.70756689723213,77.4069994024945,73.91068314380297,77.33727264404297,1739700,0.0,0.0
2020-09-18,77.91500478488547,78.3732102350056,75.13588267684834,76.07221984863281,30212400,0.0,0.0
2020-09-21,74.6776704626387,76.69975366140525,74.20950191915183,76.62006378173828,1981900,0.0,0.0
2020-09-22,77.25757540667465,77.25757540667465,74.90677691707579,76.261474609375,1784900,0.0,0.0
2020-09-23,76.56030217593809,77.76558313878209,74.83704458134493,75.11595916748047,2092600,0.0,0.0
2020-09-24,74.41869057293857,77.2974213046985,74.41869057293857,76.00249481201172,2206500,0.0,0.0
2020-09-25,76.04232260282363,77.79546193535027,75.1159562619476,77.41694641113281,1740600,0.0,0.0
2020-09-28,78.35329419040536,79.21989704048944,77.26754034421602,78.89118194580078,1831800,0.0,0.0
2020-09-29,79.20992866416935,80.35544605192061,79.18004685747383,79.5486068725586,1168500,0.0,0.0
2020-09-30,79.02067138634615,80.08649884527223,78.50269475978384,79.15016174316406,1804000,0.0,0.0
2020-10-01,80.52478863276181,81.33163548467866,80.05662761948454,80.98300170898438,1200800,0.0,0.0
2020-10-02,78.44292876841567,79.57848293880588,78.00464203610888,78.31343841552734,1033500,0.0,0.0
2020-10-05,79.19001136378685,80.99295132898767,79.17009269219356,80.91326904296875,1310400,0.0,0.0
2020-10-06,80.95310385615596,82.81581497721355,80.25583637749567,80.79373168945312,1169000,0.0,0.0
2020-10-07,82.02889508272351,82.99511402428396,81.52088157331269,81.96913146972656,1242900,0.0,0.0
2020-10-08,82.27792872753857,83.05488617494895,81.84960505785766,82.15840148925781,1137300,0.0,0.0
2020-10-09,85.0271545929923,86.50137934255459,84.28007908351753,85.76426696777344,1766600,0.0,0.0
2020-10-12,86.9197618358721,87.188705720095,85.45549237822895,86.2922134399414,2069800,0.0,0.0
2020-10-13,86.66077401920747,88.29437880654037,85.7941635431427,87.28831481933594,1142600,0.0,0.0
2020-10-14,87.2185823237704,88.50355324868814,86.44162492722616,86.5910415649414,967100,0.0,0.0
2020-10-15,84.52911315705383,87.26839031366444,83.95137287829004,86.94963836669922,1096100,0.0,0.0
2020-10-16,87.84612471067108,87.98557820315335,86.03322170875613,86.25235748291016,1032300,0.0,0.0
2020-10-19,87.3779552916879,88.45374587987321,85.71446893381419,86.33204650878906,1468800,0.0,0.0
2020-10-20,87.33812620408783,88.53344423038018,87.17874641410395,87.59711456298828,2818000,0.0,0.0
2020-10-21,87.65686866345719,92.8067078735203,87.65686866345719,91.71099853515625,3533800,0.0,0.0
2020-10-22,92.3883511254657,92.3883511254657,89.05141489584982,90.58541107177734,2175600,0.0,0.0
2020-10-23,90.86430852662812,92.09947128652888,90.65512828823209,91.64126586914062,1166400,0.0,0.0
2020-10-26,90.2268068251327,91.26275250636888,87.96565389023246,89.24066162109375,1257600,0.0,0.0
2020-10-27,89.47974218460774,89.47974218460774,86.52132141093018,87.11898040771484,1474900,0.0,0.0
2020-10-28,85.40568380273399,86.53128261450875,84.66857130982004,85.20646667480469,1185900,0.0,0.0
2020-10-29,85.19649036470894,88.99163154234294,84.7482480963559,88.19475555419922,1615700,0.0,0.0
2020-10-30,86.47150063354955,87.80627954340781,85.7543069028371,87.5074462890625,1581500,0.0,0.0
2020-11-02,88.15493216983221,90.15709716396344,87.90590693771404,89.35025024414062,1842300,0.0,0.0
2020-11-03,90.31644964819388,91.35239529965713,88.95179653781017,89.47972869873047,1082400,0.0,0.0
2020-11-04,92.07955764892402,96.05399759497365,90.58540649330355,95.47625732421875,2561400,0.0,0.0
2020-11-05,97.000286154855,99.95870653289994,96.6616155551715,98.93272399902344,1918000,0.0,0.0
2020-11-06,98.44463994018963,100.34718844007968,97.61787448542869,99.86906433105469,1506600,0.0,0.0
2020-11-09,104.53081675497982,105.20816557945072,100.88508430571551,101.13410949707031,2213900,0.0,0.0
2020-11-10,101.60227450009201,101.6720012472337,97.09990254255938,97.76728820800781,1975800,0.0,0.0
2020-11-11,99.251473066357,101.27355626991283,99.09210090629081,100.78546905517578,1683400,0.0,0.0
2020-11-12,101.73177904355742,101.73177904355742,99.42082533081677,100.08821868896484,1274500,0.0,0.0
2020-11-13,101.80149078200304,102.79759150433046,100.60617295506832,101.89114379882812,1062500,0.0,0.0
2020-11-16,102.51868606259545,106.8218409438965,102.26966087826172,106.76207733154297,1763900,0.0,0.0
2020-11-17,106.30387901424035,106.30387901424035,104.47104958314344,105.49703979492188,1258400,0.0,0.0
2020-11-18,105.56675826071655,106.0249636826123,104.35151415933656,104.4112777709961,1186100,0.0,0.0
2020-11-19,104.40131682993025,106.21421988494173,104.10249116570706,106.05484771728516,1048100,0.0,0.0
2020-11-20,106.31383947553098,107.50915737034916,105.7062173924321,105.91539764404297,1376300,0.0,0.0
2020-11-23,105.935316656885,108.22635149558371,105.935316656885,107.89763641357422,1192200,0.0,0.0
2020-11-24,109.1538901290691,109.17382720719564,106.85076586202656,108.66534423828125,1664600,0.1,0.0
2020-11-25,109.17382890127982,109.7022489565204,107.87769820955609,108.01728057861328,1373100,0.0,0.0
2020-11-27,109.3034378269779,110.4998679011355,108.74510835637214,109.07412719726562,849200,0.0,0.0
2020-11-30,109.61252720512088,110.31043909186648,107.71818516109401,110.0113296508789,1560400,0.0,0.0
2020-12-01,110.92858187423599,115.5946414379279,110.86875542914491,114.77708435058594,2175000,0.0,0.0
2020-12-02,114.15893683890937,114.60759337333803,112.51385020155641,113.62054443359375,1386100,0.0,0.0
2020-12-03,114.6674129236696,116.8708289124806,113.24167227130151,113.40119171142578,1700200,0.0,0.0
2020-12-04,114.4879495164773,115.93362725541557,113.66042007106128,115.68437194824219,1167700,0.0,0.0
2020-12-07,116.20283629208363,116.9705393510013,114.42813197726545,116.81101989746094,1341500,0.0,0.0
2020-12-08,116.56176109161268,118.60565014452058,116.19286048089178,118.31651306152344,1113700,0.0,0.0
2020-12-09,117.70832562502288,117.86785267525359,112.81295527276168,113.68035888671875,1555100,0.0,0.0
2020-12-10,113.67039503642971,115.79404756415464,111.94554492405085,115.33541870117188,1619700,0.0,0.0
2020-12-11,114.08914189060279,115.7840749721753,112.6135470943304,115.0263442993164,1171300,0.0,0.0
2020-12-14,116.27261082913954,117.85787082794992,115.48496319715159,116.83094024658203,1279400,0.0,0.0
2020-12-15,117.63853124765643,120.40028427809781,117.14999298126125,120.08123779296875,1536200,0.0,0.0
2020-12-16,119.09418440258614,120.4800433214608,118.23674552529654,119.4132308959961,1671800,0.0,0.0
2020-12-17,120.63957052165563,122.00549236430972,118.60564627113493,118.9944839477539,1611400,0.0,0.0
2020-12-18,118.98451261897851,120.72929981080702,118.47603725701838,120.23078918457031,2703600,0.0,0.0
2020-12-21,117.47901775098137,119.80207912937941,117.31949069701322,119.37335968017578,1319300,0.0,0.0
2020-12-22,119.37336046263314,119.77216288683033,117.79806502438083,118.21681213378906,1662100,0.0,0.0
2020-12-23,118.71531921322189,118.93466510395851,116.85088674862908,116.91071319580078,928400,0.0,0.0
2020-12-24,117.33942883688383,118.5458235902178,116.48198998630463,118.52587890625,421400,0.0,0.0
2020-12-28,119.72230893422193,119.86189129533543,117.08020120171368,117.37931060791016,735300,0.0,0.0
2020-12-29,118.56576119264025,118.71531589638843,116.05327107501013,116.85088348388672,957200,0.0,0.0
2020-12-30,117.89776214999623,120.36040584072482,117.658479181208,119.93168640136719,793000,0.0,0.0
2020-12-31,119.7622009356771,120.35043984971409,118.01741366590326,119.53288269042969,699700,0.0,0.0
2021-01-04,121.51694283077698,123.08226583257859,117.74820385871121,118.8349609375,1391400,0.0,0.0
2021-01-05,118.19686796683773,121.15801458292844,118.02736857938349,121.12810516357422,1083200,0.0,0.0
2021-01-06,120.33048676012554,124.47809084837462,119.85191325430135,122.04536437988281,1662500,0.0,0.0
2021-01-07,123.99954185509418,130.3505702763231,123.88986890352909,129.52304077148438,2117800,0.0,0.0
2021-01-08,132.46423941373155,133.08238769960525,130.05144989574785,131.75634765625,1340800,0.0,0.0
2021-01-11,131.5968510060158,136.04355762451365,130.13122843181606,135.29579162597656,2108600,0.0,0.0
2021-01-12,135.97376405120082,139.11437492895618,135.6447452104195,136.681640625,1478900,0.0,0.0
2021-01-13,136.15322243937413,136.93089781429117,134.94683521999602,135.61483764648438,1452800,0.0,0.0
2021-01-14,137.79832666358726,139.13433161349613,136.27287001082462,137.977783203125,1563000,0.0,0.0
2021-01-15,137.58893356625677,138.1672077213386,134.36855916353457,136.89102172851562,1733900,0.0,0.0
2021-01-19,138.81526644786194,141.14830776978974,138.61586523755574,140.2111053466797,1875000,0.0,0.0
2021-01-20,142.85320034679108,142.97283802589678,137.47925653580197,138.19711303710938,1955900,0.0,0.0
2021-01-21,140.36065040631732,140.98877866230168,138.3366984851866,139.822265625,1301600,0.0,0.0
2021-01-22,138.93491663033623,139.991756716315,136.92092945491547,137.53907775878906,1357100,0.0,0.0
2021-01-25,140.06153519100388,141.3676305407572,137.25990802763928,139.69264221191406,1364200,0.0,0.0
2021-01-26,140.28089060081518,140.62985413302448,137.65873498794315,137.6886444091797,1249800,0.0,0.0
2021-01-27,134.99667863754564,135.1063515896502,129.0145508063988,129.72244262695312,2360400,0.0,0.0
2021-01-28,123.34149998257543,123.63063706269972,119.25371431070698,119.58273315429688,4093700,0.0,0.0
2021-01-29,119.36338590628176,119.36338590628176,112.70328361634886,113.14197540283203,4974800,0.0,0.0
2021-02-01,116.15297662556074,117.56874498715597,113.66042347908949,117.1998519897461,3083000,0.0,0.0
2021-02-02,121.1380763875479,121.42721344975045,118.25668571410593,121.24774932861328,4276000,0.0,0.0
2021-02-03,123.10221676552882,123.64060916124934,119.65252410258046,120.21085357666016,2495600,0.0,0.0
2021-02-04,121.81606303573716,125.24581875024654,120.5897234868082,125.14611053466797,1882000,0.0,0.0
2021-02-05,126.85101793479352,127.76826805939659,124.43822071064896,125.74432373046875,1936200,0.0,0.0
2021-02-08,127.58880074903136,129.25382428264322,126.12317840738852,128.70545959472656,1594000,0.0,0.0
2021-02-09,127.84804245057299,129.27379088085496,126.33257335736342,127.88793182373047,2134100,0.0,0.0
2021-02-10,129.18403792003517,131.08833675752732,126.9008509633181,128.32659912109375,1816200,0.0,0.0
2021-02-11,128.70546777410507,134.99666934255606,128.70546777410507,134.6377410888672,1834600,0.0,0.0
2021-02-12,134.98670091837403,143.35170825585396,134.63773740978507,141.9857940673828,2391500,0.0,0.0
2021-02-16,145.35571722700334,147.45943261345738,142.35468882629695,143.21212768554688,2341500,0.0,0.0
2021-02-17,140.6497873173315,141.28788027376265,134.12926018088132,138.8850555419922,2169000,0.0,0.0
2021-02-18,135.68233669170047,137.51817015404797,134.1757432278331,136.19117736816406,1666200,0.1,0.0
2021-02-19,139.35400317138755,142.9358773577861,139.07463787254272,142.26739501953125,2081500,0.0,0.0
2021-02-22,139.6632934659291,139.68325247907782,131.53173878631787,132.09046936035156,1928000,0.0,0.0
2021-02-23,126.60289816357752,131.59158516698787,124.2881476984804,129.48635864257812,3288900,0.0,0.0
2021-02-24,128.39884203450333,134.13583269183545,125.92444967121979,133.8863983154297,2386800,0.0,0.0
2021-02-25,132.46960884895682,132.98842137460466,125.02648058507113,125.3557357788086,1736600,0.0,0.0
2021-02-26,126.66278272523726,129.56620273661133,123.74939081880025,128.31903076171875,1925000,0.0,0.0
2021-03-01,131.17254849855178,134.0460373299134,130.2047419192186,133.6968231201172,2157900,0.0,0.0
2021-03-02,133.44738733857483,133.68684981341335,126.45324550442318,126.51311492919922,1698600,0.0,0.0
2021-03-03,126.3634551614356,128.37888155035841,121.18519513071328,121.21512603759766,1972800,0.0,0.0
2021-03-04,120.72623628054535,121.17521510615701,111.05815756731997,113.71214294433594,3351400,0.0,0.0
2021-03-05,117.2042260590754,117.56341217024071,106.20915447909948,113.64230346679688,3451600,0.0,0.0
2021-03-08,112.56474073467339,113.40284416535341,103.814586497472,103.96424102783203,3907800,0.0,0.0
2021-03-09,108.75338765591658,114.5701991161679,108.37425014574092,113.08356475830078,3146600,0.0,0.0
2021-03-10,116.94481396707825,116.98472438138928,107.9053144592902,108.6635971069336,2867700,0.0,0.0
2021-03-11,110.74886420120053,114.57020071181157,110.74886420120053,113.6023941040039,2136000,0.0,0.0
2021-03-12,110.7787917716981,113.30306639149246,109.80101329892695,112.57472229003906,1705100,0.0,0.0
2021-03-15,113.26315625020868,118.10218915508243,112.9837909716042,117.48358917236328,2493000,0.0,0.0
2021-03-16,119.42916939370366,119.7185141668687,115.83731610594803,117.08448791503906,2368500,0.0,0.0
2021-03-17,115.3683902111808,118.60106535517914,113.12348072280422,117.20423126220703,2543000,0.0,0.0
2021-03-18,115.10897317475033,115.78743495011524,111.89625734470272,112.11576080322266,2485500,0.0,0.0
2021-03-19,112.6745007348546,115.79741649574451,111.06814268593978,114.6500244140625,3196300,0.0,0.0
2021-03-22,117.20422046343252,118.44141278052783,114.85953895847416,116.7452621459961,2148700,0.0,0.0
2021-03-23,116.18653497245508,117.93257568976112,111.63685416781458,112.86407470703125,2821000,0.0,0.0
2021-03-24,116.5257607125958,117.67316033219687,111.62686605257478,111.74659729003906,2098300,0.0,0.0
2021-03-25,109.76110857046578,111.88628678378579,107.60599183684553,111.48719024658203,1481300,0.0,0.0
2021-03-26,112.1955819124828,118.8804279134146,111.86633431365851,118.75071716308594,2239400,0.0,0.0
2021-03-29,117.8727086293024,117.95252945688355,112.0958075424115,113.63232421875,2448500,0.0,0.0
2021-03-30,113.35295786521507,116.39606028188015,112.9438818368198,115.69763946533203,1050500,0.0,0.0
2021-03-31,117.56341331932072,122.59201131265228,117.35388935444854,121.40470123291016,2316700,0.0,0.0
2021-04-01,123.8192270516554,128.6283216845357,123.8192270516554,128.51856994628906,2179600,0.0,0.0
2021-04-05,130.26459283817096,133.4673365989622,127.71038752358166,132.37979125976562,2013000,0.0,0.0
2021-04-06,131.9208484645356,134.51497195585384,129.93534543410465,132.0804901123047,1991800,0.0,0.0
2021-04-07,131.28231282831615,133.0882154153285,130.16485160856647,131.4818572998047,1319700,0.0,0.0
2021-04-08,133.38752903194543,134.0061214112055,131.9607564879625,133.61700439453125,1497700,0.0,0.0
2021-04-09,132.43968880753292,133.7666815853613,131.07277800183184,132.7589569091797,1155600,0.0,0.0
2021-04-12,131.89093080742836,132.1204061839819,128.95757993813658,130.13490295410156,1612100,0.0,0.0
2021-04-13,131.45192342950392,131.69138592445697,126.93217350410067,128.70814514160156,1560700,0.0,0.0
2021-04-14,128.71811815155382,131.1126974490278,127.24147081388517,127.80020141601562,925900,0.0,0.0
2021-04-15,130.06506450304056,131.33219542390103,127.74033424046439,130.8931884765625,1612500,0.0,0.0
2021-04-16,131.2523660890264,132.12039280865963,129.0573467188496,129.18704223632812,1501400,0.0,0.0
2021-04-19,128.2990633851321,128.8677810762639,124.49768588930598,126.0342025756836,1524800,0.0,0.0
2021-04-20,125.2759205093793,126.68273406566277,122.41241870025172,123.98883819580078,1276100,0.0,0.0
2021-04-21,123.99881352857308,129.77572209746995,123.30040033330266,129.64601135253906,1515300,0.0,0.0
2021-04-22,129.48637346372686,129.87549048556104,125.11628588890211,126.0342025756836,1409200,0.0,0.0
2021-04-23,128.9874973359947,131.55168991037797,127.87003625494089,131.23240661621094,1257500,0.0,0.0
2021-04-26,131.1625688099451,133.37753189084953,130.703602894996,133.1280975341797,1212700,0.0,0.0
2021-04-27,133.95621376163294,135.24330349400358,130.7734443409938,130.80337524414062,1776500,0.0,0.0
2021-04-28,138.3961694979778,138.9648719324203,130.84328963326382,132.10043334960938,2672700,0.0,0.0
2021-04-29,133.4773196368029,133.60703038172625,128.24916973030207,130.5140380859375,1216100,0.0,0.0
2021-04-30,127.72037599020494,128.28909369109118,124.14848141087683,124.79701232910156,1689000,0.0,0.0
2021-05-03,126.03419941449856,127.12173723675396,123.47999387634216,124.70720672607422,1061500,0.0,0.0
2021-05-04,122.06320765944112,122.87138024752561,119.37929883836729,122.71173858642578,1362200,0.0,0.0
2021-05-05,124.77704513662877,125.74485169716826,122.06319800954607,124.23826599121094,1160900,0.0,0.0
2021-05-06,123.55981253314114,125.85461190575624,121.3548134968782,125.65506744384766,1356800,0.0,0.0
2021-05-07,127.16164030008487,128.39884027079881,126.33352396701406,127.88001251220703,1269800,0.0,0.0
2021-05-10,126.26368128978176,126.26368128978176,121.43462792250028,121.5643310546875,2448900,0.0,0.0
2021-05-11,116.06680403133032,121.90356682503756,115.39832173998417,121.2350845336914,1888200,0.0,0.0
2021-05-12,118.17203726133964,119.79834671926186,113.91169368155154,114.3407211303711,1920800,0.0,0.0
2021-05-13,116.13664325213087,118.49130429479652,115.63777451617852,116.97473907470703,1493200,0.0,0.0
2021-05-14,118.2019697944385,123.14076766503763,117.70310101509986,122.07318878173828,1139500,0.0,0.0
2021-05-17,120.44686861504213,120.6164821580566,117.23415274320207,119.58881378173828,1127300,0.0,0.0
2021-05-18,121.27499062628996,122.12306594009725,118.40150188587397,118.50127410888672,1100700,0.0,0.0
2021-05-19,115.73754085817691,122.70175140742963,114.74978294259472,122.13304138183594,1564000,0.0,0.0
2021-05-20,122.94121754537548,126.96209850402532,122.86139671743939,126.33352661132812,1178500,0.0,0.0
2021-05-21,126.21379539720473,126.64282283228926,123.41015542149725,124.59745788574219,1882800,0.0,0.0
2021-05-24,126.06412798870903,128.01969251919314,126.01424568241882,127.4011001586914,1266700,0.0,0.0
2021-05-25,128.40961009726098,130.18697353719057,127.59081681746073,128.33970642089844,1065400,0.1,0.0
2021-05-26,128.92883573544898,130.30679755064864,126.9717460056569,128.86892700195312,926600,0.0,0.0
2021-05-27,128.04014569391532,130.93586126068385,127.1614513143468,130.3966522216797,1601700,0.0,0.0
2021-05-28,130.80606051173146,132.75317057897925,130.42661820870913,132.15406799316406,1211800,0.0,0.0
2021-06-01,133.27239991852687,135.14962146868376,130.0471861746242,130.5863800048828,1090900,0.0,0.0
2021-06-02,130.04717579075773,131.85449351768796,129.1584941092651,130.81602478027344,803700,0.0,0.0
2021-06-03,128.818985747587,129.44805786196207,126.74207112990189,128.13002014160156,1141000,0.0,0.0
2021-06-04,127.38112328243587,131.78459000393883,126.95175962314205,131.4850311279297,1039000,0.0,0.0
2021-06-07,131.15554253247848,131.49503550608333,129.9473272325102,130.60635375976562,711300,0.0,0.0
2021-06-08,131.63482691433245,132.3038331479443,125.01463778387448,126.59230041503906,1930200,0.0,0.0
2021-06-09,126.6122774834944,128.24984887779613,124.48542604206523,124.5253677368164,1245800,0.0,0.0
2021-06-10,124.495407414088,128.02018753077633,124.00613500846796,127.6806869506836,1857800,0.0,0.0
2021-06-11,128.47950060971806,128.48948031956024,126.27277345683379,127.79052734375,1497600,0.0,0.0
2021-06-14,127.81049576791415,131.34524808756822,127.49096983321833,131.28533935546875,1035200,0.0,0.0
2021-06-15,131.22542261447805,132.3537544541488,129.65775502082508,130.1170654296875,1098000,0.0,0.0
2021-06-16,131.06565629893404,132.01426195654028,126.97173573385491,128.09007263183594,1051900,0.0,0.0
2021-06-17,127.7306217273461,129.82751892147374,126.64223905135964,129.3981475830078,1379800,0.0,0.0
2021-06-18,127.4410437316542,129.12855177815376,123.3471152188869,124.6751480102539,2771000,0.0,0.0
2021-06-21,125.12447047030237,126.1829062729269,123.97617919151271,126.03312683105469,1589700,0.0,0.0
2021-06-22,125.8633845092766,126.52240340994317,124.38557231507725,125.77351379394531,1313700,0.0,0.0
2021-06-23,125.4639723728542,127.65072482215156,125.4639723728542,127.01167297363281,913400,0.0,0.0
2021-06-24,128.4994704608678,130.79606824315337,128.13002313994363,130.4166259765625,1339800,0.0,0.0
2021-06-25,131.2553809671799,132.50353030166465,128.1599797593764,129.3582000732422,2613200,0.0,0.0
2021-06-28,131.1155962446764,133.2624223627669,130.296818157907,132.553466796875,1388900,0.0,0.0
2021-06-29,132.07418707054478,134.98986237071733,131.75465349650972,134.1111602783203,1314400,0.0,0.0
2021-06-30,134.5005676195966,134.750197483492,132.26389379026048,133.7616729736328,838700,0.0,0.0
2021-07-01,133.25242785655982,133.67180422963668,129.04866917935198,129.18846130371094,1262800,0.0,0.0
2021-07-02,130.69621298249692,130.80605073378237,127.77055062700974,128.33970642089844,928200,0.0,0.0
2021-07-06,128.47950044219587,128.79903399110822,124.3855720729952,126.28276062011719,1599800,0.0,0.0
2021-07-07,127.75058561673241,127.75058561673241,122.66811746600706,123.25724792480469,2780700,0.0,0.0
2021-07-08,120.20177824466276,123.49689573996443,118.97360348924812,122.63816833496094,1458300,0.0,0.0
2021-07-09,123.50688200442761,125.7735179653935,122.17884921300166,125.51390075683594,1251600,0.0,0.0
2021-07-12,125.89334145346608,127.08157448821167,124.9547306777332,126.89186096191406,1074600,0.0,0.0
2021-07-13,126.07307318066806,127.86042398534529,125.36412525558923,126.60228729248047,1038200,0.0,0.0
2021-07-14,127.95028779158211,130.6862366995792,125.73357328838557,126.08305358886719,1114500,0.0,0.0
2021-07-15,125.62373300444274,125.62373300444274,121.98912271642835,122.94770050048828,1528600,0.0,0.0
2021-07-16,123.44696230036075,124.61523589809288,119.4628716523796,119.7125015258789,1145600,0.0,0.0
2021-07-19,118.03498838586576,119.97211864061099,116.21768321282923,119.88224792480469,1422300,0.0,0.0
2021-07-20,121.21027976125018,124.45546808981734,119.63261714547988,123.59674072265625,1324600,0.0,0.0
2021-07-21,124.16589781066415,128.32972989896368,123.9861639966505,128.2698211669922,1210000,0.0,0.0
2021-07-22,127.54089356418254,128.97875640161269,125.85339324446299,126.53238677978516,1013200,0.0,0.0
2021-07-23,128.04015053948848,129.27832019795022,126.64222934138516,128.60931396484375,850000,0.0,0.0
2021-07-26,127.81049644948469,129.71767235787948,126.80198961787019,127.24134063720703,1153000,0.0,0.0
2021-07-27,126.31271418277015,126.72211082613704,120.59119421209294,123.27721405029297,2501200,0.0,0.0
2021-07-28,119.0035459745364,123.836376359147,117.52573386614301,121.89925384521484,2342800,0.0,0.0
2021-07-29,124.13594126425478,127.11153266219291,123.6965902559165,125.46397399902344,2027600,0.0,0.0
2021-07-30,123.75650641012307,128.6792001180776,123.75650641012307,126.81197357177734,1148100,0.0,0.0
2021-08-02,127.43105747360231,130.087115301759,126.59229715759035,126.83193969726562,1004400,0.0,0.0
2021-08-03,127.35117918972044,128.06012712748233,124.65517194249281,126.55236053466797,915300,0.0,0.0
2021-08-04,126.48246522672004,128.82899218311945,126.21286830944187,127.71064758300781,1052800,0.0,0.0
2021-08-05,128.11005578396703,128.38964002700632,125.84341223714266,126.3926010131836,912300,0.0,0.0
2021-08-06,125.92329012803597,127.54089440112102,125.46397208908319,126.68216705322266,673700,0.0,0.0
2021-08-09,127.11153479143287,127.44104043510707,125.41404707866349,125.75354766845703,650900,0.0,0.0
2021-08-10,125.93327816520794,126.53238832295204,120.01205740967073,122.29866790771484,1341600,0.0,0.0
2021-08-11,122.74800277104617,122.86782785388533,118.65407433361567,121.2002944946289,1354300,0.0,0.0
2021-08-12,119.92218487756499,119.94215953277632,117.91515864236257,118.47433471679688,1292600,0.0,0.0
2021-08-13,117.95510341239799,118.98358487584873,117.5756687525699,118.57418823242188,977700,0.0,0.0
2021-08-16,118.14482199806903,119.4129383581115,117.12633550259469,118.29460144042969,946600,0.0,0.0
2021-08-17,116.94660278872968,117.2561413858964,114.45030411971042,115.91812133789062,1087300,0.0,0.0
2021-08-18,115.88816979928309,117.4358780590634,113.66147559834403,113.8412094116211,1499400,0.0,0.0
2021-08-19,113.3818899185686,114.90962350295882,111.83418167845747,114.04090881347656,1433100,0.0,0.0
2021-08-20,114.21065425209945,115.25910274298606,111.99394742759175,113.3918685913086,1478300,0.0,0.0
2021-08-23,113.98100377228003,117.02648371178763,113.98100377228003,116.47730255126953,878300,0.0,0.0
2021-08-24,117.67552374842226,118.62412186199244,116.32752392187449,116.62708282470703,976500,0.0,0.0
2021-08-25,116.90666329931899,118.57418901330975,116.73691681497003,117.88520812988281,959100,0.0,0.0
2021-08-26,117.67552265861666,118.62412076340176,116.5471983555157,116.9865493774414,613300,0.0,0.0
2021-08-27,117.38594842156377,122.59822136116254,117.38594842156377,122.41848754882812,1406400,0.0,0.0
2021-08-30,123.27721012320474,123.92624928795762,121.93919771971005,123.02758026123047,970800,0.0,0.0
2021-08-31,123.15750175905544,123.15750175905544,119.73979291607537,121.35871124267578,1812900,0.1,0.0
2021-09-01,122.27809124539179,122.44797561536691,119.51993669024289,119.58988952636719,1251400,0.0,0.0
2021-09-02,120.35938055229126,121.53859097161657,120.2794322740315,120.78909301757812,821100,0.0,0.0
2021-09-03,120.49928332713834,122.34804337774965,120.2794293793588,121.79840850830078,761900,0.0,0.0
2021-09-07,122.07822812893372,122.54790710027369,119.98962323813547,120.0795669555664,1289400,0.0,0.0
2021-09-08,119.919672743088,120.30941106956003,118.42067683379939,118.75045776367188,1271000,0.0,0.0
2021-09-09,118.7004868974775,120.56923785555207,118.04093266916655,119.09022521972656,764400,0.0,0.0
2021-09-10,120.09955074525257,124.09687310971525,120.09955074525257,120.88902282714844,1318800,0.0,0.0
2021-09-13,121.85837053647806,122.94763718373686,120.03958922806586,122.23811340332031,990300,0.0,0.0
2021-09-14,122.73777868172242,123.14750786966995,120.85903997967384,122.23811340332031,1197000,0.0,0.0
2021-09-15,122.33804572308796,122.42798943840965,120.56923398082394,122.14817810058594,966000,0.0,0.0
2021-09-16,121.4486409802198,123.74710430361392,120.2294564847301,123.05756378173828,854400,0.0,0.0
2021-09-17,122.19813839734418,122.83770933920877,119.34005241526123,121.26876068115234,2418000,0.0,0.0
2021-09-20,118.26077883533608,118.26077883533608,114.59323738515299,116.40203094482422,1809900,0.0,0.0
2021-09-21,117.60122561279994,117.6112210536259,115.49263743148101,115.9023666381836,1823400,0.0,0.0
2021-09-22,116.89169751529279,118.4506507583527,116.08224219667126,118.23079681396484,2282600,0.0,0.0
2021-09-23,119.05025117124691,120.81907059598345,118.55058587318602,119.65984344482422,2490700,0.0,0.0
2021-09-24,118.79043091021967,120.01960327596437,118.35072300739724,119.2501220703125,1137200,0.0,0.0
2021-09-27,118.27077431134306,119.06024639575986,117.03160650920319,117.46131896972656,2108100,0.0,0.0
2021-09-28,115.1928296447341,115.47264860435202,110.23615101009425,111.39537811279297,2404900,0.0,0.0
2021-09-29,112.21483031334749,112.57458992750666,109.01696792352018,109.09691619873047,1556000,0.0,0.0
2021-09-30,109.92636239939117,111.45533694742403,109.02696336399326,109.09691619873047,1494400,0.0,0.0
2021-10-01,109.62656265228553,109.9163694382445,107.90772044221615,109.39672088623047,1354300,0.0,0.0
2021-10-04,108.35741592306165,108.61724401064919,105.16954890870973,107.19818878173828,2350000,0.0,0.0
2021-10-05,108.13756128524173,110.17619658596453,107.19818809906793,109.4067153930664,2581800,0.0,0.0
2021-10-06,107.80777948405894,109.33676166534254,106.93836676498339,108.92703247070312,1642600,0.0,0.0
2021-10-07,112.27479002588423,112.97432601198773,111.11557050854782,111.35540771484375,1492100,0.0,0.0
2021-10-08,111.78511957864045,111.95500394785208,109.1169087529498,109.48665618896484,967300,0.0,0.0
2021-10-11,108.84708428309756,110.34608014399905,107.84775370916323,107.94768524169922,897300,0.0,0.0
2021-10-12,109.70651084333473,109.70651084333473,106.77847191251848,107.27813720703125,978100,0.0,0.0
2021-10-13,108.5772720873662,109.1968521848011,108.02763720323446,108.39739227294922,1181200,0.0,0.0
2021-10-14,111.30543953948316,112.70450390504739,110.32609982058939,112.64454650878906,1732400,0.0,0.0
2021-10-15,113.92368301526108,114.7531292038853,113.15420184431798,113.84373474121094,1428500,0.0,0.0
2021-10-18,112.80443159277766,115.78244003539643,112.48464611649466,115.7024917602539,1118000,0.0,0.0
2021-10-19,116.24213482734412,117.06158561254198,115.6225471119848,116.6418685913086,1107200,0.0,0.0
2021-10-20,116.41202056550291,116.9816387079447,114.97298967234275,116.87171173095703,884800,0.0,0.0
2021-10-21,116.18217702889996,117.74113031624648,115.92234893957973,117.46131896972656,749800,0.0,0.0
2021-10-22,117.46131440463898,120.72912196633347,115.83240834396926,116.04226684570312,1307200,0.0,0.0
2021-10-25,116.05226058724628,118.60055668351748,115.59256942317417,117.20149230957031,1159600,0.0,0.0
2021-10-26,118.51060602403476,118.78042954158722,115.05292324297504,115.07291412353516,1292500,0.0,0.0
2021-10-27,119.34005925244158,124.74644149571273,117.75112724704505,122.98761749267578,3406600,0.0,0.0
2021-10-28,129.91297222089509,138.25738845912838,128.3040494165241,136.91827392578125,5711700,0.0,0.0
2021-10-29,135.11949058615127,138.6471262132813,134.87964576428956,138.1474609375,2347000,0.0,0.0
2021-11-01,138.08748989282128,139.72640665497195,136.51854883797907,139.51654052734375,2050400,0.0,0.0
2021-11-02,139.25672912597656,139.70642485890912,137.28804656872205,139.25672912597656,1571400,0.0,0.0
2021-11-03,140.1161472450746,141.5951522329649,138.50722440232025,140.22607421875,1260000,0.0,0.0
2021-11-04,140.33599082438613,144.6331155149038,139.12680932047854,144.4932098388672,1734100,0.0,0.0
2021-11-05,145.16275596619013,146.66175185069733,142.11480986655192,144.1234588623047,1676500,0.0,0.0
2021-11-08,144.67308640820656,145.1027912206836,142.28468702981445,143.79367065429688,1087300,0.0,0.0
2021-11-09,144.65309745447257,145.62244931015013,143.0941442325589,145.32264709472656,1075500,0.0,0.0
2021-11-10,143.0741594003813,145.33264105471133,141.41526695367193,141.91493225097656,1281700,0.0,0.0
2021-11-11,143.74370362391244,144.23338108620885,141.73505469432254,143.1141357421875,717300,0.0,0.0
2021-11-12,143.91358408447812,146.26201692856992,142.70440268281075,146.09213256835938,1009800,0.0,0.0
2021-11-15,148.00087082594325,149.8496233226054,146.6317775083955,148.07081604003906,1361900,0.0,0.0
2021-11-16,148.1807381816172,151.418574772135,147.47122200423505,151.13876342773438,1247000,0.0,0.0
2021-11-17,152.2680001784713,153.62709041812423,150.7989829617665,151.50851440429688,1847900,0.0,0.0
2021-11-18,152.32795232829477,152.6077789181676,149.68972021849956,150.7490234375,997800,0.0,0.0
2021-11-19,150.13943763094963,153.34728037751765,149.34995790303782,151.1687469482422,822700,0.0,0.0
2021-11-22,151.97820368302922,154.3965819721162,149.19006269268013,149.28001403808594,1078300,0.0,0.0
2021-11-23,147.72999572753906,150.50999450683594,145.61000061035156,149.10000610351562,879200,0.1,0.0
2021-11-24,147.66000366210938,150.91000366210938,146.55999755859375,150.8300018310547,983100,0.0,0.0
2021-11-26,148.35000610351562,151.39999389648438,145.4199981689453,146.35000610351562,911000,0.0,0.0
2021-11-29,149.52000427246094,154.8699951171875,146.50999450683594,154.4499969482422,1813000,0.0,0.0
2021-11-30,153.86000061035156,154.8699951171875,150.75999450683594,152.8699951171875,2158800,0.0,0.0
2021-12-01,155.75999450683594,158.22000122070312,152.1300048828125,152.35000610351562,1603800,0.0,0.0
2021-12-02,149.52000427246094,152.35000610351562,147.2100067138672,150.94000244140625,1683700,0.0,0.0
2021-12-03,153.0500030517578,155.0,149.07000732421875,150.55999755859375,1565300,0.0,0.0
2021-12-06,151.30999755859375,153.92999267578125,144.91000366210938,152.61000061035156,1926400,0.0,0.0
2021-12-07,154.27999877929688,159.8800048828125,154.27999877929688,159.11000061035156,1700200,0.0,0.0
2021-12-08,159.11000061035156,160.64999389648438,157.11000061035156,160.41000366210938,933100,0.0,0.0
2021-12-09,159.10000610351562,161.5399932861328,156.49000549316406,156.57000732421875,1059500,0.0,0.0
2021-12-10,159.5,159.94000244140625,154.77999877929688,159.75999450683594,1116100,0.0,0.0
2021-12-13,160.52999877929688,160.5500030517578,155.13999938964844,155.36000061035156,1520100,0.0,0.0
2021-12-14,153.88999938964844,156.30999755859375,152.02000427246094,155.94000244140625,1076300,0.0,0.0
2021-12-15,158.0,162.25999450683594,154.3000030517578,161.9600067138672,1482900,0.0,0.0
2021-12-16,162.6199951171875,163.02999877929688,156.14999389648438,158.3000030517578,2106900,0.0,0.0
2021-12-17,157.32000732421875,160.75,154.4199981689453,156.25999450683594,3282900,0.0,0.0
2021-12-20,155.08999633789062,158.1199951171875,154.89999389648438,155.7100067138672,2367200,0.0,0.0
2021-12-21,157.58999633789062,160.5500030517578,156.02000427246094,160.36000061035156,1338800,0.0,0.0
2021-12-22,159.25999450683594,160.99000549316406,158.82000732421875,160.89999389648438,1013900,0.0,0.0
2021-12-23,161.1199951171875,164.11000061035156,161.1199951171875,162.74000549316406,2040000,0.0,0.0
2021-12-27,164.0,168.91000366210938,163.5,168.55999755859375,1019200,0.0,0.0
2021-12-28,168.5,168.91000366210938,164.4499969482422,164.61000061035156,1107100,0.0,0.0
2021-12-29,164.77999877929688,167.44000244140625,164.77999877929688,166.77000427246094,569700,0.0,0.0
2021-12-30,166.77000427246094,166.77000427246094,163.33999633789062,163.72000122070312,932300,0.0,0.0
2021-12-31,164.5399932861328,165.85000610351562,163.3000030517578,163.52999877929688,1062700,0.0,0.0
2022-01-03,164.86000061035156,167.13999938964844,162.80999755859375,166.11000061035156,1724800,0.0,0.0
2022-01-04,166.14999389648438,167.2899932861328,160.42999267578125,166.3800048828125,1357400,0.0,0.0
2022-01-05,164.2100067138672,166.75,160.24000549316406,160.25,1904500,0.0,0.0
2022-01-06,159.7899932861328,164.7100067138672,158.7100067138672,163.47999572753906,1540900,0.0,0.0
